tx_id,payload_size,prompt_length,response_length,sample_index,batch_size,full_bytes,compact_bytes,saved_bytes,byte_reduction_ratio,full_onchain_calldata_total_gas,full_onchain_calldata_amortized_gas,full_onchain_calldata_reduction_ratio,compact_external_da_total_gas,compact_external_da_amortized_gas,compact_external_da_reduction_ratio,compact_eip4844_like_total_gas,compact_eip4844_like_amortized_gas,compact_eip4844_like_reduction_ratio,compact_modular_da_sampling_total_gas,compact_modular_da_sampling_amortized_gas,compact_modular_da_sampling_reduction_ratio
cost-p128-q64-s1,128,64,128,1,1,1505,406,1099,0.7302325581395349,24080.0,24080.0,0.0,9807.0,9807.0,0.5927325581395348,7850.5,7850.5,0.6739825581395349,7173.25,7173.25,0.7021075581395348
cost-p128-q64-s1,128,64,128,1,10,1505,406,1099,0.7302325581395349,24080.0,2408.0,0.0,9807.0,980.7,0.5927325581395348,7850.5,785.05,0.6739825581395349,7173.25,717.325,0.7021075581395348
cost-p128-q64-s1,128,64,128,1,100,1505,406,1099,0.7302325581395349,24080.0,240.8,0.0,9807.0,98.07,0.5927325581395348,7850.5,78.505,0.6739825581395349,7173.25,71.7325,0.7021075581395348
cost-p128-q64-s1,128,64,128,1,1000,1505,406,1099,0.7302325581395349,24080.0,24.08,0.0,9807.0,9.807,0.5927325581395348,7850.5,7.8505,0.6739825581395349,7173.25,7.17325,0.7021075581395348
cost-p128-q64-s2,128,64,128,2,1,1681,406,1275,0.7584770969660916,26896.0,26896.0,0.0,10194.2,10194.2,0.6209770969660916,8008.9,8008.9,0.7022270969660915,7252.45,7252.45,0.7303520969660916
cost-p128-q64-s2,128,64,128,2,10,1681,406,1275,0.7584770969660916,26896.0,2689.6,0.0,10194.2,1019.4200000000001,0.6209770969660916,8008.9,800.89,0.7022270969660915,7252.45,725.245,0.7303520969660916
cost-p128-q64-s2,128,64,128,2,100,1681,406,1275,0.7584770969660916,26896.0,268.96,0.0,10194.2,101.94200000000001,0.6209770969660916,8008.9,80.089,0.7022270969660915,7252.45,72.5245,0.7303520969660916
cost-p128-q64-s2,128,64,128,2,1000,1681,406,1275,0.7584770969660916,26896.0,26.896,0.0,10194.2,10.1942,0.6209770969660916,8008.9,8.008899999999999,0.7022270969660915,7252.45,7.25245,0.7303520969660916
cost-p128-q64-s3,128,64,128,3,1,1857,406,1451,0.7813677975228863,29712.0,29712.0,0.0,10581.400000000001,10581.400000000001,0.6438677975228864,8167.3,8167.3,0.7251177975228864,7331.65,7331.65,0.7532427975228864
cost-p128-q64-s3,128,64,128,3,10,1857,406,1451,0.7813677975228863,29712.0,2971.2,0.0,10581.400000000001,1058.14,0.6438677975228864,8167.3,816.73,0.7251177975228864,7331.65,733.165,0.7532427975228864
cost-p128-q64-s3,128,64,128,3,100,1857,406,1451,0.7813677975228863,29712.0,297.12,0.0,10581.400000000001,105.81400000000002,0.6438677975228864,8167.3,81.673,0.7251177975228864,7331.65,73.31649999999999,0.7532427975228864
cost-p128-q64-s3,128,64,128,3,1000,1857,406,1451,0.7813677975228863,29712.0,29.712,0.0,10581.400000000001,10.581400000000002,0.6438677975228864,8167.3,8.167300000000001,0.7251177975228864,7331.65,7.33165,0.7532427975228864
cost-p128-q64-s4,128,64,128,4,1,2033,406,1627,0.8002951303492376,32528.0,32528.0,0.0,10968.6,10968.6,0.6627951303492376,8325.7,8325.7,0.7440451303492376,7410.85,7410.85,0.7721701303492376
cost-p128-q64-s4,128,64,128,4,10,2033,406,1627,0.8002951303492376,32528.0,3252.8,0.0,10968.6,1096.8600000000001,0.6627951303492376,8325.7,832.57,0.7440451303492376,7410.85,741.085,0.7721701303492376
cost-p128-q64-s4,128,64,128,4,100,2033,406,1627,0.8002951303492376,32528.0,325.28,0.0,10968.6,109.686,0.6627951303492376,8325.7,83.257,0.7440451303492376,7410.85,74.1085,0.7721701303492376
cost-p128-q64-s4,128,64,128,4,1000,2033,406,1627,0.8002951303492376,32528.0,32.528,0.0,10968.6,10.9686,0.6627951303492376,8325.7,8.325700000000001,0.7440451303492376,7410.85,7.41085,0.7721701303492376
cost-p128-q64-s5,128,64,128,5,1,1329,406,923,0.6945071482317532,21264.0,21264.0,0.0,9419.8,9419.8,0.5570071482317532,7692.1,7692.1,0.6382571482317532,7094.05,7094.05,0.6663821482317532
cost-p128-q64-s5,128,64,128,5,10,1329,406,923,0.6945071482317532,21264.0,2126.4,0.0,9419.8,941.9799999999999,0.5570071482317532,7692.1,769.21,0.6382571482317532,7094.05,709.405,0.6663821482317532
cost-p128-q64-s5,128,64,128,5,100,1329,406,923,0.6945071482317532,21264.0,212.64,0.0,9419.8,94.198,0.5570071482317532,7692.1,76.921,0.6382571482317532,7094.05,70.9405,0.6663821482317532
cost-p128-q64-s5,128,64,128,5,1000,1329,406,923,0.6945071482317532,21264.0,21.264,0.0,9419.8,9.419799999999999,0.5570071482317532,7692.1,7.6921,0.6382571482317532,7094.05,7.09405,0.6663821482317532
cost-p128-q64-s6,128,64,128,6,1,1505,406,1099,0.7302325581395349,24080.0,24080.0,0.0,9807.0,9807.0,0.5927325581395348,7850.5,7850.5,0.6739825581395349,7173.25,7173.25,0.7021075581395348
cost-p128-q64-s6,128,64,128,6,10,1505,406,1099,0.7302325581395349,24080.0,2408.0,0.0,9807.0,980.7,0.5927325581395348,7850.5,785.05,0.6739825581395349,7173.25,717.325,0.7021075581395348
cost-p128-q64-s6,128,64,128,6,100,1505,406,1099,0.7302325581395349,24080.0,240.8,0.0,9807.0,98.07,0.5927325581395348,7850.5,78.505,0.6739825581395349,7173.25,71.7325,0.7021075581395348
cost-p128-q64-s6,128,64,128,6,1000,1505,406,1099,0.7302325581395349,24080.0,24.08,0.0,9807.0,9.807,0.5927325581395348,7850.5,7.8505,0.6739825581395349,7173.25,7.17325,0.7021075581395348
cost-p128-q64-s7,128,64,128,7,1,1681,406,1275,0.7584770969660916,26896.0,26896.0,0.0,10194.2,10194.2,0.6209770969660916,8008.9,8008.9,0.7022270969660915,7252.45,7252.45,0.7303520969660916
cost-p128-q64-s7,128,64,128,7,10,1681,406,1275,0.7584770969660916,26896.0,2689.6,0.0,10194.2,1019.4200000000001,0.6209770969660916,8008.9,800.89,0.7022270969660915,7252.45,725.245,0.7303520969660916
cost-p128-q64-s7,128,64,128,7,100,1681,406,1275,0.7584770969660916,26896.0,268.96,0.0,10194.2,101.94200000000001,0.6209770969660916,8008.9,80.089,0.7022270969660915,7252.45,72.5245,0.7303520969660916
cost-p128-q64-s7,128,64,128,7,1000,1681,406,1275,0.7584770969660916,26896.0,26.896,0.0,10194.2,10.1942,0.6209770969660916,8008.9,8.008899999999999,0.7022270969660915,7252.45,7.25245,0.7303520969660916
cost-p128-q64-s8,128,64,128,8,1,1857,406,1451,0.7813677975228863,29712.0,29712.0,0.0,10581.400000000001,10581.400000000001,0.6438677975228864,8167.3,8167.3,0.7251177975228864,7331.65,7331.65,0.7532427975228864
cost-p128-q64-s8,128,64,128,8,10,1857,406,1451,0.7813677975228863,29712.0,2971.2,0.0,10581.400000000001,1058.14,0.6438677975228864,8167.3,816.73,0.7251177975228864,7331.65,733.165,0.7532427975228864
cost-p128-q64-s8,128,64,128,8,100,1857,406,1451,0.7813677975228863,29712.0,297.12,0.0,10581.400000000001,105.81400000000002,0.6438677975228864,8167.3,81.673,0.7251177975228864,7331.65,73.31649999999999,0.7532427975228864
cost-p128-q64-s8,128,64,128,8,1000,1857,406,1451,0.7813677975228863,29712.0,29.712,0.0,10581.400000000001,10.581400000000002,0.6438677975228864,8167.3,8.167300000000001,0.7251177975228864,7331.65,7.33165,0.7532427975228864
cost-p128-q64-s9,128,64,128,9,1,2033,406,1627,0.8002951303492376,32528.0,32528.0,0.0,10968.6,10968.6,0.6627951303492376,8325.7,8325.7,0.7440451303492376,7410.85,7410.85,0.7721701303492376
cost-p128-q64-s9,128,64,128,9,10,2033,406,1627,0.8002951303492376,32528.0,3252.8,0.0,10968.6,1096.8600000000001,0.6627951303492376,8325.7,832.57,0.7440451303492376,7410.85,741.085,0.7721701303492376
cost-p128-q64-s9,128,64,128,9,100,2033,406,1627,0.8002951303492376,32528.0,325.28,0.0,10968.6,109.686,0.6627951303492376,8325.7,83.257,0.7440451303492376,7410.85,74.1085,0.7721701303492376
cost-p128-q64-s9,128,64,128,9,1000,2033,406,1627,0.8002951303492376,32528.0,32.528,0.0,10968.6,10.9686,0.6627951303492376,8325.7,8.325700000000001,0.7440451303492376,7410.85,7.41085,0.7721701303492376
cost-p128-q64-s10,128,64,128,10,1,1331,406,925,0.6949661908339594,21296.0,21296.0,0.0,9424.2,9424.2,0.5574661908339594,7693.9,7693.9,0.6387161908339595,7094.95,7094.95,0.6668411908339594
cost-p128-q64-s10,128,64,128,10,10,1331,406,925,0.6949661908339594,21296.0,2129.6,0.0,9424.2,942.4200000000001,0.5574661908339594,7693.9,769.39,0.6387161908339595,7094.95,709.495,0.6668411908339594
cost-p128-q64-s10,128,64,128,10,100,1331,406,925,0.6949661908339594,21296.0,212.96,0.0,9424.2,94.242,0.5574661908339594,7693.9,76.939,0.6387161908339595,7094.95,70.9495,0.6668411908339594
cost-p128-q64-s10,128,64,128,10,1000,1331,406,925,0.6949661908339594,21296.0,21.296,0.0,9424.2,9.4242,0.5574661908339594,7693.9,7.693899999999999,0.6387161908339595,7094.95,7.09495,0.6668411908339594
cost-p128-q64-s11,128,64,128,11,1,1507,406,1101,0.7305905773059058,24112.0,24112.0,0.0,9811.4,9811.4,0.5930905773059058,7852.3,7852.3,0.6743405773059058,7174.15,7174.15,0.7024655773059058
cost-p128-q64-s11,128,64,128,11,10,1507,406,1101,0.7305905773059058,24112.0,2411.2,0.0,9811.4,981.14,0.5930905773059058,7852.3,785.23,0.6743405773059058,7174.15,717.415,0.7024655773059058
cost-p128-q64-s11,128,64,128,11,100,1507,406,1101,0.7305905773059058,24112.0,241.12,0.0,9811.4,98.11399999999999,0.5930905773059058,7852.3,78.523,0.6743405773059058,7174.15,71.7415,0.7024655773059058
cost-p128-q64-s11,128,64,128,11,1000,1507,406,1101,0.7305905773059058,24112.0,24.112,0.0,9811.4,9.811399999999999,0.5930905773059058,7852.3,7.8523000000000005,0.6743405773059058,7174.15,7.17415,0.7024655773059058
cost-p128-q64-s12,128,64,128,12,1,1683,406,1277,0.7587641117052881,26928.0,26928.0,0.0,10198.6,10198.6,0.6212641117052883,8010.7,8010.7,0.7025141117052881,7253.35,7253.35,0.7306391117052883
cost-p128-q64-s12,128,64,128,12,10,1683,406,1277,0.7587641117052881,26928.0,2692.8,0.0,10198.6,1019.86,0.6212641117052883,8010.7,801.0699999999999,0.7025141117052881,7253.35,725.335,0.7306391117052883
cost-p128-q64-s12,128,64,128,12,100,1683,406,1277,0.7587641117052881,26928.0,269.28,0.0,10198.6,101.986,0.6212641117052883,8010.7,80.107,0.7025141117052881,7253.35,72.5335,0.7306391117052883
cost-p128-q64-s12,128,64,128,12,1000,1683,406,1277,0.7587641117052881,26928.0,26.928,0.0,10198.6,10.1986,0.6212641117052883,8010.7,8.0107,0.7025141117052881,7253.35,7.25335,0.7306391117052883
cost-p128-q64-s13,128,64,128,13,1,1859,406,1453,0.7816030123722432,29744.0,29744.0,0.0,10585.8,10585.8,0.6441030123722432,8169.1,8169.1,0.7253530123722431,7332.55,7332.55,0.7534780123722432
cost-p128-q64-s13,128,64,128,13,10,1859,406,1453,0.7816030123722432,29744.0,2974.4,0.0,10585.8,1058.58,0.6441030123722432,8169.1,816.9100000000001,0.7253530123722431,7332.55,733.255,0.7534780123722432
cost-p128-q64-s13,128,64,128,13,100,1859,406,1453,0.7816030123722432,29744.0,297.44,0.0,10585.8,105.85799999999999,0.6441030123722432,8169.1,81.691,0.7253530123722431,7332.55,73.3255,0.7534780123722432
cost-p128-q64-s13,128,64,128,13,1000,1859,406,1453,0.7816030123722432,29744.0,29.744,0.0,10585.8,10.585799999999999,0.6441030123722432,8169.1,8.1691,0.7253530123722431,7332.55,7.33255,0.7534780123722432
cost-p128-q64-s14,128,64,128,14,1,2035,406,1629,0.8004914004914004,32560.0,32560.0,0.0,10973.0,10973.0,0.6629914004914005,8327.5,8327.5,0.7442414004914005,7411.75,7411.75,0.7723664004914005
cost-p128-q64-s14,128,64,128,14,10,2035,406,1629,0.8004914004914004,32560.0,3256.0,0.0,10973.0,1097.3,0.6629914004914005,8327.5,832.75,0.7442414004914005,7411.75,741.175,0.7723664004914005
cost-p128-q64-s14,128,64,128,14,100,2035,406,1629,0.8004914004914004,32560.0,325.6,0.0,10973.0,109.73,0.6629914004914005,8327.5,83.275,0.7442414004914005,7411.75,74.1175,0.7723664004914005
cost-p128-q64-s14,128,64,128,14,1000,2035,406,1629,0.8004914004914004,32560.0,32.56,0.0,10973.0,10.973,0.6629914004914005,8327.5,8.3275,0.7442414004914005,7411.75,7.41175,0.7723664004914005
cost-p128-q64-s15,128,64,128,15,1,1331,406,925,0.6949661908339594,21296.0,21296.0,0.0,9424.2,9424.2,0.5574661908339594,7693.9,7693.9,0.6387161908339595,7094.95,7094.95,0.6668411908339594
cost-p128-q64-s15,128,64,128,15,10,1331,406,925,0.6949661908339594,21296.0,2129.6,0.0,9424.2,942.4200000000001,0.5574661908339594,7693.9,769.39,0.6387161908339595,7094.95,709.495,0.6668411908339594
cost-p128-q64-s15,128,64,128,15,100,1331,406,925,0.6949661908339594,21296.0,212.96,0.0,9424.2,94.242,0.5574661908339594,7693.9,76.939,0.6387161908339595,7094.95,70.9495,0.6668411908339594
cost-p128-q64-s15,128,64,128,15,1000,1331,406,925,0.6949661908339594,21296.0,21.296,0.0,9424.2,9.4242,0.5574661908339594,7693.9,7.693899999999999,0.6387161908339595,7094.95,7.09495,0.6668411908339594
cost-p128-q64-s16,128,64,128,16,1,1507,406,1101,0.7305905773059058,24112.0,24112.0,0.0,9811.4,9811.4,0.5930905773059058,7852.3,7852.3,0.6743405773059058,7174.15,7174.15,0.7024655773059058
cost-p128-q64-s16,128,64,128,16,10,1507,406,1101,0.7305905773059058,24112.0,2411.2,0.0,9811.4,981.14,0.5930905773059058,7852.3,785.23,0.6743405773059058,7174.15,717.415,0.7024655773059058
cost-p128-q64-s16,128,64,128,16,100,1507,406,1101,0.7305905773059058,24112.0,241.12,0.0,9811.4,98.11399999999999,0.5930905773059058,7852.3,78.523,0.6743405773059058,7174.15,71.7415,0.7024655773059058
cost-p128-q64-s16,128,64,128,16,1000,1507,406,1101,0.7305905773059058,24112.0,24.112,0.0,9811.4,9.811399999999999,0.5930905773059058,7852.3,7.8523000000000005,0.6743405773059058,7174.15,7.17415,0.7024655773059058
cost-p128-q64-s17,128,64,128,17,1,1683,406,1277,0.7587641117052881,26928.0,26928.0,0.0,10198.6,10198.6,0.6212641117052883,8010.7,8010.7,0.7025141117052881,7253.35,7253.35,0.7306391117052883
cost-p128-q64-s17,128,64,128,17,10,1683,406,1277,0.7587641117052881,26928.0,2692.8,0.0,10198.6,1019.86,0.6212641117052883,8010.7,801.0699999999999,0.7025141117052881,7253.35,725.335,0.7306391117052883
cost-p128-q64-s17,128,64,128,17,100,1683,406,1277,0.7587641117052881,26928.0,269.28,0.0,10198.6,101.986,0.6212641117052883,8010.7,80.107,0.7025141117052881,7253.35,72.5335,0.7306391117052883
cost-p128-q64-s17,128,64,128,17,1000,1683,406,1277,0.7587641117052881,26928.0,26.928,0.0,10198.6,10.1986,0.6212641117052883,8010.7,8.0107,0.7025141117052881,7253.35,7.25335,0.7306391117052883
cost-p128-q64-s18,128,64,128,18,1,1859,406,1453,0.7816030123722432,29744.0,29744.0,0.0,10585.8,10585.8,0.6441030123722432,8169.1,8169.1,0.7253530123722431,7332.55,7332.55,0.7534780123722432
cost-p128-q64-s18,128,64,128,18,10,1859,406,1453,0.7816030123722432,29744.0,2974.4,0.0,10585.8,1058.58,0.6441030123722432,8169.1,816.9100000000001,0.7253530123722431,7332.55,733.255,0.7534780123722432
cost-p128-q64-s18,128,64,128,18,100,1859,406,1453,0.7816030123722432,29744.0,297.44,0.0,10585.8,105.85799999999999,0.6441030123722432,8169.1,81.691,0.7253530123722431,7332.55,73.3255,0.7534780123722432
cost-p128-q64-s18,128,64,128,18,1000,1859,406,1453,0.7816030123722432,29744.0,29.744,0.0,10585.8,10.585799999999999,0.6441030123722432,8169.1,8.1691,0.7253530123722431,7332.55,7.33255,0.7534780123722432
cost-p128-q64-s19,128,64,128,19,1,2035,406,1629,0.8004914004914004,32560.0,32560.0,0.0,10973.0,10973.0,0.6629914004914005,8327.5,8327.5,0.7442414004914005,7411.75,7411.75,0.7723664004914005
cost-p128-q64-s19,128,64,128,19,10,2035,406,1629,0.8004914004914004,32560.0,3256.0,0.0,10973.0,1097.3,0.6629914004914005,8327.5,832.75,0.7442414004914005,7411.75,741.175,0.7723664004914005
cost-p128-q64-s19,128,64,128,19,100,2035,406,1629,0.8004914004914004,32560.0,325.6,0.0,10973.0,109.73,0.6629914004914005,8327.5,83.275,0.7442414004914005,7411.75,74.1175,0.7723664004914005
cost-p128-q64-s19,128,64,128,19,1000,2035,406,1629,0.8004914004914004,32560.0,32.56,0.0,10973.0,10.973,0.6629914004914005,8327.5,8.3275,0.7442414004914005,7411.75,7.41175,0.7723664004914005
cost-p128-q64-s20,128,64,128,20,1,1331,406,925,0.6949661908339594,21296.0,21296.0,0.0,9424.2,9424.2,0.5574661908339594,7693.9,7693.9,0.6387161908339595,7094.95,7094.95,0.6668411908339594
cost-p128-q64-s20,128,64,128,20,10,1331,406,925,0.6949661908339594,21296.0,2129.6,0.0,9424.2,942.4200000000001,0.5574661908339594,7693.9,769.39,0.6387161908339595,7094.95,709.495,0.6668411908339594
cost-p128-q64-s20,128,64,128,20,100,1331,406,925,0.6949661908339594,21296.0,212.96,0.0,9424.2,94.242,0.5574661908339594,7693.9,76.939,0.6387161908339595,7094.95,70.9495,0.6668411908339594
cost-p128-q64-s20,128,64,128,20,1000,1331,406,925,0.6949661908339594,21296.0,21.296,0.0,9424.2,9.4242,0.5574661908339594,7693.9,7.693899999999999,0.6387161908339595,7094.95,7.09495,0.6668411908339594
cost-p128-q64-s21,128,64,128,21,1,1507,406,1101,0.7305905773059058,24112.0,24112.0,0.0,9811.4,9811.4,0.5930905773059058,7852.3,7852.3,0.6743405773059058,7174.15,7174.15,0.7024655773059058
cost-p128-q64-s21,128,64,128,21,10,1507,406,1101,0.7305905773059058,24112.0,2411.2,0.0,9811.4,981.14,0.5930905773059058,7852.3,785.23,0.6743405773059058,7174.15,717.415,0.7024655773059058
cost-p128-q64-s21,128,64,128,21,100,1507,406,1101,0.7305905773059058,24112.0,241.12,0.0,9811.4,98.11399999999999,0.5930905773059058,7852.3,78.523,0.6743405773059058,7174.15,71.7415,0.7024655773059058
cost-p128-q64-s21,128,64,128,21,1000,1507,406,1101,0.7305905773059058,24112.0,24.112,0.0,9811.4,9.811399999999999,0.5930905773059058,7852.3,7.8523000000000005,0.6743405773059058,7174.15,7.17415,0.7024655773059058
cost-p128-q64-s22,128,64,128,22,1,1683,406,1277,0.7587641117052881,26928.0,26928.0,0.0,10198.6,10198.6,0.6212641117052883,8010.7,8010.7,0.7025141117052881,7253.35,7253.35,0.7306391117052883
cost-p128-q64-s22,128,64,128,22,10,1683,406,1277,0.7587641117052881,26928.0,2692.8,0.0,10198.6,1019.86,0.6212641117052883,8010.7,801.0699999999999,0.7025141117052881,7253.35,725.335,0.7306391117052883
cost-p128-q64-s22,128,64,128,22,100,1683,406,1277,0.7587641117052881,26928.0,269.28,0.0,10198.6,101.986,0.6212641117052883,8010.7,80.107,0.7025141117052881,7253.35,72.5335,0.7306391117052883
cost-p128-q64-s22,128,64,128,22,1000,1683,406,1277,0.7587641117052881,26928.0,26.928,0.0,10198.6,10.1986,0.6212641117052883,8010.7,8.0107,0.7025141117052881,7253.35,7.25335,0.7306391117052883
cost-p128-q64-s23,128,64,128,23,1,1859,406,1453,0.7816030123722432,29744.0,29744.0,0.0,10585.8,10585.8,0.6441030123722432,8169.1,8169.1,0.7253530123722431,7332.55,7332.55,0.7534780123722432
cost-p128-q64-s23,128,64,128,23,10,1859,406,1453,0.7816030123722432,29744.0,2974.4,0.0,10585.8,1058.58,0.6441030123722432,8169.1,816.9100000000001,0.7253530123722431,7332.55,733.255,0.7534780123722432
cost-p128-q64-s23,128,64,128,23,100,1859,406,1453,0.7816030123722432,29744.0,297.44,0.0,10585.8,105.85799999999999,0.6441030123722432,8169.1,81.691,0.7253530123722431,7332.55,73.3255,0.7534780123722432
cost-p128-q64-s23,128,64,128,23,1000,1859,406,1453,0.7816030123722432,29744.0,29.744,0.0,10585.8,10.585799999999999,0.6441030123722432,8169.1,8.1691,0.7253530123722431,7332.55,7.33255,0.7534780123722432
cost-p128-q64-s24,128,64,128,24,1,2035,406,1629,0.8004914004914004,32560.0,32560.0,0.0,10973.0,10973.0,0.6629914004914005,8327.5,8327.5,0.7442414004914005,7411.75,7411.75,0.7723664004914005
cost-p128-q64-s24,128,64,128,24,10,2035,406,1629,0.8004914004914004,32560.0,3256.0,0.0,10973.0,1097.3,0.6629914004914005,8327.5,832.75,0.7442414004914005,7411.75,741.175,0.7723664004914005
cost-p128-q64-s24,128,64,128,24,100,2035,406,1629,0.8004914004914004,32560.0,325.6,0.0,10973.0,109.73,0.6629914004914005,8327.5,83.275,0.7442414004914005,7411.75,74.1175,0.7723664004914005
cost-p128-q64-s24,128,64,128,24,1000,2035,406,1629,0.8004914004914004,32560.0,32.56,0.0,10973.0,10.973,0.6629914004914005,8327.5,8.3275,0.7442414004914005,7411.75,7.41175,0.7723664004914005
cost-p128-q64-s25,128,64,128,25,1,1331,406,925,0.6949661908339594,21296.0,21296.0,0.0,9424.2,9424.2,0.5574661908339594,7693.9,7693.9,0.6387161908339595,7094.95,7094.95,0.6668411908339594
cost-p128-q64-s25,128,64,128,25,10,1331,406,925,0.6949661908339594,21296.0,2129.6,0.0,9424.2,942.4200000000001,0.5574661908339594,7693.9,769.39,0.6387161908339595,7094.95,709.495,0.6668411908339594
cost-p128-q64-s25,128,64,128,25,100,1331,406,925,0.6949661908339594,21296.0,212.96,0.0,9424.2,94.242,0.5574661908339594,7693.9,76.939,0.6387161908339595,7094.95,70.9495,0.6668411908339594
cost-p128-q64-s25,128,64,128,25,1000,1331,406,925,0.6949661908339594,21296.0,21.296,0.0,9424.2,9.4242,0.5574661908339594,7693.9,7.693899999999999,0.6387161908339595,7094.95,7.09495,0.6668411908339594
cost-p128-q64-s26,128,64,128,26,1,1507,406,1101,0.7305905773059058,24112.0,24112.0,0.0,9811.4,9811.4,0.5930905773059058,7852.3,7852.3,0.6743405773059058,7174.15,7174.15,0.7024655773059058
cost-p128-q64-s26,128,64,128,26,10,1507,406,1101,0.7305905773059058,24112.0,2411.2,0.0,9811.4,981.14,0.5930905773059058,7852.3,785.23,0.6743405773059058,7174.15,717.415,0.7024655773059058
cost-p128-q64-s26,128,64,128,26,100,1507,406,1101,0.7305905773059058,24112.0,241.12,0.0,9811.4,98.11399999999999,0.5930905773059058,7852.3,78.523,0.6743405773059058,7174.15,71.7415,0.7024655773059058
cost-p128-q64-s26,128,64,128,26,1000,1507,406,1101,0.7305905773059058,24112.0,24.112,0.0,9811.4,9.811399999999999,0.5930905773059058,7852.3,7.8523000000000005,0.6743405773059058,7174.15,7.17415,0.7024655773059058
cost-p128-q64-s27,128,64,128,27,1,1683,406,1277,0.7587641117052881,26928.0,26928.0,0.0,10198.6,10198.6,0.6212641117052883,8010.7,8010.7,0.7025141117052881,7253.35,7253.35,0.7306391117052883
cost-p128-q64-s27,128,64,128,27,10,1683,406,1277,0.7587641117052881,26928.0,2692.8,0.0,10198.6,1019.86,0.6212641117052883,8010.7,801.0699999999999,0.7025141117052881,7253.35,725.335,0.7306391117052883
cost-p128-q64-s27,128,64,128,27,100,1683,406,1277,0.7587641117052881,26928.0,269.28,0.0,10198.6,101.986,0.6212641117052883,8010.7,80.107,0.7025141117052881,7253.35,72.5335,0.7306391117052883
cost-p128-q64-s27,128,64,128,27,1000,1683,406,1277,0.7587641117052881,26928.0,26.928,0.0,10198.6,10.1986,0.6212641117052883,8010.7,8.0107,0.7025141117052881,7253.35,7.25335,0.7306391117052883
cost-p128-q64-s28,128,64,128,28,1,1859,406,1453,0.7816030123722432,29744.0,29744.0,0.0,10585.8,10585.8,0.6441030123722432,8169.1,8169.1,0.7253530123722431,7332.55,7332.55,0.7534780123722432
cost-p128-q64-s28,128,64,128,28,10,1859,406,1453,0.7816030123722432,29744.0,2974.4,0.0,10585.8,1058.58,0.6441030123722432,8169.1,816.9100000000001,0.7253530123722431,7332.55,733.255,0.7534780123722432
cost-p128-q64-s28,128,64,128,28,100,1859,406,1453,0.7816030123722432,29744.0,297.44,0.0,10585.8,105.85799999999999,0.6441030123722432,8169.1,81.691,0.7253530123722431,7332.55,73.3255,0.7534780123722432
cost-p128-q64-s28,128,64,128,28,1000,1859,406,1453,0.7816030123722432,29744.0,29.744,0.0,10585.8,10.585799999999999,0.6441030123722432,8169.1,8.1691,0.7253530123722431,7332.55,7.33255,0.7534780123722432
cost-p128-q64-s29,128,64,128,29,1,2035,406,1629,0.8004914004914004,32560.0,32560.0,0.0,10973.0,10973.0,0.6629914004914005,8327.5,8327.5,0.7442414004914005,7411.75,7411.75,0.7723664004914005
cost-p128-q64-s29,128,64,128,29,10,2035,406,1629,0.8004914004914004,32560.0,3256.0,0.0,10973.0,1097.3,0.6629914004914005,8327.5,832.75,0.7442414004914005,7411.75,741.175,0.7723664004914005
cost-p128-q64-s29,128,64,128,29,100,2035,406,1629,0.8004914004914004,32560.0,325.6,0.0,10973.0,109.73,0.6629914004914005,8327.5,83.275,0.7442414004914005,7411.75,74.1175,0.7723664004914005
cost-p128-q64-s29,128,64,128,29,1000,2035,406,1629,0.8004914004914004,32560.0,32.56,0.0,10973.0,10.973,0.6629914004914005,8327.5,8.3275,0.7442414004914005,7411.75,7.41175,0.7723664004914005
cost-p128-q64-s30,128,64,128,30,1,1331,406,925,0.6949661908339594,21296.0,21296.0,0.0,9424.2,9424.2,0.5574661908339594,7693.9,7693.9,0.6387161908339595,7094.95,7094.95,0.6668411908339594
cost-p128-q64-s30,128,64,128,30,10,1331,406,925,0.6949661908339594,21296.0,2129.6,0.0,9424.2,942.4200000000001,0.5574661908339594,7693.9,769.39,0.6387161908339595,7094.95,709.495,0.6668411908339594
cost-p128-q64-s30,128,64,128,30,100,1331,406,925,0.6949661908339594,21296.0,212.96,0.0,9424.2,94.242,0.5574661908339594,7693.9,76.939,0.6387161908339595,7094.95,70.9495,0.6668411908339594
cost-p128-q64-s30,128,64,128,30,1000,1331,406,925,0.6949661908339594,21296.0,21.296,0.0,9424.2,9.4242,0.5574661908339594,7693.9,7.693899999999999,0.6387161908339595,7094.95,7.09495,0.6668411908339594
cost-p128-q64-s31,128,64,128,31,1,1507,406,1101,0.7305905773059058,24112.0,24112.0,0.0,9811.4,9811.4,0.5930905773059058,7852.3,7852.3,0.6743405773059058,7174.15,7174.15,0.7024655773059058
cost-p128-q64-s31,128,64,128,31,10,1507,406,1101,0.7305905773059058,24112.0,2411.2,0.0,9811.4,981.14,0.5930905773059058,7852.3,785.23,0.6743405773059058,7174.15,717.415,0.7024655773059058
cost-p128-q64-s31,128,64,128,31,100,1507,406,1101,0.7305905773059058,24112.0,241.12,0.0,9811.4,98.11399999999999,0.5930905773059058,7852.3,78.523,0.6743405773059058,7174.15,71.7415,0.7024655773059058
cost-p128-q64-s31,128,64,128,31,1000,1507,406,1101,0.7305905773059058,24112.0,24.112,0.0,9811.4,9.811399999999999,0.5930905773059058,7852.3,7.8523000000000005,0.6743405773059058,7174.15,7.17415,0.7024655773059058
cost-p128-q64-s32,128,64,128,32,1,1683,406,1277,0.7587641117052881,26928.0,26928.0,0.0,10198.6,10198.6,0.6212641117052883,8010.7,8010.7,0.7025141117052881,7253.35,7253.35,0.7306391117052883
cost-p128-q64-s32,128,64,128,32,10,1683,406,1277,0.7587641117052881,26928.0,2692.8,0.0,10198.6,1019.86,0.6212641117052883,8010.7,801.0699999999999,0.7025141117052881,7253.35,725.335,0.7306391117052883
cost-p128-q64-s32,128,64,128,32,100,1683,406,1277,0.7587641117052881,26928.0,269.28,0.0,10198.6,101.986,0.6212641117052883,8010.7,80.107,0.7025141117052881,7253.35,72.5335,0.7306391117052883
cost-p128-q64-s32,128,64,128,32,1000,1683,406,1277,0.7587641117052881,26928.0,26.928,0.0,10198.6,10.1986,0.6212641117052883,8010.7,8.0107,0.7025141117052881,7253.35,7.25335,0.7306391117052883
cost-p128-q64-s33,128,64,128,33,1,1859,406,1453,0.7816030123722432,29744.0,29744.0,0.0,10585.8,10585.8,0.6441030123722432,8169.1,8169.1,0.7253530123722431,7332.55,7332.55,0.7534780123722432
cost-p128-q64-s33,128,64,128,33,10,1859,406,1453,0.7816030123722432,29744.0,2974.4,0.0,10585.8,1058.58,0.6441030123722432,8169.1,816.9100000000001,0.7253530123722431,7332.55,733.255,0.7534780123722432
cost-p128-q64-s33,128,64,128,33,100,1859,406,1453,0.7816030123722432,29744.0,297.44,0.0,10585.8,105.85799999999999,0.6441030123722432,8169.1,81.691,0.7253530123722431,7332.55,73.3255,0.7534780123722432
cost-p128-q64-s33,128,64,128,33,1000,1859,406,1453,0.7816030123722432,29744.0,29.744,0.0,10585.8,10.585799999999999,0.6441030123722432,8169.1,8.1691,0.7253530123722431,7332.55,7.33255,0.7534780123722432
cost-p128-q64-s34,128,64,128,34,1,2035,406,1629,0.8004914004914004,32560.0,32560.0,0.0,10973.0,10973.0,0.6629914004914005,8327.5,8327.5,0.7442414004914005,7411.75,7411.75,0.7723664004914005
cost-p128-q64-s34,128,64,128,34,10,2035,406,1629,0.8004914004914004,32560.0,3256.0,0.0,10973.0,1097.3,0.6629914004914005,8327.5,832.75,0.7442414004914005,7411.75,741.175,0.7723664004914005
cost-p128-q64-s34,128,64,128,34,100,2035,406,1629,0.8004914004914004,32560.0,325.6,0.0,10973.0,109.73,0.6629914004914005,8327.5,83.275,0.7442414004914005,7411.75,74.1175,0.7723664004914005
cost-p128-q64-s34,128,64,128,34,1000,2035,406,1629,0.8004914004914004,32560.0,32.56,0.0,10973.0,10.973,0.6629914004914005,8327.5,8.3275,0.7442414004914005,7411.75,7.41175,0.7723664004914005
cost-p128-q64-s35,128,64,128,35,1,1331,406,925,0.6949661908339594,21296.0,21296.0,0.0,9424.2,9424.2,0.5574661908339594,7693.9,7693.9,0.6387161908339595,7094.95,7094.95,0.6668411908339594
cost-p128-q64-s35,128,64,128,35,10,1331,406,925,0.6949661908339594,21296.0,2129.6,0.0,9424.2,942.4200000000001,0.5574661908339594,7693.9,769.39,0.6387161908339595,7094.95,709.495,0.6668411908339594
cost-p128-q64-s35,128,64,128,35,100,1331,406,925,0.6949661908339594,21296.0,212.96,0.0,9424.2,94.242,0.5574661908339594,7693.9,76.939,0.6387161908339595,7094.95,70.9495,0.6668411908339594
cost-p128-q64-s35,128,64,128,35,1000,1331,406,925,0.6949661908339594,21296.0,21.296,0.0,9424.2,9.4242,0.5574661908339594,7693.9,7.693899999999999,0.6387161908339595,7094.95,7.09495,0.6668411908339594
cost-p128-q64-s36,128,64,128,36,1,1507,406,1101,0.7305905773059058,24112.0,24112.0,0.0,9811.4,9811.4,0.5930905773059058,7852.3,7852.3,0.6743405773059058,7174.15,7174.15,0.7024655773059058
cost-p128-q64-s36,128,64,128,36,10,1507,406,1101,0.7305905773059058,24112.0,2411.2,0.0,9811.4,981.14,0.5930905773059058,7852.3,785.23,0.6743405773059058,7174.15,717.415,0.7024655773059058
cost-p128-q64-s36,128,64,128,36,100,1507,406,1101,0.7305905773059058,24112.0,241.12,0.0,9811.4,98.11399999999999,0.5930905773059058,7852.3,78.523,0.6743405773059058,7174.15,71.7415,0.7024655773059058
cost-p128-q64-s36,128,64,128,36,1000,1507,406,1101,0.7305905773059058,24112.0,24.112,0.0,9811.4,9.811399999999999,0.5930905773059058,7852.3,7.8523000000000005,0.6743405773059058,7174.15,7.17415,0.7024655773059058
cost-p128-q64-s37,128,64,128,37,1,1683,406,1277,0.7587641117052881,26928.0,26928.0,0.0,10198.6,10198.6,0.6212641117052883,8010.7,8010.7,0.7025141117052881,7253.35,7253.35,0.7306391117052883
cost-p128-q64-s37,128,64,128,37,10,1683,406,1277,0.7587641117052881,26928.0,2692.8,0.0,10198.6,1019.86,0.6212641117052883,8010.7,801.0699999999999,0.7025141117052881,7253.35,725.335,0.7306391117052883
cost-p128-q64-s37,128,64,128,37,100,1683,406,1277,0.7587641117052881,26928.0,269.28,0.0,10198.6,101.986,0.6212641117052883,8010.7,80.107,0.7025141117052881,7253.35,72.5335,0.7306391117052883
cost-p128-q64-s37,128,64,128,37,1000,1683,406,1277,0.7587641117052881,26928.0,26.928,0.0,10198.6,10.1986,0.6212641117052883,8010.7,8.0107,0.7025141117052881,7253.35,7.25335,0.7306391117052883
cost-p128-q64-s38,128,64,128,38,1,1859,406,1453,0.7816030123722432,29744.0,29744.0,0.0,10585.8,10585.8,0.6441030123722432,8169.1,8169.1,0.7253530123722431,7332.55,7332.55,0.7534780123722432
cost-p128-q64-s38,128,64,128,38,10,1859,406,1453,0.7816030123722432,29744.0,2974.4,0.0,10585.8,1058.58,0.6441030123722432,8169.1,816.9100000000001,0.7253530123722431,7332.55,733.255,0.7534780123722432
cost-p128-q64-s38,128,64,128,38,100,1859,406,1453,0.7816030123722432,29744.0,297.44,0.0,10585.8,105.85799999999999,0.6441030123722432,8169.1,81.691,0.7253530123722431,7332.55,73.3255,0.7534780123722432
cost-p128-q64-s38,128,64,128,38,1000,1859,406,1453,0.7816030123722432,29744.0,29.744,0.0,10585.8,10.585799999999999,0.6441030123722432,8169.1,8.1691,0.7253530123722431,7332.55,7.33255,0.7534780123722432
cost-p128-q64-s39,128,64,128,39,1,2035,406,1629,0.8004914004914004,32560.0,32560.0,0.0,10973.0,10973.0,0.6629914004914005,8327.5,8327.5,0.7442414004914005,7411.75,7411.75,0.7723664004914005
cost-p128-q64-s39,128,64,128,39,10,2035,406,1629,0.8004914004914004,32560.0,3256.0,0.0,10973.0,1097.3,0.6629914004914005,8327.5,832.75,0.7442414004914005,7411.75,741.175,0.7723664004914005
cost-p128-q64-s39,128,64,128,39,100,2035,406,1629,0.8004914004914004,32560.0,325.6,0.0,10973.0,109.73,0.6629914004914005,8327.5,83.275,0.7442414004914005,7411.75,74.1175,0.7723664004914005
cost-p128-q64-s39,128,64,128,39,1000,2035,406,1629,0.8004914004914004,32560.0,32.56,0.0,10973.0,10.973,0.6629914004914005,8327.5,8.3275,0.7442414004914005,7411.75,7.41175,0.7723664004914005
cost-p128-q64-s40,128,64,128,40,1,1331,406,925,0.6949661908339594,21296.0,21296.0,0.0,9424.2,9424.2,0.5574661908339594,7693.9,7693.9,0.6387161908339595,7094.95,7094.95,0.6668411908339594
cost-p128-q64-s40,128,64,128,40,10,1331,406,925,0.6949661908339594,21296.0,2129.6,0.0,9424.2,942.4200000000001,0.5574661908339594,7693.9,769.39,0.6387161908339595,7094.95,709.495,0.6668411908339594
cost-p128-q64-s40,128,64,128,40,100,1331,406,925,0.6949661908339594,21296.0,212.96,0.0,9424.2,94.242,0.5574661908339594,7693.9,76.939,0.6387161908339595,7094.95,70.9495,0.6668411908339594
cost-p128-q64-s40,128,64,128,40,1000,1331,406,925,0.6949661908339594,21296.0,21.296,0.0,9424.2,9.4242,0.5574661908339594,7693.9,7.693899999999999,0.6387161908339595,7094.95,7.09495,0.6668411908339594
cost-p128-q64-s41,128,64,128,41,1,1507,406,1101,0.7305905773059058,24112.0,24112.0,0.0,9811.4,9811.4,0.5930905773059058,7852.3,7852.3,0.6743405773059058,7174.15,7174.15,0.7024655773059058
cost-p128-q64-s41,128,64,128,41,10,1507,406,1101,0.7305905773059058,24112.0,2411.2,0.0,9811.4,981.14,0.5930905773059058,7852.3,785.23,0.6743405773059058,7174.15,717.415,0.7024655773059058
cost-p128-q64-s41,128,64,128,41,100,1507,406,1101,0.7305905773059058,24112.0,241.12,0.0,9811.4,98.11399999999999,0.5930905773059058,7852.3,78.523,0.6743405773059058,7174.15,71.7415,0.7024655773059058
cost-p128-q64-s41,128,64,128,41,1000,1507,406,1101,0.7305905773059058,24112.0,24.112,0.0,9811.4,9.811399999999999,0.5930905773059058,7852.3,7.8523000000000005,0.6743405773059058,7174.15,7.17415,0.7024655773059058
cost-p128-q64-s42,128,64,128,42,1,1683,406,1277,0.7587641117052881,26928.0,26928.0,0.0,10198.6,10198.6,0.6212641117052883,8010.7,8010.7,0.7025141117052881,7253.35,7253.35,0.7306391117052883
cost-p128-q64-s42,128,64,128,42,10,1683,406,1277,0.7587641117052881,26928.0,2692.8,0.0,10198.6,1019.86,0.6212641117052883,8010.7,801.0699999999999,0.7025141117052881,7253.35,725.335,0.7306391117052883
cost-p128-q64-s42,128,64,128,42,100,1683,406,1277,0.7587641117052881,26928.0,269.28,0.0,10198.6,101.986,0.6212641117052883,8010.7,80.107,0.7025141117052881,7253.35,72.5335,0.7306391117052883
cost-p128-q64-s42,128,64,128,42,1000,1683,406,1277,0.7587641117052881,26928.0,26.928,0.0,10198.6,10.1986,0.6212641117052883,8010.7,8.0107,0.7025141117052881,7253.35,7.25335,0.7306391117052883
cost-p128-q64-s43,128,64,128,43,1,1859,406,1453,0.7816030123722432,29744.0,29744.0,0.0,10585.8,10585.8,0.6441030123722432,8169.1,8169.1,0.7253530123722431,7332.55,7332.55,0.7534780123722432
cost-p128-q64-s43,128,64,128,43,10,1859,406,1453,0.7816030123722432,29744.0,2974.4,0.0,10585.8,1058.58,0.6441030123722432,8169.1,816.9100000000001,0.7253530123722431,7332.55,733.255,0.7534780123722432
cost-p128-q64-s43,128,64,128,43,100,1859,406,1453,0.7816030123722432,29744.0,297.44,0.0,10585.8,105.85799999999999,0.6441030123722432,8169.1,81.691,0.7253530123722431,7332.55,73.3255,0.7534780123722432
cost-p128-q64-s43,128,64,128,43,1000,1859,406,1453,0.7816030123722432,29744.0,29.744,0.0,10585.8,10.585799999999999,0.6441030123722432,8169.1,8.1691,0.7253530123722431,7332.55,7.33255,0.7534780123722432
cost-p128-q64-s44,128,64,128,44,1,2035,406,1629,0.8004914004914004,32560.0,32560.0,0.0,10973.0,10973.0,0.6629914004914005,8327.5,8327.5,0.7442414004914005,7411.75,7411.75,0.7723664004914005
cost-p128-q64-s44,128,64,128,44,10,2035,406,1629,0.8004914004914004,32560.0,3256.0,0.0,10973.0,1097.3,0.6629914004914005,8327.5,832.75,0.7442414004914005,7411.75,741.175,0.7723664004914005
cost-p128-q64-s44,128,64,128,44,100,2035,406,1629,0.8004914004914004,32560.0,325.6,0.0,10973.0,109.73,0.6629914004914005,8327.5,83.275,0.7442414004914005,7411.75,74.1175,0.7723664004914005
cost-p128-q64-s44,128,64,128,44,1000,2035,406,1629,0.8004914004914004,32560.0,32.56,0.0,10973.0,10.973,0.6629914004914005,8327.5,8.3275,0.7442414004914005,7411.75,7.41175,0.7723664004914005
cost-p128-q64-s45,128,64,128,45,1,1331,406,925,0.6949661908339594,21296.0,21296.0,0.0,9424.2,9424.2,0.5574661908339594,7693.9,7693.9,0.6387161908339595,7094.95,7094.95,0.6668411908339594
cost-p128-q64-s45,128,64,128,45,10,1331,406,925,0.6949661908339594,21296.0,2129.6,0.0,9424.2,942.4200000000001,0.5574661908339594,7693.9,769.39,0.6387161908339595,7094.95,709.495,0.6668411908339594
cost-p128-q64-s45,128,64,128,45,100,1331,406,925,0.6949661908339594,21296.0,212.96,0.0,9424.2,94.242,0.5574661908339594,7693.9,76.939,0.6387161908339595,7094.95,70.9495,0.6668411908339594
cost-p128-q64-s45,128,64,128,45,1000,1331,406,925,0.6949661908339594,21296.0,21.296,0.0,9424.2,9.4242,0.5574661908339594,7693.9,7.693899999999999,0.6387161908339595,7094.95,7.09495,0.6668411908339594
cost-p128-q64-s46,128,64,128,46,1,1507,406,1101,0.7305905773059058,24112.0,24112.0,0.0,9811.4,9811.4,0.5930905773059058,7852.3,7852.3,0.6743405773059058,7174.15,7174.15,0.7024655773059058
cost-p128-q64-s46,128,64,128,46,10,1507,406,1101,0.7305905773059058,24112.0,2411.2,0.0,9811.4,981.14,0.5930905773059058,7852.3,785.23,0.6743405773059058,7174.15,717.415,0.7024655773059058
cost-p128-q64-s46,128,64,128,46,100,1507,406,1101,0.7305905773059058,24112.0,241.12,0.0,9811.4,98.11399999999999,0.5930905773059058,7852.3,78.523,0.6743405773059058,7174.15,71.7415,0.7024655773059058
cost-p128-q64-s46,128,64,128,46,1000,1507,406,1101,0.7305905773059058,24112.0,24.112,0.0,9811.4,9.811399999999999,0.5930905773059058,7852.3,7.8523000000000005,0.6743405773059058,7174.15,7.17415,0.7024655773059058
cost-p128-q64-s47,128,64,128,47,1,1683,406,1277,0.7587641117052881,26928.0,26928.0,0.0,10198.6,10198.6,0.6212641117052883,8010.7,8010.7,0.7025141117052881,7253.35,7253.35,0.7306391117052883
cost-p128-q64-s47,128,64,128,47,10,1683,406,1277,0.7587641117052881,26928.0,2692.8,0.0,10198.6,1019.86,0.6212641117052883,8010.7,801.0699999999999,0.7025141117052881,7253.35,725.335,0.7306391117052883
cost-p128-q64-s47,128,64,128,47,100,1683,406,1277,0.7587641117052881,26928.0,269.28,0.0,10198.6,101.986,0.6212641117052883,8010.7,80.107,0.7025141117052881,7253.35,72.5335,0.7306391117052883
cost-p128-q64-s47,128,64,128,47,1000,1683,406,1277,0.7587641117052881,26928.0,26.928,0.0,10198.6,10.1986,0.6212641117052883,8010.7,8.0107,0.7025141117052881,7253.35,7.25335,0.7306391117052883
cost-p128-q64-s48,128,64,128,48,1,1859,406,1453,0.7816030123722432,29744.0,29744.0,0.0,10585.8,10585.8,0.6441030123722432,8169.1,8169.1,0.7253530123722431,7332.55,7332.55,0.7534780123722432
cost-p128-q64-s48,128,64,128,48,10,1859,406,1453,0.7816030123722432,29744.0,2974.4,0.0,10585.8,1058.58,0.6441030123722432,8169.1,816.9100000000001,0.7253530123722431,7332.55,733.255,0.7534780123722432
cost-p128-q64-s48,128,64,128,48,100,1859,406,1453,0.7816030123722432,29744.0,297.44,0.0,10585.8,105.85799999999999,0.6441030123722432,8169.1,81.691,0.7253530123722431,7332.55,73.3255,0.7534780123722432
cost-p128-q64-s48,128,64,128,48,1000,1859,406,1453,0.7816030123722432,29744.0,29.744,0.0,10585.8,10.585799999999999,0.6441030123722432,8169.1,8.1691,0.7253530123722431,7332.55,7.33255,0.7534780123722432
cost-p128-q64-s49,128,64,128,49,1,2035,406,1629,0.8004914004914004,32560.0,32560.0,0.0,10973.0,10973.0,0.6629914004914005,8327.5,8327.5,0.7442414004914005,7411.75,7411.75,0.7723664004914005
cost-p128-q64-s49,128,64,128,49,10,2035,406,1629,0.8004914004914004,32560.0,3256.0,0.0,10973.0,1097.3,0.6629914004914005,8327.5,832.75,0.7442414004914005,7411.75,741.175,0.7723664004914005
cost-p128-q64-s49,128,64,128,49,100,2035,406,1629,0.8004914004914004,32560.0,325.6,0.0,10973.0,109.73,0.6629914004914005,8327.5,83.275,0.7442414004914005,7411.75,74.1175,0.7723664004914005
cost-p128-q64-s49,128,64,128,49,1000,2035,406,1629,0.8004914004914004,32560.0,32.56,0.0,10973.0,10.973,0.6629914004914005,8327.5,8.3275,0.7442414004914005,7411.75,7.41175,0.7723664004914005
cost-p128-q64-s50,128,64,128,50,1,1331,406,925,0.6949661908339594,21296.0,21296.0,0.0,9424.2,9424.2,0.5574661908339594,7693.9,7693.9,0.6387161908339595,7094.95,7094.95,0.6668411908339594
cost-p128-q64-s50,128,64,128,50,10,1331,406,925,0.6949661908339594,21296.0,2129.6,0.0,9424.2,942.4200000000001,0.5574661908339594,7693.9,769.39,0.6387161908339595,7094.95,709.495,0.6668411908339594
cost-p128-q64-s50,128,64,128,50,100,1331,406,925,0.6949661908339594,21296.0,212.96,0.0,9424.2,94.242,0.5574661908339594,7693.9,76.939,0.6387161908339595,7094.95,70.9495,0.6668411908339594
cost-p128-q64-s50,128,64,128,50,1000,1331,406,925,0.6949661908339594,21296.0,21.296,0.0,9424.2,9.4242,0.5574661908339594,7693.9,7.693899999999999,0.6387161908339595,7094.95,7.09495,0.6668411908339594
cost-p128-q64-s51,128,64,128,51,1,1507,406,1101,0.7305905773059058,24112.0,24112.0,0.0,9811.4,9811.4,0.5930905773059058,7852.3,7852.3,0.6743405773059058,7174.15,7174.15,0.7024655773059058
cost-p128-q64-s51,128,64,128,51,10,1507,406,1101,0.7305905773059058,24112.0,2411.2,0.0,9811.4,981.14,0.5930905773059058,7852.3,785.23,0.6743405773059058,7174.15,717.415,0.7024655773059058
cost-p128-q64-s51,128,64,128,51,100,1507,406,1101,0.7305905773059058,24112.0,241.12,0.0,9811.4,98.11399999999999,0.5930905773059058,7852.3,78.523,0.6743405773059058,7174.15,71.7415,0.7024655773059058
cost-p128-q64-s51,128,64,128,51,1000,1507,406,1101,0.7305905773059058,24112.0,24.112,0.0,9811.4,9.811399999999999,0.5930905773059058,7852.3,7.8523000000000005,0.6743405773059058,7174.15,7.17415,0.7024655773059058
cost-p128-q64-s52,128,64,128,52,1,1683,406,1277,0.7587641117052881,26928.0,26928.0,0.0,10198.6,10198.6,0.6212641117052883,8010.7,8010.7,0.7025141117052881,7253.35,7253.35,0.7306391117052883
cost-p128-q64-s52,128,64,128,52,10,1683,406,1277,0.7587641117052881,26928.0,2692.8,0.0,10198.6,1019.86,0.6212641117052883,8010.7,801.0699999999999,0.7025141117052881,7253.35,725.335,0.7306391117052883
cost-p128-q64-s52,128,64,128,52,100,1683,406,1277,0.7587641117052881,26928.0,269.28,0.0,10198.6,101.986,0.6212641117052883,8010.7,80.107,0.7025141117052881,7253.35,72.5335,0.7306391117052883
cost-p128-q64-s52,128,64,128,52,1000,1683,406,1277,0.7587641117052881,26928.0,26.928,0.0,10198.6,10.1986,0.6212641117052883,8010.7,8.0107,0.7025141117052881,7253.35,7.25335,0.7306391117052883
cost-p128-q64-s53,128,64,128,53,1,1859,406,1453,0.7816030123722432,29744.0,29744.0,0.0,10585.8,10585.8,0.6441030123722432,8169.1,8169.1,0.7253530123722431,7332.55,7332.55,0.7534780123722432
cost-p128-q64-s53,128,64,128,53,10,1859,406,1453,0.7816030123722432,29744.0,2974.4,0.0,10585.8,1058.58,0.6441030123722432,8169.1,816.9100000000001,0.7253530123722431,7332.55,733.255,0.7534780123722432
cost-p128-q64-s53,128,64,128,53,100,1859,406,1453,0.7816030123722432,29744.0,297.44,0.0,10585.8,105.85799999999999,0.6441030123722432,8169.1,81.691,0.7253530123722431,7332.55,73.3255,0.7534780123722432
cost-p128-q64-s53,128,64,128,53,1000,1859,406,1453,0.7816030123722432,29744.0,29.744,0.0,10585.8,10.585799999999999,0.6441030123722432,8169.1,8.1691,0.7253530123722431,7332.55,7.33255,0.7534780123722432
cost-p128-q64-s54,128,64,128,54,1,2035,406,1629,0.8004914004914004,32560.0,32560.0,0.0,10973.0,10973.0,0.6629914004914005,8327.5,8327.5,0.7442414004914005,7411.75,7411.75,0.7723664004914005
cost-p128-q64-s54,128,64,128,54,10,2035,406,1629,0.8004914004914004,32560.0,3256.0,0.0,10973.0,1097.3,0.6629914004914005,8327.5,832.75,0.7442414004914005,7411.75,741.175,0.7723664004914005
cost-p128-q64-s54,128,64,128,54,100,2035,406,1629,0.8004914004914004,32560.0,325.6,0.0,10973.0,109.73,0.6629914004914005,8327.5,83.275,0.7442414004914005,7411.75,74.1175,0.7723664004914005
cost-p128-q64-s54,128,64,128,54,1000,2035,406,1629,0.8004914004914004,32560.0,32.56,0.0,10973.0,10.973,0.6629914004914005,8327.5,8.3275,0.7442414004914005,7411.75,7.41175,0.7723664004914005
cost-p128-q64-s55,128,64,128,55,1,1331,406,925,0.6949661908339594,21296.0,21296.0,0.0,9424.2,9424.2,0.5574661908339594,7693.9,7693.9,0.6387161908339595,7094.95,7094.95,0.6668411908339594
cost-p128-q64-s55,128,64,128,55,10,1331,406,925,0.6949661908339594,21296.0,2129.6,0.0,9424.2,942.4200000000001,0.5574661908339594,7693.9,769.39,0.6387161908339595,7094.95,709.495,0.6668411908339594
cost-p128-q64-s55,128,64,128,55,100,1331,406,925,0.6949661908339594,21296.0,212.96,0.0,9424.2,94.242,0.5574661908339594,7693.9,76.939,0.6387161908339595,7094.95,70.9495,0.6668411908339594
cost-p128-q64-s55,128,64,128,55,1000,1331,406,925,0.6949661908339594,21296.0,21.296,0.0,9424.2,9.4242,0.5574661908339594,7693.9,7.693899999999999,0.6387161908339595,7094.95,7.09495,0.6668411908339594
cost-p128-q64-s56,128,64,128,56,1,1507,406,1101,0.7305905773059058,24112.0,24112.0,0.0,9811.4,9811.4,0.5930905773059058,7852.3,7852.3,0.6743405773059058,7174.15,7174.15,0.7024655773059058
cost-p128-q64-s56,128,64,128,56,10,1507,406,1101,0.7305905773059058,24112.0,2411.2,0.0,9811.4,981.14,0.5930905773059058,7852.3,785.23,0.6743405773059058,7174.15,717.415,0.7024655773059058
cost-p128-q64-s56,128,64,128,56,100,1507,406,1101,0.7305905773059058,24112.0,241.12,0.0,9811.4,98.11399999999999,0.5930905773059058,7852.3,78.523,0.6743405773059058,7174.15,71.7415,0.7024655773059058
cost-p128-q64-s56,128,64,128,56,1000,1507,406,1101,0.7305905773059058,24112.0,24.112,0.0,9811.4,9.811399999999999,0.5930905773059058,7852.3,7.8523000000000005,0.6743405773059058,7174.15,7.17415,0.7024655773059058
cost-p128-q64-s57,128,64,128,57,1,1683,406,1277,0.7587641117052881,26928.0,26928.0,0.0,10198.6,10198.6,0.6212641117052883,8010.7,8010.7,0.7025141117052881,7253.35,7253.35,0.7306391117052883
cost-p128-q64-s57,128,64,128,57,10,1683,406,1277,0.7587641117052881,26928.0,2692.8,0.0,10198.6,1019.86,0.6212641117052883,8010.7,801.0699999999999,0.7025141117052881,7253.35,725.335,0.7306391117052883
cost-p128-q64-s57,128,64,128,57,100,1683,406,1277,0.7587641117052881,26928.0,269.28,0.0,10198.6,101.986,0.6212641117052883,8010.7,80.107,0.7025141117052881,7253.35,72.5335,0.7306391117052883
cost-p128-q64-s57,128,64,128,57,1000,1683,406,1277,0.7587641117052881,26928.0,26.928,0.0,10198.6,10.1986,0.6212641117052883,8010.7,8.0107,0.7025141117052881,7253.35,7.25335,0.7306391117052883
cost-p128-q64-s58,128,64,128,58,1,1859,406,1453,0.7816030123722432,29744.0,29744.0,0.0,10585.8,10585.8,0.6441030123722432,8169.1,8169.1,0.7253530123722431,7332.55,7332.55,0.7534780123722432
cost-p128-q64-s58,128,64,128,58,10,1859,406,1453,0.7816030123722432,29744.0,2974.4,0.0,10585.8,1058.58,0.6441030123722432,8169.1,816.9100000000001,0.7253530123722431,7332.55,733.255,0.7534780123722432
cost-p128-q64-s58,128,64,128,58,100,1859,406,1453,0.7816030123722432,29744.0,297.44,0.0,10585.8,105.85799999999999,0.6441030123722432,8169.1,81.691,0.7253530123722431,7332.55,73.3255,0.7534780123722432
cost-p128-q64-s58,128,64,128,58,1000,1859,406,1453,0.7816030123722432,29744.0,29.744,0.0,10585.8,10.585799999999999,0.6441030123722432,8169.1,8.1691,0.7253530123722431,7332.55,7.33255,0.7534780123722432
cost-p128-q64-s59,128,64,128,59,1,2035,406,1629,0.8004914004914004,32560.0,32560.0,0.0,10973.0,10973.0,0.6629914004914005,8327.5,8327.5,0.7442414004914005,7411.75,7411.75,0.7723664004914005
cost-p128-q64-s59,128,64,128,59,10,2035,406,1629,0.8004914004914004,32560.0,3256.0,0.0,10973.0,1097.3,0.6629914004914005,8327.5,832.75,0.7442414004914005,7411.75,741.175,0.7723664004914005
cost-p128-q64-s59,128,64,128,59,100,2035,406,1629,0.8004914004914004,32560.0,325.6,0.0,10973.0,109.73,0.6629914004914005,8327.5,83.275,0.7442414004914005,7411.75,74.1175,0.7723664004914005
cost-p128-q64-s59,128,64,128,59,1000,2035,406,1629,0.8004914004914004,32560.0,32.56,0.0,10973.0,10.973,0.6629914004914005,8327.5,8.3275,0.7442414004914005,7411.75,7.41175,0.7723664004914005
cost-p128-q64-s60,128,64,128,60,1,1331,406,925,0.6949661908339594,21296.0,21296.0,0.0,9424.2,9424.2,0.5574661908339594,7693.9,7693.9,0.6387161908339595,7094.95,7094.95,0.6668411908339594
cost-p128-q64-s60,128,64,128,60,10,1331,406,925,0.6949661908339594,21296.0,2129.6,0.0,9424.2,942.4200000000001,0.5574661908339594,7693.9,769.39,0.6387161908339595,7094.95,709.495,0.6668411908339594
cost-p128-q64-s60,128,64,128,60,100,1331,406,925,0.6949661908339594,21296.0,212.96,0.0,9424.2,94.242,0.5574661908339594,7693.9,76.939,0.6387161908339595,7094.95,70.9495,0.6668411908339594
cost-p128-q64-s60,128,64,128,60,1000,1331,406,925,0.6949661908339594,21296.0,21.296,0.0,9424.2,9.4242,0.5574661908339594,7693.9,7.693899999999999,0.6387161908339595,7094.95,7.09495,0.6668411908339594
cost-p128-q64-s61,128,64,128,61,1,1507,406,1101,0.7305905773059058,24112.0,24112.0,0.0,9811.4,9811.4,0.5930905773059058,7852.3,7852.3,0.6743405773059058,7174.15,7174.15,0.7024655773059058
cost-p128-q64-s61,128,64,128,61,10,1507,406,1101,0.7305905773059058,24112.0,2411.2,0.0,9811.4,981.14,0.5930905773059058,7852.3,785.23,0.6743405773059058,7174.15,717.415,0.7024655773059058
cost-p128-q64-s61,128,64,128,61,100,1507,406,1101,0.7305905773059058,24112.0,241.12,0.0,9811.4,98.11399999999999,0.5930905773059058,7852.3,78.523,0.6743405773059058,7174.15,71.7415,0.7024655773059058
cost-p128-q64-s61,128,64,128,61,1000,1507,406,1101,0.7305905773059058,24112.0,24.112,0.0,9811.4,9.811399999999999,0.5930905773059058,7852.3,7.8523000000000005,0.6743405773059058,7174.15,7.17415,0.7024655773059058
cost-p128-q64-s62,128,64,128,62,1,1683,406,1277,0.7587641117052881,26928.0,26928.0,0.0,10198.6,10198.6,0.6212641117052883,8010.7,8010.7,0.7025141117052881,7253.35,7253.35,0.7306391117052883
cost-p128-q64-s62,128,64,128,62,10,1683,406,1277,0.7587641117052881,26928.0,2692.8,0.0,10198.6,1019.86,0.6212641117052883,8010.7,801.0699999999999,0.7025141117052881,7253.35,725.335,0.7306391117052883
cost-p128-q64-s62,128,64,128,62,100,1683,406,1277,0.7587641117052881,26928.0,269.28,0.0,10198.6,101.986,0.6212641117052883,8010.7,80.107,0.7025141117052881,7253.35,72.5335,0.7306391117052883
cost-p128-q64-s62,128,64,128,62,1000,1683,406,1277,0.7587641117052881,26928.0,26.928,0.0,10198.6,10.1986,0.6212641117052883,8010.7,8.0107,0.7025141117052881,7253.35,7.25335,0.7306391117052883
cost-p128-q64-s63,128,64,128,63,1,1859,406,1453,0.7816030123722432,29744.0,29744.0,0.0,10585.8,10585.8,0.6441030123722432,8169.1,8169.1,0.7253530123722431,7332.55,7332.55,0.7534780123722432
cost-p128-q64-s63,128,64,128,63,10,1859,406,1453,0.7816030123722432,29744.0,2974.4,0.0,10585.8,1058.58,0.6441030123722432,8169.1,816.9100000000001,0.7253530123722431,7332.55,733.255,0.7534780123722432
cost-p128-q64-s63,128,64,128,63,100,1859,406,1453,0.7816030123722432,29744.0,297.44,0.0,10585.8,105.85799999999999,0.6441030123722432,8169.1,81.691,0.7253530123722431,7332.55,73.3255,0.7534780123722432
cost-p128-q64-s63,128,64,128,63,1000,1859,406,1453,0.7816030123722432,29744.0,29.744,0.0,10585.8,10.585799999999999,0.6441030123722432,8169.1,8.1691,0.7253530123722431,7332.55,7.33255,0.7534780123722432
cost-p128-q64-s64,128,64,128,64,1,2035,406,1629,0.8004914004914004,32560.0,32560.0,0.0,10973.0,10973.0,0.6629914004914005,8327.5,8327.5,0.7442414004914005,7411.75,7411.75,0.7723664004914005
cost-p128-q64-s64,128,64,128,64,10,2035,406,1629,0.8004914004914004,32560.0,3256.0,0.0,10973.0,1097.3,0.6629914004914005,8327.5,832.75,0.7442414004914005,7411.75,741.175,0.7723664004914005
cost-p128-q64-s64,128,64,128,64,100,2035,406,1629,0.8004914004914004,32560.0,325.6,0.0,10973.0,109.73,0.6629914004914005,8327.5,83.275,0.7442414004914005,7411.75,74.1175,0.7723664004914005
cost-p128-q64-s64,128,64,128,64,1000,2035,406,1629,0.8004914004914004,32560.0,32.56,0.0,10973.0,10.973,0.6629914004914005,8327.5,8.3275,0.7442414004914005,7411.75,7.41175,0.7723664004914005
cost-p128-q64-s65,128,64,128,65,1,1331,406,925,0.6949661908339594,21296.0,21296.0,0.0,9424.2,9424.2,0.5574661908339594,7693.9,7693.9,0.6387161908339595,7094.95,7094.95,0.6668411908339594
cost-p128-q64-s65,128,64,128,65,10,1331,406,925,0.6949661908339594,21296.0,2129.6,0.0,9424.2,942.4200000000001,0.5574661908339594,7693.9,769.39,0.6387161908339595,7094.95,709.495,0.6668411908339594
cost-p128-q64-s65,128,64,128,65,100,1331,406,925,0.6949661908339594,21296.0,212.96,0.0,9424.2,94.242,0.5574661908339594,7693.9,76.939,0.6387161908339595,7094.95,70.9495,0.6668411908339594
cost-p128-q64-s65,128,64,128,65,1000,1331,406,925,0.6949661908339594,21296.0,21.296,0.0,9424.2,9.4242,0.5574661908339594,7693.9,7.693899999999999,0.6387161908339595,7094.95,7.09495,0.6668411908339594
cost-p128-q64-s66,128,64,128,66,1,1507,406,1101,0.7305905773059058,24112.0,24112.0,0.0,9811.4,9811.4,0.5930905773059058,7852.3,7852.3,0.6743405773059058,7174.15,7174.15,0.7024655773059058
cost-p128-q64-s66,128,64,128,66,10,1507,406,1101,0.7305905773059058,24112.0,2411.2,0.0,9811.4,981.14,0.5930905773059058,7852.3,785.23,0.6743405773059058,7174.15,717.415,0.7024655773059058
cost-p128-q64-s66,128,64,128,66,100,1507,406,1101,0.7305905773059058,24112.0,241.12,0.0,9811.4,98.11399999999999,0.5930905773059058,7852.3,78.523,0.6743405773059058,7174.15,71.7415,0.7024655773059058
cost-p128-q64-s66,128,64,128,66,1000,1507,406,1101,0.7305905773059058,24112.0,24.112,0.0,9811.4,9.811399999999999,0.5930905773059058,7852.3,7.8523000000000005,0.6743405773059058,7174.15,7.17415,0.7024655773059058
cost-p128-q64-s67,128,64,128,67,1,1683,406,1277,0.7587641117052881,26928.0,26928.0,0.0,10198.6,10198.6,0.6212641117052883,8010.7,8010.7,0.7025141117052881,7253.35,7253.35,0.7306391117052883
cost-p128-q64-s67,128,64,128,67,10,1683,406,1277,0.7587641117052881,26928.0,2692.8,0.0,10198.6,1019.86,0.6212641117052883,8010.7,801.0699999999999,0.7025141117052881,7253.35,725.335,0.7306391117052883
cost-p128-q64-s67,128,64,128,67,100,1683,406,1277,0.7587641117052881,26928.0,269.28,0.0,10198.6,101.986,0.6212641117052883,8010.7,80.107,0.7025141117052881,7253.35,72.5335,0.7306391117052883
cost-p128-q64-s67,128,64,128,67,1000,1683,406,1277,0.7587641117052881,26928.0,26.928,0.0,10198.6,10.1986,0.6212641117052883,8010.7,8.0107,0.7025141117052881,7253.35,7.25335,0.7306391117052883
cost-p128-q64-s68,128,64,128,68,1,1859,406,1453,0.7816030123722432,29744.0,29744.0,0.0,10585.8,10585.8,0.6441030123722432,8169.1,8169.1,0.7253530123722431,7332.55,7332.55,0.7534780123722432
cost-p128-q64-s68,128,64,128,68,10,1859,406,1453,0.7816030123722432,29744.0,2974.4,0.0,10585.8,1058.58,0.6441030123722432,8169.1,816.9100000000001,0.7253530123722431,7332.55,733.255,0.7534780123722432
cost-p128-q64-s68,128,64,128,68,100,1859,406,1453,0.7816030123722432,29744.0,297.44,0.0,10585.8,105.85799999999999,0.6441030123722432,8169.1,81.691,0.7253530123722431,7332.55,73.3255,0.7534780123722432
cost-p128-q64-s68,128,64,128,68,1000,1859,406,1453,0.7816030123722432,29744.0,29.744,0.0,10585.8,10.585799999999999,0.6441030123722432,8169.1,8.1691,0.7253530123722431,7332.55,7.33255,0.7534780123722432
cost-p128-q64-s69,128,64,128,69,1,2035,406,1629,0.8004914004914004,32560.0,32560.0,0.0,10973.0,10973.0,0.6629914004914005,8327.5,8327.5,0.7442414004914005,7411.75,7411.75,0.7723664004914005
cost-p128-q64-s69,128,64,128,69,10,2035,406,1629,0.8004914004914004,32560.0,3256.0,0.0,10973.0,1097.3,0.6629914004914005,8327.5,832.75,0.7442414004914005,7411.75,741.175,0.7723664004914005
cost-p128-q64-s69,128,64,128,69,100,2035,406,1629,0.8004914004914004,32560.0,325.6,0.0,10973.0,109.73,0.6629914004914005,8327.5,83.275,0.7442414004914005,7411.75,74.1175,0.7723664004914005
cost-p128-q64-s69,128,64,128,69,1000,2035,406,1629,0.8004914004914004,32560.0,32.56,0.0,10973.0,10.973,0.6629914004914005,8327.5,8.3275,0.7442414004914005,7411.75,7.41175,0.7723664004914005
cost-p128-q64-s70,128,64,128,70,1,1331,406,925,0.6949661908339594,21296.0,21296.0,0.0,9424.2,9424.2,0.5574661908339594,7693.9,7693.9,0.6387161908339595,7094.95,7094.95,0.6668411908339594
cost-p128-q64-s70,128,64,128,70,10,1331,406,925,0.6949661908339594,21296.0,2129.6,0.0,9424.2,942.4200000000001,0.5574661908339594,7693.9,769.39,0.6387161908339595,7094.95,709.495,0.6668411908339594
cost-p128-q64-s70,128,64,128,70,100,1331,406,925,0.6949661908339594,21296.0,212.96,0.0,9424.2,94.242,0.5574661908339594,7693.9,76.939,0.6387161908339595,7094.95,70.9495,0.6668411908339594
cost-p128-q64-s70,128,64,128,70,1000,1331,406,925,0.6949661908339594,21296.0,21.296,0.0,9424.2,9.4242,0.5574661908339594,7693.9,7.693899999999999,0.6387161908339595,7094.95,7.09495,0.6668411908339594
cost-p128-q64-s71,128,64,128,71,1,1507,406,1101,0.7305905773059058,24112.0,24112.0,0.0,9811.4,9811.4,0.5930905773059058,7852.3,7852.3,0.6743405773059058,7174.15,7174.15,0.7024655773059058
cost-p128-q64-s71,128,64,128,71,10,1507,406,1101,0.7305905773059058,24112.0,2411.2,0.0,9811.4,981.14,0.5930905773059058,7852.3,785.23,0.6743405773059058,7174.15,717.415,0.7024655773059058
cost-p128-q64-s71,128,64,128,71,100,1507,406,1101,0.7305905773059058,24112.0,241.12,0.0,9811.4,98.11399999999999,0.5930905773059058,7852.3,78.523,0.6743405773059058,7174.15,71.7415,0.7024655773059058
cost-p128-q64-s71,128,64,128,71,1000,1507,406,1101,0.7305905773059058,24112.0,24.112,0.0,9811.4,9.811399999999999,0.5930905773059058,7852.3,7.8523000000000005,0.6743405773059058,7174.15,7.17415,0.7024655773059058
cost-p128-q64-s72,128,64,128,72,1,1683,406,1277,0.7587641117052881,26928.0,26928.0,0.0,10198.6,10198.6,0.6212641117052883,8010.7,8010.7,0.7025141117052881,7253.35,7253.35,0.7306391117052883
cost-p128-q64-s72,128,64,128,72,10,1683,406,1277,0.7587641117052881,26928.0,2692.8,0.0,10198.6,1019.86,0.6212641117052883,8010.7,801.0699999999999,0.7025141117052881,7253.35,725.335,0.7306391117052883
cost-p128-q64-s72,128,64,128,72,100,1683,406,1277,0.7587641117052881,26928.0,269.28,0.0,10198.6,101.986,0.6212641117052883,8010.7,80.107,0.7025141117052881,7253.35,72.5335,0.7306391117052883
cost-p128-q64-s72,128,64,128,72,1000,1683,406,1277,0.7587641117052881,26928.0,26.928,0.0,10198.6,10.1986,0.6212641117052883,8010.7,8.0107,0.7025141117052881,7253.35,7.25335,0.7306391117052883
cost-p128-q64-s73,128,64,128,73,1,1859,406,1453,0.7816030123722432,29744.0,29744.0,0.0,10585.8,10585.8,0.6441030123722432,8169.1,8169.1,0.7253530123722431,7332.55,7332.55,0.7534780123722432
cost-p128-q64-s73,128,64,128,73,10,1859,406,1453,0.7816030123722432,29744.0,2974.4,0.0,10585.8,1058.58,0.6441030123722432,8169.1,816.9100000000001,0.7253530123722431,7332.55,733.255,0.7534780123722432
cost-p128-q64-s73,128,64,128,73,100,1859,406,1453,0.7816030123722432,29744.0,297.44,0.0,10585.8,105.85799999999999,0.6441030123722432,8169.1,81.691,0.7253530123722431,7332.55,73.3255,0.7534780123722432
cost-p128-q64-s73,128,64,128,73,1000,1859,406,1453,0.7816030123722432,29744.0,29.744,0.0,10585.8,10.585799999999999,0.6441030123722432,8169.1,8.1691,0.7253530123722431,7332.55,7.33255,0.7534780123722432
cost-p128-q64-s74,128,64,128,74,1,2035,406,1629,0.8004914004914004,32560.0,32560.0,0.0,10973.0,10973.0,0.6629914004914005,8327.5,8327.5,0.7442414004914005,7411.75,7411.75,0.7723664004914005
cost-p128-q64-s74,128,64,128,74,10,2035,406,1629,0.8004914004914004,32560.0,3256.0,0.0,10973.0,1097.3,0.6629914004914005,8327.5,832.75,0.7442414004914005,7411.75,741.175,0.7723664004914005
cost-p128-q64-s74,128,64,128,74,100,2035,406,1629,0.8004914004914004,32560.0,325.6,0.0,10973.0,109.73,0.6629914004914005,8327.5,83.275,0.7442414004914005,7411.75,74.1175,0.7723664004914005
cost-p128-q64-s74,128,64,128,74,1000,2035,406,1629,0.8004914004914004,32560.0,32.56,0.0,10973.0,10.973,0.6629914004914005,8327.5,8.3275,0.7442414004914005,7411.75,7.41175,0.7723664004914005
cost-p128-q64-s75,128,64,128,75,1,1331,406,925,0.6949661908339594,21296.0,21296.0,0.0,9424.2,9424.2,0.5574661908339594,7693.9,7693.9,0.6387161908339595,7094.95,7094.95,0.6668411908339594
cost-p128-q64-s75,128,64,128,75,10,1331,406,925,0.6949661908339594,21296.0,2129.6,0.0,9424.2,942.4200000000001,0.5574661908339594,7693.9,769.39,0.6387161908339595,7094.95,709.495,0.6668411908339594
cost-p128-q64-s75,128,64,128,75,100,1331,406,925,0.6949661908339594,21296.0,212.96,0.0,9424.2,94.242,0.5574661908339594,7693.9,76.939,0.6387161908339595,7094.95,70.9495,0.6668411908339594
cost-p128-q64-s75,128,64,128,75,1000,1331,406,925,0.6949661908339594,21296.0,21.296,0.0,9424.2,9.4242,0.5574661908339594,7693.9,7.693899999999999,0.6387161908339595,7094.95,7.09495,0.6668411908339594
cost-p128-q64-s76,128,64,128,76,1,1507,406,1101,0.7305905773059058,24112.0,24112.0,0.0,9811.4,9811.4,0.5930905773059058,7852.3,7852.3,0.6743405773059058,7174.15,7174.15,0.7024655773059058
cost-p128-q64-s76,128,64,128,76,10,1507,406,1101,0.7305905773059058,24112.0,2411.2,0.0,9811.4,981.14,0.5930905773059058,7852.3,785.23,0.6743405773059058,7174.15,717.415,0.7024655773059058
cost-p128-q64-s76,128,64,128,76,100,1507,406,1101,0.7305905773059058,24112.0,241.12,0.0,9811.4,98.11399999999999,0.5930905773059058,7852.3,78.523,0.6743405773059058,7174.15,71.7415,0.7024655773059058
cost-p128-q64-s76,128,64,128,76,1000,1507,406,1101,0.7305905773059058,24112.0,24.112,0.0,9811.4,9.811399999999999,0.5930905773059058,7852.3,7.8523000000000005,0.6743405773059058,7174.15,7.17415,0.7024655773059058
cost-p128-q64-s77,128,64,128,77,1,1683,406,1277,0.7587641117052881,26928.0,26928.0,0.0,10198.6,10198.6,0.6212641117052883,8010.7,8010.7,0.7025141117052881,7253.35,7253.35,0.7306391117052883
cost-p128-q64-s77,128,64,128,77,10,1683,406,1277,0.7587641117052881,26928.0,2692.8,0.0,10198.6,1019.86,0.6212641117052883,8010.7,801.0699999999999,0.7025141117052881,7253.35,725.335,0.7306391117052883
cost-p128-q64-s77,128,64,128,77,100,1683,406,1277,0.7587641117052881,26928.0,269.28,0.0,10198.6,101.986,0.6212641117052883,8010.7,80.107,0.7025141117052881,7253.35,72.5335,0.7306391117052883
cost-p128-q64-s77,128,64,128,77,1000,1683,406,1277,0.7587641117052881,26928.0,26.928,0.0,10198.6,10.1986,0.6212641117052883,8010.7,8.0107,0.7025141117052881,7253.35,7.25335,0.7306391117052883
cost-p128-q64-s78,128,64,128,78,1,1859,406,1453,0.7816030123722432,29744.0,29744.0,0.0,10585.8,10585.8,0.6441030123722432,8169.1,8169.1,0.7253530123722431,7332.55,7332.55,0.7534780123722432
cost-p128-q64-s78,128,64,128,78,10,1859,406,1453,0.7816030123722432,29744.0,2974.4,0.0,10585.8,1058.58,0.6441030123722432,8169.1,816.9100000000001,0.7253530123722431,7332.55,733.255,0.7534780123722432
cost-p128-q64-s78,128,64,128,78,100,1859,406,1453,0.7816030123722432,29744.0,297.44,0.0,10585.8,105.85799999999999,0.6441030123722432,8169.1,81.691,0.7253530123722431,7332.55,73.3255,0.7534780123722432
cost-p128-q64-s78,128,64,128,78,1000,1859,406,1453,0.7816030123722432,29744.0,29.744,0.0,10585.8,10.585799999999999,0.6441030123722432,8169.1,8.1691,0.7253530123722431,7332.55,7.33255,0.7534780123722432
cost-p128-q64-s79,128,64,128,79,1,2035,406,1629,0.8004914004914004,32560.0,32560.0,0.0,10973.0,10973.0,0.6629914004914005,8327.5,8327.5,0.7442414004914005,7411.75,7411.75,0.7723664004914005
cost-p128-q64-s79,128,64,128,79,10,2035,406,1629,0.8004914004914004,32560.0,3256.0,0.0,10973.0,1097.3,0.6629914004914005,8327.5,832.75,0.7442414004914005,7411.75,741.175,0.7723664004914005
cost-p128-q64-s79,128,64,128,79,100,2035,406,1629,0.8004914004914004,32560.0,325.6,0.0,10973.0,109.73,0.6629914004914005,8327.5,83.275,0.7442414004914005,7411.75,74.1175,0.7723664004914005
cost-p128-q64-s79,128,64,128,79,1000,2035,406,1629,0.8004914004914004,32560.0,32.56,0.0,10973.0,10.973,0.6629914004914005,8327.5,8.3275,0.7442414004914005,7411.75,7.41175,0.7723664004914005
cost-p128-q64-s80,128,64,128,80,1,1331,406,925,0.6949661908339594,21296.0,21296.0,0.0,9424.2,9424.2,0.5574661908339594,7693.9,7693.9,0.6387161908339595,7094.95,7094.95,0.6668411908339594
cost-p128-q64-s80,128,64,128,80,10,1331,406,925,0.6949661908339594,21296.0,2129.6,0.0,9424.2,942.4200000000001,0.5574661908339594,7693.9,769.39,0.6387161908339595,7094.95,709.495,0.6668411908339594
cost-p128-q64-s80,128,64,128,80,100,1331,406,925,0.6949661908339594,21296.0,212.96,0.0,9424.2,94.242,0.5574661908339594,7693.9,76.939,0.6387161908339595,7094.95,70.9495,0.6668411908339594
cost-p128-q64-s80,128,64,128,80,1000,1331,406,925,0.6949661908339594,21296.0,21.296,0.0,9424.2,9.4242,0.5574661908339594,7693.9,7.693899999999999,0.6387161908339595,7094.95,7.09495,0.6668411908339594
cost-p128-q64-s81,128,64,128,81,1,1507,406,1101,0.7305905773059058,24112.0,24112.0,0.0,9811.4,9811.4,0.5930905773059058,7852.3,7852.3,0.6743405773059058,7174.15,7174.15,0.7024655773059058
cost-p128-q64-s81,128,64,128,81,10,1507,406,1101,0.7305905773059058,24112.0,2411.2,0.0,9811.4,981.14,0.5930905773059058,7852.3,785.23,0.6743405773059058,7174.15,717.415,0.7024655773059058
cost-p128-q64-s81,128,64,128,81,100,1507,406,1101,0.7305905773059058,24112.0,241.12,0.0,9811.4,98.11399999999999,0.5930905773059058,7852.3,78.523,0.6743405773059058,7174.15,71.7415,0.7024655773059058
cost-p128-q64-s81,128,64,128,81,1000,1507,406,1101,0.7305905773059058,24112.0,24.112,0.0,9811.4,9.811399999999999,0.5930905773059058,7852.3,7.8523000000000005,0.6743405773059058,7174.15,7.17415,0.7024655773059058
cost-p128-q64-s82,128,64,128,82,1,1683,406,1277,0.7587641117052881,26928.0,26928.0,0.0,10198.6,10198.6,0.6212641117052883,8010.7,8010.7,0.7025141117052881,7253.35,7253.35,0.7306391117052883
cost-p128-q64-s82,128,64,128,82,10,1683,406,1277,0.7587641117052881,26928.0,2692.8,0.0,10198.6,1019.86,0.6212641117052883,8010.7,801.0699999999999,0.7025141117052881,7253.35,725.335,0.7306391117052883
cost-p128-q64-s82,128,64,128,82,100,1683,406,1277,0.7587641117052881,26928.0,269.28,0.0,10198.6,101.986,0.6212641117052883,8010.7,80.107,0.7025141117052881,7253.35,72.5335,0.7306391117052883
cost-p128-q64-s82,128,64,128,82,1000,1683,406,1277,0.7587641117052881,26928.0,26.928,0.0,10198.6,10.1986,0.6212641117052883,8010.7,8.0107,0.7025141117052881,7253.35,7.25335,0.7306391117052883
cost-p128-q64-s83,128,64,128,83,1,1859,406,1453,0.7816030123722432,29744.0,29744.0,0.0,10585.8,10585.8,0.6441030123722432,8169.1,8169.1,0.7253530123722431,7332.55,7332.55,0.7534780123722432
cost-p128-q64-s83,128,64,128,83,10,1859,406,1453,0.7816030123722432,29744.0,2974.4,0.0,10585.8,1058.58,0.6441030123722432,8169.1,816.9100000000001,0.7253530123722431,7332.55,733.255,0.7534780123722432
cost-p128-q64-s83,128,64,128,83,100,1859,406,1453,0.7816030123722432,29744.0,297.44,0.0,10585.8,105.85799999999999,0.6441030123722432,8169.1,81.691,0.7253530123722431,7332.55,73.3255,0.7534780123722432
cost-p128-q64-s83,128,64,128,83,1000,1859,406,1453,0.7816030123722432,29744.0,29.744,0.0,10585.8,10.585799999999999,0.6441030123722432,8169.1,8.1691,0.7253530123722431,7332.55,7.33255,0.7534780123722432
cost-p128-q64-s84,128,64,128,84,1,2035,406,1629,0.8004914004914004,32560.0,32560.0,0.0,10973.0,10973.0,0.6629914004914005,8327.5,8327.5,0.7442414004914005,7411.75,7411.75,0.7723664004914005
cost-p128-q64-s84,128,64,128,84,10,2035,406,1629,0.8004914004914004,32560.0,3256.0,0.0,10973.0,1097.3,0.6629914004914005,8327.5,832.75,0.7442414004914005,7411.75,741.175,0.7723664004914005
cost-p128-q64-s84,128,64,128,84,100,2035,406,1629,0.8004914004914004,32560.0,325.6,0.0,10973.0,109.73,0.6629914004914005,8327.5,83.275,0.7442414004914005,7411.75,74.1175,0.7723664004914005
cost-p128-q64-s84,128,64,128,84,1000,2035,406,1629,0.8004914004914004,32560.0,32.56,0.0,10973.0,10.973,0.6629914004914005,8327.5,8.3275,0.7442414004914005,7411.75,7.41175,0.7723664004914005
cost-p128-q64-s85,128,64,128,85,1,1331,406,925,0.6949661908339594,21296.0,21296.0,0.0,9424.2,9424.2,0.5574661908339594,7693.9,7693.9,0.6387161908339595,7094.95,7094.95,0.6668411908339594
cost-p128-q64-s85,128,64,128,85,10,1331,406,925,0.6949661908339594,21296.0,2129.6,0.0,9424.2,942.4200000000001,0.5574661908339594,7693.9,769.39,0.6387161908339595,7094.95,709.495,0.6668411908339594
cost-p128-q64-s85,128,64,128,85,100,1331,406,925,0.6949661908339594,21296.0,212.96,0.0,9424.2,94.242,0.5574661908339594,7693.9,76.939,0.6387161908339595,7094.95,70.9495,0.6668411908339594
cost-p128-q64-s85,128,64,128,85,1000,1331,406,925,0.6949661908339594,21296.0,21.296,0.0,9424.2,9.4242,0.5574661908339594,7693.9,7.693899999999999,0.6387161908339595,7094.95,7.09495,0.6668411908339594
cost-p128-q64-s86,128,64,128,86,1,1507,406,1101,0.7305905773059058,24112.0,24112.0,0.0,9811.4,9811.4,0.5930905773059058,7852.3,7852.3,0.6743405773059058,7174.15,7174.15,0.7024655773059058
cost-p128-q64-s86,128,64,128,86,10,1507,406,1101,0.7305905773059058,24112.0,2411.2,0.0,9811.4,981.14,0.5930905773059058,7852.3,785.23,0.6743405773059058,7174.15,717.415,0.7024655773059058
cost-p128-q64-s86,128,64,128,86,100,1507,406,1101,0.7305905773059058,24112.0,241.12,0.0,9811.4,98.11399999999999,0.5930905773059058,7852.3,78.523,0.6743405773059058,7174.15,71.7415,0.7024655773059058
cost-p128-q64-s86,128,64,128,86,1000,1507,406,1101,0.7305905773059058,24112.0,24.112,0.0,9811.4,9.811399999999999,0.5930905773059058,7852.3,7.8523000000000005,0.6743405773059058,7174.15,7.17415,0.7024655773059058
cost-p128-q64-s87,128,64,128,87,1,1683,406,1277,0.7587641117052881,26928.0,26928.0,0.0,10198.6,10198.6,0.6212641117052883,8010.7,8010.7,0.7025141117052881,7253.35,7253.35,0.7306391117052883
cost-p128-q64-s87,128,64,128,87,10,1683,406,1277,0.7587641117052881,26928.0,2692.8,0.0,10198.6,1019.86,0.6212641117052883,8010.7,801.0699999999999,0.7025141117052881,7253.35,725.335,0.7306391117052883
cost-p128-q64-s87,128,64,128,87,100,1683,406,1277,0.7587641117052881,26928.0,269.28,0.0,10198.6,101.986,0.6212641117052883,8010.7,80.107,0.7025141117052881,7253.35,72.5335,0.7306391117052883
cost-p128-q64-s87,128,64,128,87,1000,1683,406,1277,0.7587641117052881,26928.0,26.928,0.0,10198.6,10.1986,0.6212641117052883,8010.7,8.0107,0.7025141117052881,7253.35,7.25335,0.7306391117052883
cost-p128-q64-s88,128,64,128,88,1,1859,406,1453,0.7816030123722432,29744.0,29744.0,0.0,10585.8,10585.8,0.6441030123722432,8169.1,8169.1,0.7253530123722431,7332.55,7332.55,0.7534780123722432
cost-p128-q64-s88,128,64,128,88,10,1859,406,1453,0.7816030123722432,29744.0,2974.4,0.0,10585.8,1058.58,0.6441030123722432,8169.1,816.9100000000001,0.7253530123722431,7332.55,733.255,0.7534780123722432
cost-p128-q64-s88,128,64,128,88,100,1859,406,1453,0.7816030123722432,29744.0,297.44,0.0,10585.8,105.85799999999999,0.6441030123722432,8169.1,81.691,0.7253530123722431,7332.55,73.3255,0.7534780123722432
cost-p128-q64-s88,128,64,128,88,1000,1859,406,1453,0.7816030123722432,29744.0,29.744,0.0,10585.8,10.585799999999999,0.6441030123722432,8169.1,8.1691,0.7253530123722431,7332.55,7.33255,0.7534780123722432
cost-p128-q64-s89,128,64,128,89,1,2035,406,1629,0.8004914004914004,32560.0,32560.0,0.0,10973.0,10973.0,0.6629914004914005,8327.5,8327.5,0.7442414004914005,7411.75,7411.75,0.7723664004914005
cost-p128-q64-s89,128,64,128,89,10,2035,406,1629,0.8004914004914004,32560.0,3256.0,0.0,10973.0,1097.3,0.6629914004914005,8327.5,832.75,0.7442414004914005,7411.75,741.175,0.7723664004914005
cost-p128-q64-s89,128,64,128,89,100,2035,406,1629,0.8004914004914004,32560.0,325.6,0.0,10973.0,109.73,0.6629914004914005,8327.5,83.275,0.7442414004914005,7411.75,74.1175,0.7723664004914005
cost-p128-q64-s89,128,64,128,89,1000,2035,406,1629,0.8004914004914004,32560.0,32.56,0.0,10973.0,10.973,0.6629914004914005,8327.5,8.3275,0.7442414004914005,7411.75,7.41175,0.7723664004914005
cost-p128-q64-s90,128,64,128,90,1,1331,406,925,0.6949661908339594,21296.0,21296.0,0.0,9424.2,9424.2,0.5574661908339594,7693.9,7693.9,0.6387161908339595,7094.95,7094.95,0.6668411908339594
cost-p128-q64-s90,128,64,128,90,10,1331,406,925,0.6949661908339594,21296.0,2129.6,0.0,9424.2,942.4200000000001,0.5574661908339594,7693.9,769.39,0.6387161908339595,7094.95,709.495,0.6668411908339594
cost-p128-q64-s90,128,64,128,90,100,1331,406,925,0.6949661908339594,21296.0,212.96,0.0,9424.2,94.242,0.5574661908339594,7693.9,76.939,0.6387161908339595,7094.95,70.9495,0.6668411908339594
cost-p128-q64-s90,128,64,128,90,1000,1331,406,925,0.6949661908339594,21296.0,21.296,0.0,9424.2,9.4242,0.5574661908339594,7693.9,7.693899999999999,0.6387161908339595,7094.95,7.09495,0.6668411908339594
cost-p128-q64-s91,128,64,128,91,1,1507,406,1101,0.7305905773059058,24112.0,24112.0,0.0,9811.4,9811.4,0.5930905773059058,7852.3,7852.3,0.6743405773059058,7174.15,7174.15,0.7024655773059058
cost-p128-q64-s91,128,64,128,91,10,1507,406,1101,0.7305905773059058,24112.0,2411.2,0.0,9811.4,981.14,0.5930905773059058,7852.3,785.23,0.6743405773059058,7174.15,717.415,0.7024655773059058
cost-p128-q64-s91,128,64,128,91,100,1507,406,1101,0.7305905773059058,24112.0,241.12,0.0,9811.4,98.11399999999999,0.5930905773059058,7852.3,78.523,0.6743405773059058,7174.15,71.7415,0.7024655773059058
cost-p128-q64-s91,128,64,128,91,1000,1507,406,1101,0.7305905773059058,24112.0,24.112,0.0,9811.4,9.811399999999999,0.5930905773059058,7852.3,7.8523000000000005,0.6743405773059058,7174.15,7.17415,0.7024655773059058
cost-p128-q64-s92,128,64,128,92,1,1683,406,1277,0.7587641117052881,26928.0,26928.0,0.0,10198.6,10198.6,0.6212641117052883,8010.7,8010.7,0.7025141117052881,7253.35,7253.35,0.7306391117052883
cost-p128-q64-s92,128,64,128,92,10,1683,406,1277,0.7587641117052881,26928.0,2692.8,0.0,10198.6,1019.86,0.6212641117052883,8010.7,801.0699999999999,0.7025141117052881,7253.35,725.335,0.7306391117052883
cost-p128-q64-s92,128,64,128,92,100,1683,406,1277,0.7587641117052881,26928.0,269.28,0.0,10198.6,101.986,0.6212641117052883,8010.7,80.107,0.7025141117052881,7253.35,72.5335,0.7306391117052883
cost-p128-q64-s92,128,64,128,92,1000,1683,406,1277,0.7587641117052881,26928.0,26.928,0.0,10198.6,10.1986,0.6212641117052883,8010.7,8.0107,0.7025141117052881,7253.35,7.25335,0.7306391117052883
cost-p128-q64-s93,128,64,128,93,1,1859,406,1453,0.7816030123722432,29744.0,29744.0,0.0,10585.8,10585.8,0.6441030123722432,8169.1,8169.1,0.7253530123722431,7332.55,7332.55,0.7534780123722432
cost-p128-q64-s93,128,64,128,93,10,1859,406,1453,0.7816030123722432,29744.0,2974.4,0.0,10585.8,1058.58,0.6441030123722432,8169.1,816.9100000000001,0.7253530123722431,7332.55,733.255,0.7534780123722432
cost-p128-q64-s93,128,64,128,93,100,1859,406,1453,0.7816030123722432,29744.0,297.44,0.0,10585.8,105.85799999999999,0.6441030123722432,8169.1,81.691,0.7253530123722431,7332.55,73.3255,0.7534780123722432
cost-p128-q64-s93,128,64,128,93,1000,1859,406,1453,0.7816030123722432,29744.0,29.744,0.0,10585.8,10.585799999999999,0.6441030123722432,8169.1,8.1691,0.7253530123722431,7332.55,7.33255,0.7534780123722432
cost-p128-q64-s94,128,64,128,94,1,2035,406,1629,0.8004914004914004,32560.0,32560.0,0.0,10973.0,10973.0,0.6629914004914005,8327.5,8327.5,0.7442414004914005,7411.75,7411.75,0.7723664004914005
cost-p128-q64-s94,128,64,128,94,10,2035,406,1629,0.8004914004914004,32560.0,3256.0,0.0,10973.0,1097.3,0.6629914004914005,8327.5,832.75,0.7442414004914005,7411.75,741.175,0.7723664004914005
cost-p128-q64-s94,128,64,128,94,100,2035,406,1629,0.8004914004914004,32560.0,325.6,0.0,10973.0,109.73,0.6629914004914005,8327.5,83.275,0.7442414004914005,7411.75,74.1175,0.7723664004914005
cost-p128-q64-s94,128,64,128,94,1000,2035,406,1629,0.8004914004914004,32560.0,32.56,0.0,10973.0,10.973,0.6629914004914005,8327.5,8.3275,0.7442414004914005,7411.75,7.41175,0.7723664004914005
cost-p128-q64-s95,128,64,128,95,1,1331,406,925,0.6949661908339594,21296.0,21296.0,0.0,9424.2,9424.2,0.5574661908339594,7693.9,7693.9,0.6387161908339595,7094.95,7094.95,0.6668411908339594
cost-p128-q64-s95,128,64,128,95,10,1331,406,925,0.6949661908339594,21296.0,2129.6,0.0,9424.2,942.4200000000001,0.5574661908339594,7693.9,769.39,0.6387161908339595,7094.95,709.495,0.6668411908339594
cost-p128-q64-s95,128,64,128,95,100,1331,406,925,0.6949661908339594,21296.0,212.96,0.0,9424.2,94.242,0.5574661908339594,7693.9,76.939,0.6387161908339595,7094.95,70.9495,0.6668411908339594
cost-p128-q64-s95,128,64,128,95,1000,1331,406,925,0.6949661908339594,21296.0,21.296,0.0,9424.2,9.4242,0.5574661908339594,7693.9,7.693899999999999,0.6387161908339595,7094.95,7.09495,0.6668411908339594
cost-p128-q64-s96,128,64,128,96,1,1507,406,1101,0.7305905773059058,24112.0,24112.0,0.0,9811.4,9811.4,0.5930905773059058,7852.3,7852.3,0.6743405773059058,7174.15,7174.15,0.7024655773059058
cost-p128-q64-s96,128,64,128,96,10,1507,406,1101,0.7305905773059058,24112.0,2411.2,0.0,9811.4,981.14,0.5930905773059058,7852.3,785.23,0.6743405773059058,7174.15,717.415,0.7024655773059058
cost-p128-q64-s96,128,64,128,96,100,1507,406,1101,0.7305905773059058,24112.0,241.12,0.0,9811.4,98.11399999999999,0.5930905773059058,7852.3,78.523,0.6743405773059058,7174.15,71.7415,0.7024655773059058
cost-p128-q64-s96,128,64,128,96,1000,1507,406,1101,0.7305905773059058,24112.0,24.112,0.0,9811.4,9.811399999999999,0.5930905773059058,7852.3,7.8523000000000005,0.6743405773059058,7174.15,7.17415,0.7024655773059058
cost-p128-q64-s97,128,64,128,97,1,1683,406,1277,0.7587641117052881,26928.0,26928.0,0.0,10198.6,10198.6,0.6212641117052883,8010.7,8010.7,0.7025141117052881,7253.35,7253.35,0.7306391117052883
cost-p128-q64-s97,128,64,128,97,10,1683,406,1277,0.7587641117052881,26928.0,2692.8,0.0,10198.6,1019.86,0.6212641117052883,8010.7,801.0699999999999,0.7025141117052881,7253.35,725.335,0.7306391117052883
cost-p128-q64-s97,128,64,128,97,100,1683,406,1277,0.7587641117052881,26928.0,269.28,0.0,10198.6,101.986,0.6212641117052883,8010.7,80.107,0.7025141117052881,7253.35,72.5335,0.7306391117052883
cost-p128-q64-s97,128,64,128,97,1000,1683,406,1277,0.7587641117052881,26928.0,26.928,0.0,10198.6,10.1986,0.6212641117052883,8010.7,8.0107,0.7025141117052881,7253.35,7.25335,0.7306391117052883
cost-p128-q64-s98,128,64,128,98,1,1859,406,1453,0.7816030123722432,29744.0,29744.0,0.0,10585.8,10585.8,0.6441030123722432,8169.1,8169.1,0.7253530123722431,7332.55,7332.55,0.7534780123722432
cost-p128-q64-s98,128,64,128,98,10,1859,406,1453,0.7816030123722432,29744.0,2974.4,0.0,10585.8,1058.58,0.6441030123722432,8169.1,816.9100000000001,0.7253530123722431,7332.55,733.255,0.7534780123722432
cost-p128-q64-s98,128,64,128,98,100,1859,406,1453,0.7816030123722432,29744.0,297.44,0.0,10585.8,105.85799999999999,0.6441030123722432,8169.1,81.691,0.7253530123722431,7332.55,73.3255,0.7534780123722432
cost-p128-q64-s98,128,64,128,98,1000,1859,406,1453,0.7816030123722432,29744.0,29.744,0.0,10585.8,10.585799999999999,0.6441030123722432,8169.1,8.1691,0.7253530123722431,7332.55,7.33255,0.7534780123722432
cost-p128-q64-s99,128,64,128,99,1,2035,406,1629,0.8004914004914004,32560.0,32560.0,0.0,10973.0,10973.0,0.6629914004914005,8327.5,8327.5,0.7442414004914005,7411.75,7411.75,0.7723664004914005
cost-p128-q64-s99,128,64,128,99,10,2035,406,1629,0.8004914004914004,32560.0,3256.0,0.0,10973.0,1097.3,0.6629914004914005,8327.5,832.75,0.7442414004914005,7411.75,741.175,0.7723664004914005
cost-p128-q64-s99,128,64,128,99,100,2035,406,1629,0.8004914004914004,32560.0,325.6,0.0,10973.0,109.73,0.6629914004914005,8327.5,83.275,0.7442414004914005,7411.75,74.1175,0.7723664004914005
cost-p128-q64-s99,128,64,128,99,1000,2035,406,1629,0.8004914004914004,32560.0,32.56,0.0,10973.0,10.973,0.6629914004914005,8327.5,8.3275,0.7442414004914005,7411.75,7.41175,0.7723664004914005
cost-p128-q64-s100,128,64,128,100,1,1333,406,927,0.695423855963991,21328.0,21328.0,0.0,9428.6,9428.6,0.557923855963991,7695.7,7695.7,0.639173855963991,7095.85,7095.85,0.667298855963991
cost-p128-q64-s100,128,64,128,100,10,1333,406,927,0.695423855963991,21328.0,2132.8,0.0,9428.6,942.86,0.557923855963991,7695.7,769.5699999999999,0.639173855963991,7095.85,709.585,0.667298855963991
cost-p128-q64-s100,128,64,128,100,100,1333,406,927,0.695423855963991,21328.0,213.28,0.0,9428.6,94.286,0.557923855963991,7695.7,76.957,0.639173855963991,7095.85,70.9585,0.667298855963991
cost-p128-q64-s100,128,64,128,100,1000,1333,406,927,0.695423855963991,21328.0,21.328,0.0,9428.6,9.428600000000001,0.557923855963991,7695.7,7.6956999999999995,0.639173855963991,7095.85,7.09585,0.667298855963991
cost-p128-q256-s1,128,256,128,1,1,1699,406,1293,0.761035903472631,27184.0,27184.0,0.0,10233.8,10233.8,0.623535903472631,8025.1,8025.1,0.704785903472631,7260.55,7260.55,0.732910903472631
cost-p128-q256-s1,128,256,128,1,10,1699,406,1293,0.761035903472631,27184.0,2718.4,0.0,10233.8,1023.3799999999999,0.623535903472631,8025.1,802.51,0.704785903472631,7260.55,726.0550000000001,0.732910903472631
cost-p128-q256-s1,128,256,128,1,100,1699,406,1293,0.761035903472631,27184.0,271.84,0.0,10233.8,102.338,0.623535903472631,8025.1,80.251,0.704785903472631,7260.55,72.6055,0.732910903472631
cost-p128-q256-s1,128,256,128,1,1000,1699,406,1293,0.761035903472631,27184.0,27.184,0.0,10233.8,10.233799999999999,0.623535903472631,8025.1,8.0251,0.704785903472631,7260.55,7.26055,0.732910903472631
cost-p128-q256-s2,128,256,128,2,1,1875,406,1469,0.7834666666666666,30000.0,30000.0,0.0,10621.0,10621.0,0.6459666666666667,8183.5,8183.5,0.7272166666666666,7339.75,7339.75,0.7553416666666667
cost-p128-q256-s2,128,256,128,2,10,1875,406,1469,0.7834666666666666,30000.0,3000.0,0.0,10621.0,1062.1,0.6459666666666667,8183.5,818.35,0.7272166666666666,7339.75,733.975,0.7553416666666667
cost-p128-q256-s2,128,256,128,2,100,1875,406,1469,0.7834666666666666,30000.0,300.0,0.0,10621.0,106.21,0.6459666666666667,8183.5,81.835,0.7272166666666666,7339.75,73.3975,0.7553416666666667
cost-p128-q256-s2,128,256,128,2,1000,1875,406,1469,0.7834666666666666,30000.0,30.0,0.0,10621.0,10.621,0.6459666666666667,8183.5,8.1835,0.7272166666666666,7339.75,7.33975,0.7553416666666667
cost-p128-q256-s3,128,256,128,3,1,2051,406,1645,0.8020477815699659,32816.0,32816.0,0.0,11008.2,11008.2,0.6645477815699659,8341.9,8341.9,0.7457977815699658,7418.95,7418.95,0.7739227815699659
cost-p128-q256-s3,128,256,128,3,10,2051,406,1645,0.8020477815699659,32816.0,3281.6,0.0,11008.2,1100.8200000000002,0.6645477815699659,8341.9,834.1899999999999,0.7457977815699658,7418.95,741.895,0.7739227815699659
cost-p128-q256-s3,128,256,128,3,100,2051,406,1645,0.8020477815699659,32816.0,328.16,0.0,11008.2,110.08200000000001,0.6645477815699659,8341.9,83.419,0.7457977815699658,7418.95,74.1895,0.7739227815699659
cost-p128-q256-s3,128,256,128,3,1000,2051,406,1645,0.8020477815699659,32816.0,32.816,0.0,11008.2,11.0082,0.6645477815699659,8341.9,8.341899999999999,0.7457977815699658,7418.95,7.41895,0.7739227815699659
cost-p128-q256-s4,128,256,128,4,1,2227,406,1821,0.8176919622810956,35632.0,35632.0,0.0,11395.400000000001,11395.400000000001,0.6801919622810956,8500.3,8500.3,0.7614419622810956,7498.15,7498.15,0.7895669622810956
cost-p128-q256-s4,128,256,128,4,10,2227,406,1821,0.8176919622810956,35632.0,3563.2,0.0,11395.400000000001,1139.5400000000002,0.6801919622810956,8500.3,850.03,0.7614419622810956,7498.15,749.8149999999999,0.7895669622810956
cost-p128-q256-s4,128,256,128,4,100,2227,406,1821,0.8176919622810956,35632.0,356.32,0.0,11395.400000000001,113.95400000000001,0.6801919622810956,8500.3,85.00299999999999,0.7614419622810956,7498.15,74.9815,0.7895669622810956
cost-p128-q256-s4,128,256,128,4,1000,2227,406,1821,0.8176919622810956,35632.0,35.632,0.0,11395.400000000001,11.395400000000002,0.6801919622810956,8500.3,8.5003,0.7614419622810956,7498.15,7.49815,0.7895669622810956
cost-p128-q256-s5,128,256,128,5,1,1523,406,1117,0.7334208798424163,24368.0,24368.0,0.0,9846.6,9846.6,0.5959208798424163,7866.7,7866.7,0.6771708798424163,7181.35,7181.35,0.7052958798424164
cost-p128-q256-s5,128,256,128,5,10,1523,406,1117,0.7334208798424163,24368.0,2436.8,0.0,9846.6,984.6600000000001,0.5959208798424163,7866.7,786.67,0.6771708798424163,7181.35,718.135,0.7052958798424164
cost-p128-q256-s5,128,256,128,5,100,1523,406,1117,0.7334208798424163,24368.0,243.68,0.0,9846.6,98.46600000000001,0.5959208798424163,7866.7,78.667,0.6771708798424163,7181.35,71.8135,0.7052958798424164
cost-p128-q256-s5,128,256,128,5,1000,1523,406,1117,0.7334208798424163,24368.0,24.368,0.0,9846.6,9.8466,0.5959208798424163,7866.7,7.8667,0.6771708798424163,7181.35,7.18135,0.7052958798424164
cost-p128-q256-s6,128,256,128,6,1,1699,406,1293,0.761035903472631,27184.0,27184.0,0.0,10233.8,10233.8,0.623535903472631,8025.1,8025.1,0.704785903472631,7260.55,7260.55,0.732910903472631
cost-p128-q256-s6,128,256,128,6,10,1699,406,1293,0.761035903472631,27184.0,2718.4,0.0,10233.8,1023.3799999999999,0.623535903472631,8025.1,802.51,0.704785903472631,7260.55,726.0550000000001,0.732910903472631
cost-p128-q256-s6,128,256,128,6,100,1699,406,1293,0.761035903472631,27184.0,271.84,0.0,10233.8,102.338,0.623535903472631,8025.1,80.251,0.704785903472631,7260.55,72.6055,0.732910903472631
cost-p128-q256-s6,128,256,128,6,1000,1699,406,1293,0.761035903472631,27184.0,27.184,0.0,10233.8,10.233799999999999,0.623535903472631,8025.1,8.0251,0.704785903472631,7260.55,7.26055,0.732910903472631
cost-p128-q256-s7,128,256,128,7,1,1875,406,1469,0.7834666666666666,30000.0,30000.0,0.0,10621.0,10621.0,0.6459666666666667,8183.5,8183.5,0.7272166666666666,7339.75,7339.75,0.7553416666666667
cost-p128-q256-s7,128,256,128,7,10,1875,406,1469,0.7834666666666666,30000.0,3000.0,0.0,10621.0,1062.1,0.6459666666666667,8183.5,818.35,0.7272166666666666,7339.75,733.975,0.7553416666666667
cost-p128-q256-s7,128,256,128,7,100,1875,406,1469,0.7834666666666666,30000.0,300.0,0.0,10621.0,106.21,0.6459666666666667,8183.5,81.835,0.7272166666666666,7339.75,73.3975,0.7553416666666667
cost-p128-q256-s7,128,256,128,7,1000,1875,406,1469,0.7834666666666666,30000.0,30.0,0.0,10621.0,10.621,0.6459666666666667,8183.5,8.1835,0.7272166666666666,7339.75,7.33975,0.7553416666666667
cost-p128-q256-s8,128,256,128,8,1,2051,406,1645,0.8020477815699659,32816.0,32816.0,0.0,11008.2,11008.2,0.6645477815699659,8341.9,8341.9,0.7457977815699658,7418.95,7418.95,0.7739227815699659
cost-p128-q256-s8,128,256,128,8,10,2051,406,1645,0.8020477815699659,32816.0,3281.6,0.0,11008.2,1100.8200000000002,0.6645477815699659,8341.9,834.1899999999999,0.7457977815699658,7418.95,741.895,0.7739227815699659
cost-p128-q256-s8,128,256,128,8,100,2051,406,1645,0.8020477815699659,32816.0,328.16,0.0,11008.2,110.08200000000001,0.6645477815699659,8341.9,83.419,0.7457977815699658,7418.95,74.1895,0.7739227815699659
cost-p128-q256-s8,128,256,128,8,1000,2051,406,1645,0.8020477815699659,32816.0,32.816,0.0,11008.2,11.0082,0.6645477815699659,8341.9,8.341899999999999,0.7457977815699658,7418.95,7.41895,0.7739227815699659
cost-p128-q256-s9,128,256,128,9,1,2227,406,1821,0.8176919622810956,35632.0,35632.0,0.0,11395.400000000001,11395.400000000001,0.6801919622810956,8500.3,8500.3,0.7614419622810956,7498.15,7498.15,0.7895669622810956
cost-p128-q256-s9,128,256,128,9,10,2227,406,1821,0.8176919622810956,35632.0,3563.2,0.0,11395.400000000001,1139.5400000000002,0.6801919622810956,8500.3,850.03,0.7614419622810956,7498.15,749.8149999999999,0.7895669622810956
cost-p128-q256-s9,128,256,128,9,100,2227,406,1821,0.8176919622810956,35632.0,356.32,0.0,11395.400000000001,113.95400000000001,0.6801919622810956,8500.3,85.00299999999999,0.7614419622810956,7498.15,74.9815,0.7895669622810956
cost-p128-q256-s9,128,256,128,9,1000,2227,406,1821,0.8176919622810956,35632.0,35.632,0.0,11395.400000000001,11.395400000000002,0.6801919622810956,8500.3,8.5003,0.7614419622810956,7498.15,7.49815,0.7895669622810956
cost-p128-q256-s10,128,256,128,10,1,1525,406,1119,0.7337704918032787,24400.0,24400.0,0.0,9851.0,9851.0,0.5962704918032787,7868.5,7868.5,0.6775204918032787,7182.25,7182.25,0.7056454918032787
cost-p128-q256-s10,128,256,128,10,10,1525,406,1119,0.7337704918032787,24400.0,2440.0,0.0,9851.0,985.1,0.5962704918032787,7868.5,786.85,0.6775204918032787,7182.25,718.225,0.7056454918032787
cost-p128-q256-s10,128,256,128,10,100,1525,406,1119,0.7337704918032787,24400.0,244.0,0.0,9851.0,98.51,0.5962704918032787,7868.5,78.685,0.6775204918032787,7182.25,71.8225,0.7056454918032787
cost-p128-q256-s10,128,256,128,10,1000,1525,406,1119,0.7337704918032787,24400.0,24.4,0.0,9851.0,9.851,0.5962704918032787,7868.5,7.8685,0.6775204918032787,7182.25,7.18225,0.7056454918032787
cost-p128-q256-s11,128,256,128,11,1,1701,406,1295,0.7613168724279835,27216.0,27216.0,0.0,10238.2,10238.2,0.6238168724279836,8026.9,8026.9,0.7050668724279835,7261.45,7261.45,0.7331918724279836
cost-p128-q256-s11,128,256,128,11,10,1701,406,1295,0.7613168724279835,27216.0,2721.6,0.0,10238.2,1023.82,0.6238168724279836,8026.9,802.6899999999999,0.7050668724279835,7261.45,726.145,0.7331918724279836
cost-p128-q256-s11,128,256,128,11,100,1701,406,1295,0.7613168724279835,27216.0,272.16,0.0,10238.2,102.382,0.6238168724279836,8026.9,80.26899999999999,0.7050668724279835,7261.45,72.61449999999999,0.7331918724279836
cost-p128-q256-s11,128,256,128,11,1000,1701,406,1295,0.7613168724279835,27216.0,27.216,0.0,10238.2,10.2382,0.6238168724279836,8026.9,8.0269,0.7050668724279835,7261.45,7.26145,0.7331918724279836
cost-p128-q256-s12,128,256,128,12,1,1877,406,1471,0.783697389451252,30032.0,30032.0,0.0,10625.400000000001,10625.400000000001,0.6461973894512519,8185.3,8185.3,0.727447389451252,7340.65,7340.65,0.7555723894512519
cost-p128-q256-s12,128,256,128,12,10,1877,406,1471,0.783697389451252,30032.0,3003.2,0.0,10625.400000000001,1062.5400000000002,0.6461973894512519,8185.3,818.53,0.727447389451252,7340.65,734.0649999999999,0.7555723894512519
cost-p128-q256-s12,128,256,128,12,100,1877,406,1471,0.783697389451252,30032.0,300.32,0.0,10625.400000000001,106.25400000000002,0.6461973894512519,8185.3,81.85300000000001,0.727447389451252,7340.65,73.4065,0.7555723894512519
cost-p128-q256-s12,128,256,128,12,1000,1877,406,1471,0.783697389451252,30032.0,30.032,0.0,10625.400000000001,10.6254,0.6461973894512519,8185.3,8.1853,0.727447389451252,7340.65,7.340649999999999,0.7555723894512519
cost-p128-q256-s13,128,256,128,13,1,2053,406,1647,0.8022406234778373,32848.0,32848.0,0.0,11012.6,11012.6,0.6647406234778374,8343.7,8343.7,0.7459906234778373,7419.85,7419.85,0.7741156234778374
cost-p128-q256-s13,128,256,128,13,10,2053,406,1647,0.8022406234778373,32848.0,3284.8,0.0,11012.6,1101.26,0.6647406234778374,8343.7,834.3700000000001,0.7459906234778373,7419.85,741.985,0.7741156234778374
cost-p128-q256-s13,128,256,128,13,100,2053,406,1647,0.8022406234778373,32848.0,328.48,0.0,11012.6,110.126,0.6647406234778374,8343.7,83.43700000000001,0.7459906234778373,7419.85,74.19850000000001,0.7741156234778374
cost-p128-q256-s13,128,256,128,13,1000,2053,406,1647,0.8022406234778373,32848.0,32.848,0.0,11012.6,11.0126,0.6647406234778374,8343.7,8.3437,0.7459906234778373,7419.85,7.41985,0.7741156234778374
cost-p128-q256-s14,128,256,128,14,1,2229,406,1823,0.8178555406011665,35664.0,35664.0,0.0,11399.8,11399.8,0.6803555406011664,8502.1,8502.1,0.7616055406011665,7499.05,7499.05,0.7897305406011664
cost-p128-q256-s14,128,256,128,14,10,2229,406,1823,0.8178555406011665,35664.0,3566.4,0.0,11399.8,1139.98,0.6803555406011664,8502.1,850.21,0.7616055406011665,7499.05,749.905,0.7897305406011664
cost-p128-q256-s14,128,256,128,14,100,2229,406,1823,0.8178555406011665,35664.0,356.64,0.0,11399.8,113.99799999999999,0.6803555406011664,8502.1,85.021,0.7616055406011665,7499.05,74.9905,0.7897305406011664
cost-p128-q256-s14,128,256,128,14,1000,2229,406,1823,0.8178555406011665,35664.0,35.664,0.0,11399.8,11.399799999999999,0.6803555406011664,8502.1,8.5021,0.7616055406011665,7499.05,7.49905,0.7897305406011664
cost-p128-q256-s15,128,256,128,15,1,1525,406,1119,0.7337704918032787,24400.0,24400.0,0.0,9851.0,9851.0,0.5962704918032787,7868.5,7868.5,0.6775204918032787,7182.25,7182.25,0.7056454918032787
cost-p128-q256-s15,128,256,128,15,10,1525,406,1119,0.7337704918032787,24400.0,2440.0,0.0,9851.0,985.1,0.5962704918032787,7868.5,786.85,0.6775204918032787,7182.25,718.225,0.7056454918032787
cost-p128-q256-s15,128,256,128,15,100,1525,406,1119,0.7337704918032787,24400.0,244.0,0.0,9851.0,98.51,0.5962704918032787,7868.5,78.685,0.6775204918032787,7182.25,71.8225,0.7056454918032787
cost-p128-q256-s15,128,256,128,15,1000,1525,406,1119,0.7337704918032787,24400.0,24.4,0.0,9851.0,9.851,0.5962704918032787,7868.5,7.8685,0.6775204918032787,7182.25,7.18225,0.7056454918032787
cost-p128-q256-s16,128,256,128,16,1,1701,406,1295,0.7613168724279835,27216.0,27216.0,0.0,10238.2,10238.2,0.6238168724279836,8026.9,8026.9,0.7050668724279835,7261.45,7261.45,0.7331918724279836
cost-p128-q256-s16,128,256,128,16,10,1701,406,1295,0.7613168724279835,27216.0,2721.6,0.0,10238.2,1023.82,0.6238168724279836,8026.9,802.6899999999999,0.7050668724279835,7261.45,726.145,0.7331918724279836
cost-p128-q256-s16,128,256,128,16,100,1701,406,1295,0.7613168724279835,27216.0,272.16,0.0,10238.2,102.382,0.6238168724279836,8026.9,80.26899999999999,0.7050668724279835,7261.45,72.61449999999999,0.7331918724279836
cost-p128-q256-s16,128,256,128,16,1000,1701,406,1295,0.7613168724279835,27216.0,27.216,0.0,10238.2,10.2382,0.6238168724279836,8026.9,8.0269,0.7050668724279835,7261.45,7.26145,0.7331918724279836
cost-p128-q256-s17,128,256,128,17,1,1877,406,1471,0.783697389451252,30032.0,30032.0,0.0,10625.400000000001,10625.400000000001,0.6461973894512519,8185.3,8185.3,0.727447389451252,7340.65,7340.65,0.7555723894512519
cost-p128-q256-s17,128,256,128,17,10,1877,406,1471,0.783697389451252,30032.0,3003.2,0.0,10625.400000000001,1062.5400000000002,0.6461973894512519,8185.3,818.53,0.727447389451252,7340.65,734.0649999999999,0.7555723894512519
cost-p128-q256-s17,128,256,128,17,100,1877,406,1471,0.783697389451252,30032.0,300.32,0.0,10625.400000000001,106.25400000000002,0.6461973894512519,8185.3,81.85300000000001,0.727447389451252,7340.65,73.4065,0.7555723894512519
cost-p128-q256-s17,128,256,128,17,1000,1877,406,1471,0.783697389451252,30032.0,30.032,0.0,10625.400000000001,10.6254,0.6461973894512519,8185.3,8.1853,0.727447389451252,7340.65,7.340649999999999,0.7555723894512519
cost-p128-q256-s18,128,256,128,18,1,2053,406,1647,0.8022406234778373,32848.0,32848.0,0.0,11012.6,11012.6,0.6647406234778374,8343.7,8343.7,0.7459906234778373,7419.85,7419.85,0.7741156234778374
cost-p128-q256-s18,128,256,128,18,10,2053,406,1647,0.8022406234778373,32848.0,3284.8,0.0,11012.6,1101.26,0.6647406234778374,8343.7,834.3700000000001,0.7459906234778373,7419.85,741.985,0.7741156234778374
cost-p128-q256-s18,128,256,128,18,100,2053,406,1647,0.8022406234778373,32848.0,328.48,0.0,11012.6,110.126,0.6647406234778374,8343.7,83.43700000000001,0.7459906234778373,7419.85,74.19850000000001,0.7741156234778374
cost-p128-q256-s18,128,256,128,18,1000,2053,406,1647,0.8022406234778373,32848.0,32.848,0.0,11012.6,11.0126,0.6647406234778374,8343.7,8.3437,0.7459906234778373,7419.85,7.41985,0.7741156234778374
cost-p128-q256-s19,128,256,128,19,1,2229,406,1823,0.8178555406011665,35664.0,35664.0,0.0,11399.8,11399.8,0.6803555406011664,8502.1,8502.1,0.7616055406011665,7499.05,7499.05,0.7897305406011664
cost-p128-q256-s19,128,256,128,19,10,2229,406,1823,0.8178555406011665,35664.0,3566.4,0.0,11399.8,1139.98,0.6803555406011664,8502.1,850.21,0.7616055406011665,7499.05,749.905,0.7897305406011664
cost-p128-q256-s19,128,256,128,19,100,2229,406,1823,0.8178555406011665,35664.0,356.64,0.0,11399.8,113.99799999999999,0.6803555406011664,8502.1,85.021,0.7616055406011665,7499.05,74.9905,0.7897305406011664
cost-p128-q256-s19,128,256,128,19,1000,2229,406,1823,0.8178555406011665,35664.0,35.664,0.0,11399.8,11.399799999999999,0.6803555406011664,8502.1,8.5021,0.7616055406011665,7499.05,7.49905,0.7897305406011664
cost-p128-q256-s20,128,256,128,20,1,1525,406,1119,0.7337704918032787,24400.0,24400.0,0.0,9851.0,9851.0,0.5962704918032787,7868.5,7868.5,0.6775204918032787,7182.25,7182.25,0.7056454918032787
cost-p128-q256-s20,128,256,128,20,10,1525,406,1119,0.7337704918032787,24400.0,2440.0,0.0,9851.0,985.1,0.5962704918032787,7868.5,786.85,0.6775204918032787,7182.25,718.225,0.7056454918032787
cost-p128-q256-s20,128,256,128,20,100,1525,406,1119,0.7337704918032787,24400.0,244.0,0.0,9851.0,98.51,0.5962704918032787,7868.5,78.685,0.6775204918032787,7182.25,71.8225,0.7056454918032787
cost-p128-q256-s20,128,256,128,20,1000,1525,406,1119,0.7337704918032787,24400.0,24.4,0.0,9851.0,9.851,0.5962704918032787,7868.5,7.8685,0.6775204918032787,7182.25,7.18225,0.7056454918032787
cost-p128-q256-s21,128,256,128,21,1,1701,406,1295,0.7613168724279835,27216.0,27216.0,0.0,10238.2,10238.2,0.6238168724279836,8026.9,8026.9,0.7050668724279835,7261.45,7261.45,0.7331918724279836
cost-p128-q256-s21,128,256,128,21,10,1701,406,1295,0.7613168724279835,27216.0,2721.6,0.0,10238.2,1023.82,0.6238168724279836,8026.9,802.6899999999999,0.7050668724279835,7261.45,726.145,0.7331918724279836
cost-p128-q256-s21,128,256,128,21,100,1701,406,1295,0.7613168724279835,27216.0,272.16,0.0,10238.2,102.382,0.6238168724279836,8026.9,80.26899999999999,0.7050668724279835,7261.45,72.61449999999999,0.7331918724279836
cost-p128-q256-s21,128,256,128,21,1000,1701,406,1295,0.7613168724279835,27216.0,27.216,0.0,10238.2,10.2382,0.6238168724279836,8026.9,8.0269,0.7050668724279835,7261.45,7.26145,0.7331918724279836
cost-p128-q256-s22,128,256,128,22,1,1877,406,1471,0.783697389451252,30032.0,30032.0,0.0,10625.400000000001,10625.400000000001,0.6461973894512519,8185.3,8185.3,0.727447389451252,7340.65,7340.65,0.7555723894512519
cost-p128-q256-s22,128,256,128,22,10,1877,406,1471,0.783697389451252,30032.0,3003.2,0.0,10625.400000000001,1062.5400000000002,0.6461973894512519,8185.3,818.53,0.727447389451252,7340.65,734.0649999999999,0.7555723894512519
cost-p128-q256-s22,128,256,128,22,100,1877,406,1471,0.783697389451252,30032.0,300.32,0.0,10625.400000000001,106.25400000000002,0.6461973894512519,8185.3,81.85300000000001,0.727447389451252,7340.65,73.4065,0.7555723894512519
cost-p128-q256-s22,128,256,128,22,1000,1877,406,1471,0.783697389451252,30032.0,30.032,0.0,10625.400000000001,10.6254,0.6461973894512519,8185.3,8.1853,0.727447389451252,7340.65,7.340649999999999,0.7555723894512519
cost-p128-q256-s23,128,256,128,23,1,2053,406,1647,0.8022406234778373,32848.0,32848.0,0.0,11012.6,11012.6,0.6647406234778374,8343.7,8343.7,0.7459906234778373,7419.85,7419.85,0.7741156234778374
cost-p128-q256-s23,128,256,128,23,10,2053,406,1647,0.8022406234778373,32848.0,3284.8,0.0,11012.6,1101.26,0.6647406234778374,8343.7,834.3700000000001,0.7459906234778373,7419.85,741.985,0.7741156234778374
cost-p128-q256-s23,128,256,128,23,100,2053,406,1647,0.8022406234778373,32848.0,328.48,0.0,11012.6,110.126,0.6647406234778374,8343.7,83.43700000000001,0.7459906234778373,7419.85,74.19850000000001,0.7741156234778374
cost-p128-q256-s23,128,256,128,23,1000,2053,406,1647,0.8022406234778373,32848.0,32.848,0.0,11012.6,11.0126,0.6647406234778374,8343.7,8.3437,0.7459906234778373,7419.85,7.41985,0.7741156234778374
cost-p128-q256-s24,128,256,128,24,1,2229,406,1823,0.8178555406011665,35664.0,35664.0,0.0,11399.8,11399.8,0.6803555406011664,8502.1,8502.1,0.7616055406011665,7499.05,7499.05,0.7897305406011664
cost-p128-q256-s24,128,256,128,24,10,2229,406,1823,0.8178555406011665,35664.0,3566.4,0.0,11399.8,1139.98,0.6803555406011664,8502.1,850.21,0.7616055406011665,7499.05,749.905,0.7897305406011664
cost-p128-q256-s24,128,256,128,24,100,2229,406,1823,0.8178555406011665,35664.0,356.64,0.0,11399.8,113.99799999999999,0.6803555406011664,8502.1,85.021,0.7616055406011665,7499.05,74.9905,0.7897305406011664
cost-p128-q256-s24,128,256,128,24,1000,2229,406,1823,0.8178555406011665,35664.0,35.664,0.0,11399.8,11.399799999999999,0.6803555406011664,8502.1,8.5021,0.7616055406011665,7499.05,7.49905,0.7897305406011664
cost-p128-q256-s25,128,256,128,25,1,1525,406,1119,0.7337704918032787,24400.0,24400.0,0.0,9851.0,9851.0,0.5962704918032787,7868.5,7868.5,0.6775204918032787,7182.25,7182.25,0.7056454918032787
cost-p128-q256-s25,128,256,128,25,10,1525,406,1119,0.7337704918032787,24400.0,2440.0,0.0,9851.0,985.1,0.5962704918032787,7868.5,786.85,0.6775204918032787,7182.25,718.225,0.7056454918032787
cost-p128-q256-s25,128,256,128,25,100,1525,406,1119,0.7337704918032787,24400.0,244.0,0.0,9851.0,98.51,0.5962704918032787,7868.5,78.685,0.6775204918032787,7182.25,71.8225,0.7056454918032787
cost-p128-q256-s25,128,256,128,25,1000,1525,406,1119,0.7337704918032787,24400.0,24.4,0.0,9851.0,9.851,0.5962704918032787,7868.5,7.8685,0.6775204918032787,7182.25,7.18225,0.7056454918032787
cost-p128-q256-s26,128,256,128,26,1,1701,406,1295,0.7613168724279835,27216.0,27216.0,0.0,10238.2,10238.2,0.6238168724279836,8026.9,8026.9,0.7050668724279835,7261.45,7261.45,0.7331918724279836
cost-p128-q256-s26,128,256,128,26,10,1701,406,1295,0.7613168724279835,27216.0,2721.6,0.0,10238.2,1023.82,0.6238168724279836,8026.9,802.6899999999999,0.7050668724279835,7261.45,726.145,0.7331918724279836
cost-p128-q256-s26,128,256,128,26,100,1701,406,1295,0.7613168724279835,27216.0,272.16,0.0,10238.2,102.382,0.6238168724279836,8026.9,80.26899999999999,0.7050668724279835,7261.45,72.61449999999999,0.7331918724279836
cost-p128-q256-s26,128,256,128,26,1000,1701,406,1295,0.7613168724279835,27216.0,27.216,0.0,10238.2,10.2382,0.6238168724279836,8026.9,8.0269,0.7050668724279835,7261.45,7.26145,0.7331918724279836
cost-p128-q256-s27,128,256,128,27,1,1877,406,1471,0.783697389451252,30032.0,30032.0,0.0,10625.400000000001,10625.400000000001,0.6461973894512519,8185.3,8185.3,0.727447389451252,7340.65,7340.65,0.7555723894512519
cost-p128-q256-s27,128,256,128,27,10,1877,406,1471,0.783697389451252,30032.0,3003.2,0.0,10625.400000000001,1062.5400000000002,0.6461973894512519,8185.3,818.53,0.727447389451252,7340.65,734.0649999999999,0.7555723894512519
cost-p128-q256-s27,128,256,128,27,100,1877,406,1471,0.783697389451252,30032.0,300.32,0.0,10625.400000000001,106.25400000000002,0.6461973894512519,8185.3,81.85300000000001,0.727447389451252,7340.65,73.4065,0.7555723894512519
cost-p128-q256-s27,128,256,128,27,1000,1877,406,1471,0.783697389451252,30032.0,30.032,0.0,10625.400000000001,10.6254,0.6461973894512519,8185.3,8.1853,0.727447389451252,7340.65,7.340649999999999,0.7555723894512519
cost-p128-q256-s28,128,256,128,28,1,2053,406,1647,0.8022406234778373,32848.0,32848.0,0.0,11012.6,11012.6,0.6647406234778374,8343.7,8343.7,0.7459906234778373,7419.85,7419.85,0.7741156234778374
cost-p128-q256-s28,128,256,128,28,10,2053,406,1647,0.8022406234778373,32848.0,3284.8,0.0,11012.6,1101.26,0.6647406234778374,8343.7,834.3700000000001,0.7459906234778373,7419.85,741.985,0.7741156234778374
cost-p128-q256-s28,128,256,128,28,100,2053,406,1647,0.8022406234778373,32848.0,328.48,0.0,11012.6,110.126,0.6647406234778374,8343.7,83.43700000000001,0.7459906234778373,7419.85,74.19850000000001,0.7741156234778374
cost-p128-q256-s28,128,256,128,28,1000,2053,406,1647,0.8022406234778373,32848.0,32.848,0.0,11012.6,11.0126,0.6647406234778374,8343.7,8.3437,0.7459906234778373,7419.85,7.41985,0.7741156234778374
cost-p128-q256-s29,128,256,128,29,1,2229,406,1823,0.8178555406011665,35664.0,35664.0,0.0,11399.8,11399.8,0.6803555406011664,8502.1,8502.1,0.7616055406011665,7499.05,7499.05,0.7897305406011664
cost-p128-q256-s29,128,256,128,29,10,2229,406,1823,0.8178555406011665,35664.0,3566.4,0.0,11399.8,1139.98,0.6803555406011664,8502.1,850.21,0.7616055406011665,7499.05,749.905,0.7897305406011664
cost-p128-q256-s29,128,256,128,29,100,2229,406,1823,0.8178555406011665,35664.0,356.64,0.0,11399.8,113.99799999999999,0.6803555406011664,8502.1,85.021,0.7616055406011665,7499.05,74.9905,0.7897305406011664
cost-p128-q256-s29,128,256,128,29,1000,2229,406,1823,0.8178555406011665,35664.0,35.664,0.0,11399.8,11.399799999999999,0.6803555406011664,8502.1,8.5021,0.7616055406011665,7499.05,7.49905,0.7897305406011664
cost-p128-q256-s30,128,256,128,30,1,1525,406,1119,0.7337704918032787,24400.0,24400.0,0.0,9851.0,9851.0,0.5962704918032787,7868.5,7868.5,0.6775204918032787,7182.25,7182.25,0.7056454918032787
cost-p128-q256-s30,128,256,128,30,10,1525,406,1119,0.7337704918032787,24400.0,2440.0,0.0,9851.0,985.1,0.5962704918032787,7868.5,786.85,0.6775204918032787,7182.25,718.225,0.7056454918032787
cost-p128-q256-s30,128,256,128,30,100,1525,406,1119,0.7337704918032787,24400.0,244.0,0.0,9851.0,98.51,0.5962704918032787,7868.5,78.685,0.6775204918032787,7182.25,71.8225,0.7056454918032787
cost-p128-q256-s30,128,256,128,30,1000,1525,406,1119,0.7337704918032787,24400.0,24.4,0.0,9851.0,9.851,0.5962704918032787,7868.5,7.8685,0.6775204918032787,7182.25,7.18225,0.7056454918032787
cost-p128-q256-s31,128,256,128,31,1,1701,406,1295,0.7613168724279835,27216.0,27216.0,0.0,10238.2,10238.2,0.6238168724279836,8026.9,8026.9,0.7050668724279835,7261.45,7261.45,0.7331918724279836
cost-p128-q256-s31,128,256,128,31,10,1701,406,1295,0.7613168724279835,27216.0,2721.6,0.0,10238.2,1023.82,0.6238168724279836,8026.9,802.6899999999999,0.7050668724279835,7261.45,726.145,0.7331918724279836
cost-p128-q256-s31,128,256,128,31,100,1701,406,1295,0.7613168724279835,27216.0,272.16,0.0,10238.2,102.382,0.6238168724279836,8026.9,80.26899999999999,0.7050668724279835,7261.45,72.61449999999999,0.7331918724279836
cost-p128-q256-s31,128,256,128,31,1000,1701,406,1295,0.7613168724279835,27216.0,27.216,0.0,10238.2,10.2382,0.6238168724279836,8026.9,8.0269,0.7050668724279835,7261.45,7.26145,0.7331918724279836
cost-p128-q256-s32,128,256,128,32,1,1877,406,1471,0.783697389451252,30032.0,30032.0,0.0,10625.400000000001,10625.400000000001,0.6461973894512519,8185.3,8185.3,0.727447389451252,7340.65,7340.65,0.7555723894512519
cost-p128-q256-s32,128,256,128,32,10,1877,406,1471,0.783697389451252,30032.0,3003.2,0.0,10625.400000000001,1062.5400000000002,0.6461973894512519,8185.3,818.53,0.727447389451252,7340.65,734.0649999999999,0.7555723894512519
cost-p128-q256-s32,128,256,128,32,100,1877,406,1471,0.783697389451252,30032.0,300.32,0.0,10625.400000000001,106.25400000000002,0.6461973894512519,8185.3,81.85300000000001,0.727447389451252,7340.65,73.4065,0.7555723894512519
cost-p128-q256-s32,128,256,128,32,1000,1877,406,1471,0.783697389451252,30032.0,30.032,0.0,10625.400000000001,10.6254,0.6461973894512519,8185.3,8.1853,0.727447389451252,7340.65,7.340649999999999,0.7555723894512519
cost-p128-q256-s33,128,256,128,33,1,2053,406,1647,0.8022406234778373,32848.0,32848.0,0.0,11012.6,11012.6,0.6647406234778374,8343.7,8343.7,0.7459906234778373,7419.85,7419.85,0.7741156234778374
cost-p128-q256-s33,128,256,128,33,10,2053,406,1647,0.8022406234778373,32848.0,3284.8,0.0,11012.6,1101.26,0.6647406234778374,8343.7,834.3700000000001,0.7459906234778373,7419.85,741.985,0.7741156234778374
cost-p128-q256-s33,128,256,128,33,100,2053,406,1647,0.8022406234778373,32848.0,328.48,0.0,11012.6,110.126,0.6647406234778374,8343.7,83.43700000000001,0.7459906234778373,7419.85,74.19850000000001,0.7741156234778374
cost-p128-q256-s33,128,256,128,33,1000,2053,406,1647,0.8022406234778373,32848.0,32.848,0.0,11012.6,11.0126,0.6647406234778374,8343.7,8.3437,0.7459906234778373,7419.85,7.41985,0.7741156234778374
cost-p128-q256-s34,128,256,128,34,1,2229,406,1823,0.8178555406011665,35664.0,35664.0,0.0,11399.8,11399.8,0.6803555406011664,8502.1,8502.1,0.7616055406011665,7499.05,7499.05,0.7897305406011664
cost-p128-q256-s34,128,256,128,34,10,2229,406,1823,0.8178555406011665,35664.0,3566.4,0.0,11399.8,1139.98,0.6803555406011664,8502.1,850.21,0.7616055406011665,7499.05,749.905,0.7897305406011664
cost-p128-q256-s34,128,256,128,34,100,2229,406,1823,0.8178555406011665,35664.0,356.64,0.0,11399.8,113.99799999999999,0.6803555406011664,8502.1,85.021,0.7616055406011665,7499.05,74.9905,0.7897305406011664
cost-p128-q256-s34,128,256,128,34,1000,2229,406,1823,0.8178555406011665,35664.0,35.664,0.0,11399.8,11.399799999999999,0.6803555406011664,8502.1,8.5021,0.7616055406011665,7499.05,7.49905,0.7897305406011664
cost-p128-q256-s35,128,256,128,35,1,1525,406,1119,0.7337704918032787,24400.0,24400.0,0.0,9851.0,9851.0,0.5962704918032787,7868.5,7868.5,0.6775204918032787,7182.25,7182.25,0.7056454918032787
cost-p128-q256-s35,128,256,128,35,10,1525,406,1119,0.7337704918032787,24400.0,2440.0,0.0,9851.0,985.1,0.5962704918032787,7868.5,786.85,0.6775204918032787,7182.25,718.225,0.7056454918032787
cost-p128-q256-s35,128,256,128,35,100,1525,406,1119,0.7337704918032787,24400.0,244.0,0.0,9851.0,98.51,0.5962704918032787,7868.5,78.685,0.6775204918032787,7182.25,71.8225,0.7056454918032787
cost-p128-q256-s35,128,256,128,35,1000,1525,406,1119,0.7337704918032787,24400.0,24.4,0.0,9851.0,9.851,0.5962704918032787,7868.5,7.8685,0.6775204918032787,7182.25,7.18225,0.7056454918032787
cost-p128-q256-s36,128,256,128,36,1,1701,406,1295,0.7613168724279835,27216.0,27216.0,0.0,10238.2,10238.2,0.6238168724279836,8026.9,8026.9,0.7050668724279835,7261.45,7261.45,0.7331918724279836
cost-p128-q256-s36,128,256,128,36,10,1701,406,1295,0.7613168724279835,27216.0,2721.6,0.0,10238.2,1023.82,0.6238168724279836,8026.9,802.6899999999999,0.7050668724279835,7261.45,726.145,0.7331918724279836
cost-p128-q256-s36,128,256,128,36,100,1701,406,1295,0.7613168724279835,27216.0,272.16,0.0,10238.2,102.382,0.6238168724279836,8026.9,80.26899999999999,0.7050668724279835,7261.45,72.61449999999999,0.7331918724279836
cost-p128-q256-s36,128,256,128,36,1000,1701,406,1295,0.7613168724279835,27216.0,27.216,0.0,10238.2,10.2382,0.6238168724279836,8026.9,8.0269,0.7050668724279835,7261.45,7.26145,0.7331918724279836
cost-p128-q256-s37,128,256,128,37,1,1877,406,1471,0.783697389451252,30032.0,30032.0,0.0,10625.400000000001,10625.400000000001,0.6461973894512519,8185.3,8185.3,0.727447389451252,7340.65,7340.65,0.7555723894512519
cost-p128-q256-s37,128,256,128,37,10,1877,406,1471,0.783697389451252,30032.0,3003.2,0.0,10625.400000000001,1062.5400000000002,0.6461973894512519,8185.3,818.53,0.727447389451252,7340.65,734.0649999999999,0.7555723894512519
cost-p128-q256-s37,128,256,128,37,100,1877,406,1471,0.783697389451252,30032.0,300.32,0.0,10625.400000000001,106.25400000000002,0.6461973894512519,8185.3,81.85300000000001,0.727447389451252,7340.65,73.4065,0.7555723894512519
cost-p128-q256-s37,128,256,128,37,1000,1877,406,1471,0.783697389451252,30032.0,30.032,0.0,10625.400000000001,10.6254,0.6461973894512519,8185.3,8.1853,0.727447389451252,7340.65,7.340649999999999,0.7555723894512519
cost-p128-q256-s38,128,256,128,38,1,2053,406,1647,0.8022406234778373,32848.0,32848.0,0.0,11012.6,11012.6,0.6647406234778374,8343.7,8343.7,0.7459906234778373,7419.85,7419.85,0.7741156234778374
cost-p128-q256-s38,128,256,128,38,10,2053,406,1647,0.8022406234778373,32848.0,3284.8,0.0,11012.6,1101.26,0.6647406234778374,8343.7,834.3700000000001,0.7459906234778373,7419.85,741.985,0.7741156234778374
cost-p128-q256-s38,128,256,128,38,100,2053,406,1647,0.8022406234778373,32848.0,328.48,0.0,11012.6,110.126,0.6647406234778374,8343.7,83.43700000000001,0.7459906234778373,7419.85,74.19850000000001,0.7741156234778374
cost-p128-q256-s38,128,256,128,38,1000,2053,406,1647,0.8022406234778373,32848.0,32.848,0.0,11012.6,11.0126,0.6647406234778374,8343.7,8.3437,0.7459906234778373,7419.85,7.41985,0.7741156234778374
cost-p128-q256-s39,128,256,128,39,1,2229,406,1823,0.8178555406011665,35664.0,35664.0,0.0,11399.8,11399.8,0.6803555406011664,8502.1,8502.1,0.7616055406011665,7499.05,7499.05,0.7897305406011664
cost-p128-q256-s39,128,256,128,39,10,2229,406,1823,0.8178555406011665,35664.0,3566.4,0.0,11399.8,1139.98,0.6803555406011664,8502.1,850.21,0.7616055406011665,7499.05,749.905,0.7897305406011664
cost-p128-q256-s39,128,256,128,39,100,2229,406,1823,0.8178555406011665,35664.0,356.64,0.0,11399.8,113.99799999999999,0.6803555406011664,8502.1,85.021,0.7616055406011665,7499.05,74.9905,0.7897305406011664
cost-p128-q256-s39,128,256,128,39,1000,2229,406,1823,0.8178555406011665,35664.0,35.664,0.0,11399.8,11.399799999999999,0.6803555406011664,8502.1,8.5021,0.7616055406011665,7499.05,7.49905,0.7897305406011664
cost-p128-q256-s40,128,256,128,40,1,1525,406,1119,0.7337704918032787,24400.0,24400.0,0.0,9851.0,9851.0,0.5962704918032787,7868.5,7868.5,0.6775204918032787,7182.25,7182.25,0.7056454918032787
cost-p128-q256-s40,128,256,128,40,10,1525,406,1119,0.7337704918032787,24400.0,2440.0,0.0,9851.0,985.1,0.5962704918032787,7868.5,786.85,0.6775204918032787,7182.25,718.225,0.7056454918032787
cost-p128-q256-s40,128,256,128,40,100,1525,406,1119,0.7337704918032787,24400.0,244.0,0.0,9851.0,98.51,0.5962704918032787,7868.5,78.685,0.6775204918032787,7182.25,71.8225,0.7056454918032787
cost-p128-q256-s40,128,256,128,40,1000,1525,406,1119,0.7337704918032787,24400.0,24.4,0.0,9851.0,9.851,0.5962704918032787,7868.5,7.8685,0.6775204918032787,7182.25,7.18225,0.7056454918032787
cost-p128-q256-s41,128,256,128,41,1,1701,406,1295,0.7613168724279835,27216.0,27216.0,0.0,10238.2,10238.2,0.6238168724279836,8026.9,8026.9,0.7050668724279835,7261.45,7261.45,0.7331918724279836
cost-p128-q256-s41,128,256,128,41,10,1701,406,1295,0.7613168724279835,27216.0,2721.6,0.0,10238.2,1023.82,0.6238168724279836,8026.9,802.6899999999999,0.7050668724279835,7261.45,726.145,0.7331918724279836
cost-p128-q256-s41,128,256,128,41,100,1701,406,1295,0.7613168724279835,27216.0,272.16,0.0,10238.2,102.382,0.6238168724279836,8026.9,80.26899999999999,0.7050668724279835,7261.45,72.61449999999999,0.7331918724279836
cost-p128-q256-s41,128,256,128,41,1000,1701,406,1295,0.7613168724279835,27216.0,27.216,0.0,10238.2,10.2382,0.6238168724279836,8026.9,8.0269,0.7050668724279835,7261.45,7.26145,0.7331918724279836
cost-p128-q256-s42,128,256,128,42,1,1877,406,1471,0.783697389451252,30032.0,30032.0,0.0,10625.400000000001,10625.400000000001,0.6461973894512519,8185.3,8185.3,0.727447389451252,7340.65,7340.65,0.7555723894512519
cost-p128-q256-s42,128,256,128,42,10,1877,406,1471,0.783697389451252,30032.0,3003.2,0.0,10625.400000000001,1062.5400000000002,0.6461973894512519,8185.3,818.53,0.727447389451252,7340.65,734.0649999999999,0.7555723894512519
cost-p128-q256-s42,128,256,128,42,100,1877,406,1471,0.783697389451252,30032.0,300.32,0.0,10625.400000000001,106.25400000000002,0.6461973894512519,8185.3,81.85300000000001,0.727447389451252,7340.65,73.4065,0.7555723894512519
cost-p128-q256-s42,128,256,128,42,1000,1877,406,1471,0.783697389451252,30032.0,30.032,0.0,10625.400000000001,10.6254,0.6461973894512519,8185.3,8.1853,0.727447389451252,7340.65,7.340649999999999,0.7555723894512519
cost-p128-q256-s43,128,256,128,43,1,2053,406,1647,0.8022406234778373,32848.0,32848.0,0.0,11012.6,11012.6,0.6647406234778374,8343.7,8343.7,0.7459906234778373,7419.85,7419.85,0.7741156234778374
cost-p128-q256-s43,128,256,128,43,10,2053,406,1647,0.8022406234778373,32848.0,3284.8,0.0,11012.6,1101.26,0.6647406234778374,8343.7,834.3700000000001,0.7459906234778373,7419.85,741.985,0.7741156234778374
cost-p128-q256-s43,128,256,128,43,100,2053,406,1647,0.8022406234778373,32848.0,328.48,0.0,11012.6,110.126,0.6647406234778374,8343.7,83.43700000000001,0.7459906234778373,7419.85,74.19850000000001,0.7741156234778374
cost-p128-q256-s43,128,256,128,43,1000,2053,406,1647,0.8022406234778373,32848.0,32.848,0.0,11012.6,11.0126,0.6647406234778374,8343.7,8.3437,0.7459906234778373,7419.85,7.41985,0.7741156234778374
cost-p128-q256-s44,128,256,128,44,1,2229,406,1823,0.8178555406011665,35664.0,35664.0,0.0,11399.8,11399.8,0.6803555406011664,8502.1,8502.1,0.7616055406011665,7499.05,7499.05,0.7897305406011664
cost-p128-q256-s44,128,256,128,44,10,2229,406,1823,0.8178555406011665,35664.0,3566.4,0.0,11399.8,1139.98,0.6803555406011664,8502.1,850.21,0.7616055406011665,7499.05,749.905,0.7897305406011664
cost-p128-q256-s44,128,256,128,44,100,2229,406,1823,0.8178555406011665,35664.0,356.64,0.0,11399.8,113.99799999999999,0.6803555406011664,8502.1,85.021,0.7616055406011665,7499.05,74.9905,0.7897305406011664
cost-p128-q256-s44,128,256,128,44,1000,2229,406,1823,0.8178555406011665,35664.0,35.664,0.0,11399.8,11.399799999999999,0.6803555406011664,8502.1,8.5021,0.7616055406011665,7499.05,7.49905,0.7897305406011664
cost-p128-q256-s45,128,256,128,45,1,1525,406,1119,0.7337704918032787,24400.0,24400.0,0.0,9851.0,9851.0,0.5962704918032787,7868.5,7868.5,0.6775204918032787,7182.25,7182.25,0.7056454918032787
cost-p128-q256-s45,128,256,128,45,10,1525,406,1119,0.7337704918032787,24400.0,2440.0,0.0,9851.0,985.1,0.5962704918032787,7868.5,786.85,0.6775204918032787,7182.25,718.225,0.7056454918032787
cost-p128-q256-s45,128,256,128,45,100,1525,406,1119,0.7337704918032787,24400.0,244.0,0.0,9851.0,98.51,0.5962704918032787,7868.5,78.685,0.6775204918032787,7182.25,71.8225,0.7056454918032787
cost-p128-q256-s45,128,256,128,45,1000,1525,406,1119,0.7337704918032787,24400.0,24.4,0.0,9851.0,9.851,0.5962704918032787,7868.5,7.8685,0.6775204918032787,7182.25,7.18225,0.7056454918032787
cost-p128-q256-s46,128,256,128,46,1,1701,406,1295,0.7613168724279835,27216.0,27216.0,0.0,10238.2,10238.2,0.6238168724279836,8026.9,8026.9,0.7050668724279835,7261.45,7261.45,0.7331918724279836
cost-p128-q256-s46,128,256,128,46,10,1701,406,1295,0.7613168724279835,27216.0,2721.6,0.0,10238.2,1023.82,0.6238168724279836,8026.9,802.6899999999999,0.7050668724279835,7261.45,726.145,0.7331918724279836
cost-p128-q256-s46,128,256,128,46,100,1701,406,1295,0.7613168724279835,27216.0,272.16,0.0,10238.2,102.382,0.6238168724279836,8026.9,80.26899999999999,0.7050668724279835,7261.45,72.61449999999999,0.7331918724279836
cost-p128-q256-s46,128,256,128,46,1000,1701,406,1295,0.7613168724279835,27216.0,27.216,0.0,10238.2,10.2382,0.6238168724279836,8026.9,8.0269,0.7050668724279835,7261.45,7.26145,0.7331918724279836
cost-p128-q256-s47,128,256,128,47,1,1877,406,1471,0.783697389451252,30032.0,30032.0,0.0,10625.400000000001,10625.400000000001,0.6461973894512519,8185.3,8185.3,0.727447389451252,7340.65,7340.65,0.7555723894512519
cost-p128-q256-s47,128,256,128,47,10,1877,406,1471,0.783697389451252,30032.0,3003.2,0.0,10625.400000000001,1062.5400000000002,0.6461973894512519,8185.3,818.53,0.727447389451252,7340.65,734.0649999999999,0.7555723894512519
cost-p128-q256-s47,128,256,128,47,100,1877,406,1471,0.783697389451252,30032.0,300.32,0.0,10625.400000000001,106.25400000000002,0.6461973894512519,8185.3,81.85300000000001,0.727447389451252,7340.65,73.4065,0.7555723894512519
cost-p128-q256-s47,128,256,128,47,1000,1877,406,1471,0.783697389451252,30032.0,30.032,0.0,10625.400000000001,10.6254,0.6461973894512519,8185.3,8.1853,0.727447389451252,7340.65,7.340649999999999,0.7555723894512519
cost-p128-q256-s48,128,256,128,48,1,2053,406,1647,0.8022406234778373,32848.0,32848.0,0.0,11012.6,11012.6,0.6647406234778374,8343.7,8343.7,0.7459906234778373,7419.85,7419.85,0.7741156234778374
cost-p128-q256-s48,128,256,128,48,10,2053,406,1647,0.8022406234778373,32848.0,3284.8,0.0,11012.6,1101.26,0.6647406234778374,8343.7,834.3700000000001,0.7459906234778373,7419.85,741.985,0.7741156234778374
cost-p128-q256-s48,128,256,128,48,100,2053,406,1647,0.8022406234778373,32848.0,328.48,0.0,11012.6,110.126,0.6647406234778374,8343.7,83.43700000000001,0.7459906234778373,7419.85,74.19850000000001,0.7741156234778374
cost-p128-q256-s48,128,256,128,48,1000,2053,406,1647,0.8022406234778373,32848.0,32.848,0.0,11012.6,11.0126,0.6647406234778374,8343.7,8.3437,0.7459906234778373,7419.85,7.41985,0.7741156234778374
cost-p128-q256-s49,128,256,128,49,1,2229,406,1823,0.8178555406011665,35664.0,35664.0,0.0,11399.8,11399.8,0.6803555406011664,8502.1,8502.1,0.7616055406011665,7499.05,7499.05,0.7897305406011664
cost-p128-q256-s49,128,256,128,49,10,2229,406,1823,0.8178555406011665,35664.0,3566.4,0.0,11399.8,1139.98,0.6803555406011664,8502.1,850.21,0.7616055406011665,7499.05,749.905,0.7897305406011664
cost-p128-q256-s49,128,256,128,49,100,2229,406,1823,0.8178555406011665,35664.0,356.64,0.0,11399.8,113.99799999999999,0.6803555406011664,8502.1,85.021,0.7616055406011665,7499.05,74.9905,0.7897305406011664
cost-p128-q256-s49,128,256,128,49,1000,2229,406,1823,0.8178555406011665,35664.0,35.664,0.0,11399.8,11.399799999999999,0.6803555406011664,8502.1,8.5021,0.7616055406011665,7499.05,7.49905,0.7897305406011664
cost-p128-q256-s50,128,256,128,50,1,1525,406,1119,0.7337704918032787,24400.0,24400.0,0.0,9851.0,9851.0,0.5962704918032787,7868.5,7868.5,0.6775204918032787,7182.25,7182.25,0.7056454918032787
cost-p128-q256-s50,128,256,128,50,10,1525,406,1119,0.7337704918032787,24400.0,2440.0,0.0,9851.0,985.1,0.5962704918032787,7868.5,786.85,0.6775204918032787,7182.25,718.225,0.7056454918032787
cost-p128-q256-s50,128,256,128,50,100,1525,406,1119,0.7337704918032787,24400.0,244.0,0.0,9851.0,98.51,0.5962704918032787,7868.5,78.685,0.6775204918032787,7182.25,71.8225,0.7056454918032787
cost-p128-q256-s50,128,256,128,50,1000,1525,406,1119,0.7337704918032787,24400.0,24.4,0.0,9851.0,9.851,0.5962704918032787,7868.5,7.8685,0.6775204918032787,7182.25,7.18225,0.7056454918032787
cost-p128-q256-s51,128,256,128,51,1,1701,406,1295,0.7613168724279835,27216.0,27216.0,0.0,10238.2,10238.2,0.6238168724279836,8026.9,8026.9,0.7050668724279835,7261.45,7261.45,0.7331918724279836
cost-p128-q256-s51,128,256,128,51,10,1701,406,1295,0.7613168724279835,27216.0,2721.6,0.0,10238.2,1023.82,0.6238168724279836,8026.9,802.6899999999999,0.7050668724279835,7261.45,726.145,0.7331918724279836
cost-p128-q256-s51,128,256,128,51,100,1701,406,1295,0.7613168724279835,27216.0,272.16,0.0,10238.2,102.382,0.6238168724279836,8026.9,80.26899999999999,0.7050668724279835,7261.45,72.61449999999999,0.7331918724279836
cost-p128-q256-s51,128,256,128,51,1000,1701,406,1295,0.7613168724279835,27216.0,27.216,0.0,10238.2,10.2382,0.6238168724279836,8026.9,8.0269,0.7050668724279835,7261.45,7.26145,0.7331918724279836
cost-p128-q256-s52,128,256,128,52,1,1877,406,1471,0.783697389451252,30032.0,30032.0,0.0,10625.400000000001,10625.400000000001,0.6461973894512519,8185.3,8185.3,0.727447389451252,7340.65,7340.65,0.7555723894512519
cost-p128-q256-s52,128,256,128,52,10,1877,406,1471,0.783697389451252,30032.0,3003.2,0.0,10625.400000000001,1062.5400000000002,0.6461973894512519,8185.3,818.53,0.727447389451252,7340.65,734.0649999999999,0.7555723894512519
cost-p128-q256-s52,128,256,128,52,100,1877,406,1471,0.783697389451252,30032.0,300.32,0.0,10625.400000000001,106.25400000000002,0.6461973894512519,8185.3,81.85300000000001,0.727447389451252,7340.65,73.4065,0.7555723894512519
cost-p128-q256-s52,128,256,128,52,1000,1877,406,1471,0.783697389451252,30032.0,30.032,0.0,10625.400000000001,10.6254,0.6461973894512519,8185.3,8.1853,0.727447389451252,7340.65,7.340649999999999,0.7555723894512519
cost-p128-q256-s53,128,256,128,53,1,2053,406,1647,0.8022406234778373,32848.0,32848.0,0.0,11012.6,11012.6,0.6647406234778374,8343.7,8343.7,0.7459906234778373,7419.85,7419.85,0.7741156234778374
cost-p128-q256-s53,128,256,128,53,10,2053,406,1647,0.8022406234778373,32848.0,3284.8,0.0,11012.6,1101.26,0.6647406234778374,8343.7,834.3700000000001,0.7459906234778373,7419.85,741.985,0.7741156234778374
cost-p128-q256-s53,128,256,128,53,100,2053,406,1647,0.8022406234778373,32848.0,328.48,0.0,11012.6,110.126,0.6647406234778374,8343.7,83.43700000000001,0.7459906234778373,7419.85,74.19850000000001,0.7741156234778374
cost-p128-q256-s53,128,256,128,53,1000,2053,406,1647,0.8022406234778373,32848.0,32.848,0.0,11012.6,11.0126,0.6647406234778374,8343.7,8.3437,0.7459906234778373,7419.85,7.41985,0.7741156234778374
cost-p128-q256-s54,128,256,128,54,1,2229,406,1823,0.8178555406011665,35664.0,35664.0,0.0,11399.8,11399.8,0.6803555406011664,8502.1,8502.1,0.7616055406011665,7499.05,7499.05,0.7897305406011664
cost-p128-q256-s54,128,256,128,54,10,2229,406,1823,0.8178555406011665,35664.0,3566.4,0.0,11399.8,1139.98,0.6803555406011664,8502.1,850.21,0.7616055406011665,7499.05,749.905,0.7897305406011664
cost-p128-q256-s54,128,256,128,54,100,2229,406,1823,0.8178555406011665,35664.0,356.64,0.0,11399.8,113.99799999999999,0.6803555406011664,8502.1,85.021,0.7616055406011665,7499.05,74.9905,0.7897305406011664
cost-p128-q256-s54,128,256,128,54,1000,2229,406,1823,0.8178555406011665,35664.0,35.664,0.0,11399.8,11.399799999999999,0.6803555406011664,8502.1,8.5021,0.7616055406011665,7499.05,7.49905,0.7897305406011664
cost-p128-q256-s55,128,256,128,55,1,1525,406,1119,0.7337704918032787,24400.0,24400.0,0.0,9851.0,9851.0,0.5962704918032787,7868.5,7868.5,0.6775204918032787,7182.25,7182.25,0.7056454918032787
cost-p128-q256-s55,128,256,128,55,10,1525,406,1119,0.7337704918032787,24400.0,2440.0,0.0,9851.0,985.1,0.5962704918032787,7868.5,786.85,0.6775204918032787,7182.25,718.225,0.7056454918032787
cost-p128-q256-s55,128,256,128,55,100,1525,406,1119,0.7337704918032787,24400.0,244.0,0.0,9851.0,98.51,0.5962704918032787,7868.5,78.685,0.6775204918032787,7182.25,71.8225,0.7056454918032787
cost-p128-q256-s55,128,256,128,55,1000,1525,406,1119,0.7337704918032787,24400.0,24.4,0.0,9851.0,9.851,0.5962704918032787,7868.5,7.8685,0.6775204918032787,7182.25,7.18225,0.7056454918032787
cost-p128-q256-s56,128,256,128,56,1,1701,406,1295,0.7613168724279835,27216.0,27216.0,0.0,10238.2,10238.2,0.6238168724279836,8026.9,8026.9,0.7050668724279835,7261.45,7261.45,0.7331918724279836
cost-p128-q256-s56,128,256,128,56,10,1701,406,1295,0.7613168724279835,27216.0,2721.6,0.0,10238.2,1023.82,0.6238168724279836,8026.9,802.6899999999999,0.7050668724279835,7261.45,726.145,0.7331918724279836
cost-p128-q256-s56,128,256,128,56,100,1701,406,1295,0.7613168724279835,27216.0,272.16,0.0,10238.2,102.382,0.6238168724279836,8026.9,80.26899999999999,0.7050668724279835,7261.45,72.61449999999999,0.7331918724279836
cost-p128-q256-s56,128,256,128,56,1000,1701,406,1295,0.7613168724279835,27216.0,27.216,0.0,10238.2,10.2382,0.6238168724279836,8026.9,8.0269,0.7050668724279835,7261.45,7.26145,0.7331918724279836
cost-p128-q256-s57,128,256,128,57,1,1877,406,1471,0.783697389451252,30032.0,30032.0,0.0,10625.400000000001,10625.400000000001,0.6461973894512519,8185.3,8185.3,0.727447389451252,7340.65,7340.65,0.7555723894512519
cost-p128-q256-s57,128,256,128,57,10,1877,406,1471,0.783697389451252,30032.0,3003.2,0.0,10625.400000000001,1062.5400000000002,0.6461973894512519,8185.3,818.53,0.727447389451252,7340.65,734.0649999999999,0.7555723894512519
cost-p128-q256-s57,128,256,128,57,100,1877,406,1471,0.783697389451252,30032.0,300.32,0.0,10625.400000000001,106.25400000000002,0.6461973894512519,8185.3,81.85300000000001,0.727447389451252,7340.65,73.4065,0.7555723894512519
cost-p128-q256-s57,128,256,128,57,1000,1877,406,1471,0.783697389451252,30032.0,30.032,0.0,10625.400000000001,10.6254,0.6461973894512519,8185.3,8.1853,0.727447389451252,7340.65,7.340649999999999,0.7555723894512519
cost-p128-q256-s58,128,256,128,58,1,2053,406,1647,0.8022406234778373,32848.0,32848.0,0.0,11012.6,11012.6,0.6647406234778374,8343.7,8343.7,0.7459906234778373,7419.85,7419.85,0.7741156234778374
cost-p128-q256-s58,128,256,128,58,10,2053,406,1647,0.8022406234778373,32848.0,3284.8,0.0,11012.6,1101.26,0.6647406234778374,8343.7,834.3700000000001,0.7459906234778373,7419.85,741.985,0.7741156234778374
cost-p128-q256-s58,128,256,128,58,100,2053,406,1647,0.8022406234778373,32848.0,328.48,0.0,11012.6,110.126,0.6647406234778374,8343.7,83.43700000000001,0.7459906234778373,7419.85,74.19850000000001,0.7741156234778374
cost-p128-q256-s58,128,256,128,58,1000,2053,406,1647,0.8022406234778373,32848.0,32.848,0.0,11012.6,11.0126,0.6647406234778374,8343.7,8.3437,0.7459906234778373,7419.85,7.41985,0.7741156234778374
cost-p128-q256-s59,128,256,128,59,1,2229,406,1823,0.8178555406011665,35664.0,35664.0,0.0,11399.8,11399.8,0.6803555406011664,8502.1,8502.1,0.7616055406011665,7499.05,7499.05,0.7897305406011664
cost-p128-q256-s59,128,256,128,59,10,2229,406,1823,0.8178555406011665,35664.0,3566.4,0.0,11399.8,1139.98,0.6803555406011664,8502.1,850.21,0.7616055406011665,7499.05,749.905,0.7897305406011664
cost-p128-q256-s59,128,256,128,59,100,2229,406,1823,0.8178555406011665,35664.0,356.64,0.0,11399.8,113.99799999999999,0.6803555406011664,8502.1,85.021,0.7616055406011665,7499.05,74.9905,0.7897305406011664
cost-p128-q256-s59,128,256,128,59,1000,2229,406,1823,0.8178555406011665,35664.0,35.664,0.0,11399.8,11.399799999999999,0.6803555406011664,8502.1,8.5021,0.7616055406011665,7499.05,7.49905,0.7897305406011664
cost-p128-q256-s60,128,256,128,60,1,1525,406,1119,0.7337704918032787,24400.0,24400.0,0.0,9851.0,9851.0,0.5962704918032787,7868.5,7868.5,0.6775204918032787,7182.25,7182.25,0.7056454918032787
cost-p128-q256-s60,128,256,128,60,10,1525,406,1119,0.7337704918032787,24400.0,2440.0,0.0,9851.0,985.1,0.5962704918032787,7868.5,786.85,0.6775204918032787,7182.25,718.225,0.7056454918032787
cost-p128-q256-s60,128,256,128,60,100,1525,406,1119,0.7337704918032787,24400.0,244.0,0.0,9851.0,98.51,0.5962704918032787,7868.5,78.685,0.6775204918032787,7182.25,71.8225,0.7056454918032787
cost-p128-q256-s60,128,256,128,60,1000,1525,406,1119,0.7337704918032787,24400.0,24.4,0.0,9851.0,9.851,0.5962704918032787,7868.5,7.8685,0.6775204918032787,7182.25,7.18225,0.7056454918032787
cost-p128-q256-s61,128,256,128,61,1,1701,406,1295,0.7613168724279835,27216.0,27216.0,0.0,10238.2,10238.2,0.6238168724279836,8026.9,8026.9,0.7050668724279835,7261.45,7261.45,0.7331918724279836
cost-p128-q256-s61,128,256,128,61,10,1701,406,1295,0.7613168724279835,27216.0,2721.6,0.0,10238.2,1023.82,0.6238168724279836,8026.9,802.6899999999999,0.7050668724279835,7261.45,726.145,0.7331918724279836
cost-p128-q256-s61,128,256,128,61,100,1701,406,1295,0.7613168724279835,27216.0,272.16,0.0,10238.2,102.382,0.6238168724279836,8026.9,80.26899999999999,0.7050668724279835,7261.45,72.61449999999999,0.7331918724279836
cost-p128-q256-s61,128,256,128,61,1000,1701,406,1295,0.7613168724279835,27216.0,27.216,0.0,10238.2,10.2382,0.6238168724279836,8026.9,8.0269,0.7050668724279835,7261.45,7.26145,0.7331918724279836
cost-p128-q256-s62,128,256,128,62,1,1877,406,1471,0.783697389451252,30032.0,30032.0,0.0,10625.400000000001,10625.400000000001,0.6461973894512519,8185.3,8185.3,0.727447389451252,7340.65,7340.65,0.7555723894512519
cost-p128-q256-s62,128,256,128,62,10,1877,406,1471,0.783697389451252,30032.0,3003.2,0.0,10625.400000000001,1062.5400000000002,0.6461973894512519,8185.3,818.53,0.727447389451252,7340.65,734.0649999999999,0.7555723894512519
cost-p128-q256-s62,128,256,128,62,100,1877,406,1471,0.783697389451252,30032.0,300.32,0.0,10625.400000000001,106.25400000000002,0.6461973894512519,8185.3,81.85300000000001,0.727447389451252,7340.65,73.4065,0.7555723894512519
cost-p128-q256-s62,128,256,128,62,1000,1877,406,1471,0.783697389451252,30032.0,30.032,0.0,10625.400000000001,10.6254,0.6461973894512519,8185.3,8.1853,0.727447389451252,7340.65,7.340649999999999,0.7555723894512519
cost-p128-q256-s63,128,256,128,63,1,2053,406,1647,0.8022406234778373,32848.0,32848.0,0.0,11012.6,11012.6,0.6647406234778374,8343.7,8343.7,0.7459906234778373,7419.85,7419.85,0.7741156234778374
cost-p128-q256-s63,128,256,128,63,10,2053,406,1647,0.8022406234778373,32848.0,3284.8,0.0,11012.6,1101.26,0.6647406234778374,8343.7,834.3700000000001,0.7459906234778373,7419.85,741.985,0.7741156234778374
cost-p128-q256-s63,128,256,128,63,100,2053,406,1647,0.8022406234778373,32848.0,328.48,0.0,11012.6,110.126,0.6647406234778374,8343.7,83.43700000000001,0.7459906234778373,7419.85,74.19850000000001,0.7741156234778374
cost-p128-q256-s63,128,256,128,63,1000,2053,406,1647,0.8022406234778373,32848.0,32.848,0.0,11012.6,11.0126,0.6647406234778374,8343.7,8.3437,0.7459906234778373,7419.85,7.41985,0.7741156234778374
cost-p128-q256-s64,128,256,128,64,1,2229,406,1823,0.8178555406011665,35664.0,35664.0,0.0,11399.8,11399.8,0.6803555406011664,8502.1,8502.1,0.7616055406011665,7499.05,7499.05,0.7897305406011664
cost-p128-q256-s64,128,256,128,64,10,2229,406,1823,0.8178555406011665,35664.0,3566.4,0.0,11399.8,1139.98,0.6803555406011664,8502.1,850.21,0.7616055406011665,7499.05,749.905,0.7897305406011664
cost-p128-q256-s64,128,256,128,64,100,2229,406,1823,0.8178555406011665,35664.0,356.64,0.0,11399.8,113.99799999999999,0.6803555406011664,8502.1,85.021,0.7616055406011665,7499.05,74.9905,0.7897305406011664
cost-p128-q256-s64,128,256,128,64,1000,2229,406,1823,0.8178555406011665,35664.0,35.664,0.0,11399.8,11.399799999999999,0.6803555406011664,8502.1,8.5021,0.7616055406011665,7499.05,7.49905,0.7897305406011664
cost-p128-q256-s65,128,256,128,65,1,1525,406,1119,0.7337704918032787,24400.0,24400.0,0.0,9851.0,9851.0,0.5962704918032787,7868.5,7868.5,0.6775204918032787,7182.25,7182.25,0.7056454918032787
cost-p128-q256-s65,128,256,128,65,10,1525,406,1119,0.7337704918032787,24400.0,2440.0,0.0,9851.0,985.1,0.5962704918032787,7868.5,786.85,0.6775204918032787,7182.25,718.225,0.7056454918032787
cost-p128-q256-s65,128,256,128,65,100,1525,406,1119,0.7337704918032787,24400.0,244.0,0.0,9851.0,98.51,0.5962704918032787,7868.5,78.685,0.6775204918032787,7182.25,71.8225,0.7056454918032787
cost-p128-q256-s65,128,256,128,65,1000,1525,406,1119,0.7337704918032787,24400.0,24.4,0.0,9851.0,9.851,0.5962704918032787,7868.5,7.8685,0.6775204918032787,7182.25,7.18225,0.7056454918032787
cost-p128-q256-s66,128,256,128,66,1,1701,406,1295,0.7613168724279835,27216.0,27216.0,0.0,10238.2,10238.2,0.6238168724279836,8026.9,8026.9,0.7050668724279835,7261.45,7261.45,0.7331918724279836
cost-p128-q256-s66,128,256,128,66,10,1701,406,1295,0.7613168724279835,27216.0,2721.6,0.0,10238.2,1023.82,0.6238168724279836,8026.9,802.6899999999999,0.7050668724279835,7261.45,726.145,0.7331918724279836
cost-p128-q256-s66,128,256,128,66,100,1701,406,1295,0.7613168724279835,27216.0,272.16,0.0,10238.2,102.382,0.6238168724279836,8026.9,80.26899999999999,0.7050668724279835,7261.45,72.61449999999999,0.7331918724279836
cost-p128-q256-s66,128,256,128,66,1000,1701,406,1295,0.7613168724279835,27216.0,27.216,0.0,10238.2,10.2382,0.6238168724279836,8026.9,8.0269,0.7050668724279835,7261.45,7.26145,0.7331918724279836
cost-p128-q256-s67,128,256,128,67,1,1877,406,1471,0.783697389451252,30032.0,30032.0,0.0,10625.400000000001,10625.400000000001,0.6461973894512519,8185.3,8185.3,0.727447389451252,7340.65,7340.65,0.7555723894512519
cost-p128-q256-s67,128,256,128,67,10,1877,406,1471,0.783697389451252,30032.0,3003.2,0.0,10625.400000000001,1062.5400000000002,0.6461973894512519,8185.3,818.53,0.727447389451252,7340.65,734.0649999999999,0.7555723894512519
cost-p128-q256-s67,128,256,128,67,100,1877,406,1471,0.783697389451252,30032.0,300.32,0.0,10625.400000000001,106.25400000000002,0.6461973894512519,8185.3,81.85300000000001,0.727447389451252,7340.65,73.4065,0.7555723894512519
cost-p128-q256-s67,128,256,128,67,1000,1877,406,1471,0.783697389451252,30032.0,30.032,0.0,10625.400000000001,10.6254,0.6461973894512519,8185.3,8.1853,0.727447389451252,7340.65,7.340649999999999,0.7555723894512519
cost-p128-q256-s68,128,256,128,68,1,2053,406,1647,0.8022406234778373,32848.0,32848.0,0.0,11012.6,11012.6,0.6647406234778374,8343.7,8343.7,0.7459906234778373,7419.85,7419.85,0.7741156234778374
cost-p128-q256-s68,128,256,128,68,10,2053,406,1647,0.8022406234778373,32848.0,3284.8,0.0,11012.6,1101.26,0.6647406234778374,8343.7,834.3700000000001,0.7459906234778373,7419.85,741.985,0.7741156234778374
cost-p128-q256-s68,128,256,128,68,100,2053,406,1647,0.8022406234778373,32848.0,328.48,0.0,11012.6,110.126,0.6647406234778374,8343.7,83.43700000000001,0.7459906234778373,7419.85,74.19850000000001,0.7741156234778374
cost-p128-q256-s68,128,256,128,68,1000,2053,406,1647,0.8022406234778373,32848.0,32.848,0.0,11012.6,11.0126,0.6647406234778374,8343.7,8.3437,0.7459906234778373,7419.85,7.41985,0.7741156234778374
cost-p128-q256-s69,128,256,128,69,1,2229,406,1823,0.8178555406011665,35664.0,35664.0,0.0,11399.8,11399.8,0.6803555406011664,8502.1,8502.1,0.7616055406011665,7499.05,7499.05,0.7897305406011664
cost-p128-q256-s69,128,256,128,69,10,2229,406,1823,0.8178555406011665,35664.0,3566.4,0.0,11399.8,1139.98,0.6803555406011664,8502.1,850.21,0.7616055406011665,7499.05,749.905,0.7897305406011664
cost-p128-q256-s69,128,256,128,69,100,2229,406,1823,0.8178555406011665,35664.0,356.64,0.0,11399.8,113.99799999999999,0.6803555406011664,8502.1,85.021,0.7616055406011665,7499.05,74.9905,0.7897305406011664
cost-p128-q256-s69,128,256,128,69,1000,2229,406,1823,0.8178555406011665,35664.0,35.664,0.0,11399.8,11.399799999999999,0.6803555406011664,8502.1,8.5021,0.7616055406011665,7499.05,7.49905,0.7897305406011664
cost-p128-q256-s70,128,256,128,70,1,1525,406,1119,0.7337704918032787,24400.0,24400.0,0.0,9851.0,9851.0,0.5962704918032787,7868.5,7868.5,0.6775204918032787,7182.25,7182.25,0.7056454918032787
cost-p128-q256-s70,128,256,128,70,10,1525,406,1119,0.7337704918032787,24400.0,2440.0,0.0,9851.0,985.1,0.5962704918032787,7868.5,786.85,0.6775204918032787,7182.25,718.225,0.7056454918032787
cost-p128-q256-s70,128,256,128,70,100,1525,406,1119,0.7337704918032787,24400.0,244.0,0.0,9851.0,98.51,0.5962704918032787,7868.5,78.685,0.6775204918032787,7182.25,71.8225,0.7056454918032787
cost-p128-q256-s70,128,256,128,70,1000,1525,406,1119,0.7337704918032787,24400.0,24.4,0.0,9851.0,9.851,0.5962704918032787,7868.5,7.8685,0.6775204918032787,7182.25,7.18225,0.7056454918032787
cost-p128-q256-s71,128,256,128,71,1,1701,406,1295,0.7613168724279835,27216.0,27216.0,0.0,10238.2,10238.2,0.6238168724279836,8026.9,8026.9,0.7050668724279835,7261.45,7261.45,0.7331918724279836
cost-p128-q256-s71,128,256,128,71,10,1701,406,1295,0.7613168724279835,27216.0,2721.6,0.0,10238.2,1023.82,0.6238168724279836,8026.9,802.6899999999999,0.7050668724279835,7261.45,726.145,0.7331918724279836
cost-p128-q256-s71,128,256,128,71,100,1701,406,1295,0.7613168724279835,27216.0,272.16,0.0,10238.2,102.382,0.6238168724279836,8026.9,80.26899999999999,0.7050668724279835,7261.45,72.61449999999999,0.7331918724279836
cost-p128-q256-s71,128,256,128,71,1000,1701,406,1295,0.7613168724279835,27216.0,27.216,0.0,10238.2,10.2382,0.6238168724279836,8026.9,8.0269,0.7050668724279835,7261.45,7.26145,0.7331918724279836
cost-p128-q256-s72,128,256,128,72,1,1877,406,1471,0.783697389451252,30032.0,30032.0,0.0,10625.400000000001,10625.400000000001,0.6461973894512519,8185.3,8185.3,0.727447389451252,7340.65,7340.65,0.7555723894512519
cost-p128-q256-s72,128,256,128,72,10,1877,406,1471,0.783697389451252,30032.0,3003.2,0.0,10625.400000000001,1062.5400000000002,0.6461973894512519,8185.3,818.53,0.727447389451252,7340.65,734.0649999999999,0.7555723894512519
cost-p128-q256-s72,128,256,128,72,100,1877,406,1471,0.783697389451252,30032.0,300.32,0.0,10625.400000000001,106.25400000000002,0.6461973894512519,8185.3,81.85300000000001,0.727447389451252,7340.65,73.4065,0.7555723894512519
cost-p128-q256-s72,128,256,128,72,1000,1877,406,1471,0.783697389451252,30032.0,30.032,0.0,10625.400000000001,10.6254,0.6461973894512519,8185.3,8.1853,0.727447389451252,7340.65,7.340649999999999,0.7555723894512519
cost-p128-q256-s73,128,256,128,73,1,2053,406,1647,0.8022406234778373,32848.0,32848.0,0.0,11012.6,11012.6,0.6647406234778374,8343.7,8343.7,0.7459906234778373,7419.85,7419.85,0.7741156234778374
cost-p128-q256-s73,128,256,128,73,10,2053,406,1647,0.8022406234778373,32848.0,3284.8,0.0,11012.6,1101.26,0.6647406234778374,8343.7,834.3700000000001,0.7459906234778373,7419.85,741.985,0.7741156234778374
cost-p128-q256-s73,128,256,128,73,100,2053,406,1647,0.8022406234778373,32848.0,328.48,0.0,11012.6,110.126,0.6647406234778374,8343.7,83.43700000000001,0.7459906234778373,7419.85,74.19850000000001,0.7741156234778374
cost-p128-q256-s73,128,256,128,73,1000,2053,406,1647,0.8022406234778373,32848.0,32.848,0.0,11012.6,11.0126,0.6647406234778374,8343.7,8.3437,0.7459906234778373,7419.85,7.41985,0.7741156234778374
cost-p128-q256-s74,128,256,128,74,1,2229,406,1823,0.8178555406011665,35664.0,35664.0,0.0,11399.8,11399.8,0.6803555406011664,8502.1,8502.1,0.7616055406011665,7499.05,7499.05,0.7897305406011664
cost-p128-q256-s74,128,256,128,74,10,2229,406,1823,0.8178555406011665,35664.0,3566.4,0.0,11399.8,1139.98,0.6803555406011664,8502.1,850.21,0.7616055406011665,7499.05,749.905,0.7897305406011664
cost-p128-q256-s74,128,256,128,74,100,2229,406,1823,0.8178555406011665,35664.0,356.64,0.0,11399.8,113.99799999999999,0.6803555406011664,8502.1,85.021,0.7616055406011665,7499.05,74.9905,0.7897305406011664
cost-p128-q256-s74,128,256,128,74,1000,2229,406,1823,0.8178555406011665,35664.0,35.664,0.0,11399.8,11.399799999999999,0.6803555406011664,8502.1,8.5021,0.7616055406011665,7499.05,7.49905,0.7897305406011664
cost-p128-q256-s75,128,256,128,75,1,1525,406,1119,0.7337704918032787,24400.0,24400.0,0.0,9851.0,9851.0,0.5962704918032787,7868.5,7868.5,0.6775204918032787,7182.25,7182.25,0.7056454918032787
cost-p128-q256-s75,128,256,128,75,10,1525,406,1119,0.7337704918032787,24400.0,2440.0,0.0,9851.0,985.1,0.5962704918032787,7868.5,786.85,0.6775204918032787,7182.25,718.225,0.7056454918032787
cost-p128-q256-s75,128,256,128,75,100,1525,406,1119,0.7337704918032787,24400.0,244.0,0.0,9851.0,98.51,0.5962704918032787,7868.5,78.685,0.6775204918032787,7182.25,71.8225,0.7056454918032787
cost-p128-q256-s75,128,256,128,75,1000,1525,406,1119,0.7337704918032787,24400.0,24.4,0.0,9851.0,9.851,0.5962704918032787,7868.5,7.8685,0.6775204918032787,7182.25,7.18225,0.7056454918032787
cost-p128-q256-s76,128,256,128,76,1,1701,406,1295,0.7613168724279835,27216.0,27216.0,0.0,10238.2,10238.2,0.6238168724279836,8026.9,8026.9,0.7050668724279835,7261.45,7261.45,0.7331918724279836
cost-p128-q256-s76,128,256,128,76,10,1701,406,1295,0.7613168724279835,27216.0,2721.6,0.0,10238.2,1023.82,0.6238168724279836,8026.9,802.6899999999999,0.7050668724279835,7261.45,726.145,0.7331918724279836
cost-p128-q256-s76,128,256,128,76,100,1701,406,1295,0.7613168724279835,27216.0,272.16,0.0,10238.2,102.382,0.6238168724279836,8026.9,80.26899999999999,0.7050668724279835,7261.45,72.61449999999999,0.7331918724279836
cost-p128-q256-s76,128,256,128,76,1000,1701,406,1295,0.7613168724279835,27216.0,27.216,0.0,10238.2,10.2382,0.6238168724279836,8026.9,8.0269,0.7050668724279835,7261.45,7.26145,0.7331918724279836
cost-p128-q256-s77,128,256,128,77,1,1877,406,1471,0.783697389451252,30032.0,30032.0,0.0,10625.400000000001,10625.400000000001,0.6461973894512519,8185.3,8185.3,0.727447389451252,7340.65,7340.65,0.7555723894512519
cost-p128-q256-s77,128,256,128,77,10,1877,406,1471,0.783697389451252,30032.0,3003.2,0.0,10625.400000000001,1062.5400000000002,0.6461973894512519,8185.3,818.53,0.727447389451252,7340.65,734.0649999999999,0.7555723894512519
cost-p128-q256-s77,128,256,128,77,100,1877,406,1471,0.783697389451252,30032.0,300.32,0.0,10625.400000000001,106.25400000000002,0.6461973894512519,8185.3,81.85300000000001,0.727447389451252,7340.65,73.4065,0.7555723894512519
cost-p128-q256-s77,128,256,128,77,1000,1877,406,1471,0.783697389451252,30032.0,30.032,0.0,10625.400000000001,10.6254,0.6461973894512519,8185.3,8.1853,0.727447389451252,7340.65,7.340649999999999,0.7555723894512519
cost-p128-q256-s78,128,256,128,78,1,2053,406,1647,0.8022406234778373,32848.0,32848.0,0.0,11012.6,11012.6,0.6647406234778374,8343.7,8343.7,0.7459906234778373,7419.85,7419.85,0.7741156234778374
cost-p128-q256-s78,128,256,128,78,10,2053,406,1647,0.8022406234778373,32848.0,3284.8,0.0,11012.6,1101.26,0.6647406234778374,8343.7,834.3700000000001,0.7459906234778373,7419.85,741.985,0.7741156234778374
cost-p128-q256-s78,128,256,128,78,100,2053,406,1647,0.8022406234778373,32848.0,328.48,0.0,11012.6,110.126,0.6647406234778374,8343.7,83.43700000000001,0.7459906234778373,7419.85,74.19850000000001,0.7741156234778374
cost-p128-q256-s78,128,256,128,78,1000,2053,406,1647,0.8022406234778373,32848.0,32.848,0.0,11012.6,11.0126,0.6647406234778374,8343.7,8.3437,0.7459906234778373,7419.85,7.41985,0.7741156234778374
cost-p128-q256-s79,128,256,128,79,1,2229,406,1823,0.8178555406011665,35664.0,35664.0,0.0,11399.8,11399.8,0.6803555406011664,8502.1,8502.1,0.7616055406011665,7499.05,7499.05,0.7897305406011664
cost-p128-q256-s79,128,256,128,79,10,2229,406,1823,0.8178555406011665,35664.0,3566.4,0.0,11399.8,1139.98,0.6803555406011664,8502.1,850.21,0.7616055406011665,7499.05,749.905,0.7897305406011664
cost-p128-q256-s79,128,256,128,79,100,2229,406,1823,0.8178555406011665,35664.0,356.64,0.0,11399.8,113.99799999999999,0.6803555406011664,8502.1,85.021,0.7616055406011665,7499.05,74.9905,0.7897305406011664
cost-p128-q256-s79,128,256,128,79,1000,2229,406,1823,0.8178555406011665,35664.0,35.664,0.0,11399.8,11.399799999999999,0.6803555406011664,8502.1,8.5021,0.7616055406011665,7499.05,7.49905,0.7897305406011664
cost-p128-q256-s80,128,256,128,80,1,1525,406,1119,0.7337704918032787,24400.0,24400.0,0.0,9851.0,9851.0,0.5962704918032787,7868.5,7868.5,0.6775204918032787,7182.25,7182.25,0.7056454918032787
cost-p128-q256-s80,128,256,128,80,10,1525,406,1119,0.7337704918032787,24400.0,2440.0,0.0,9851.0,985.1,0.5962704918032787,7868.5,786.85,0.6775204918032787,7182.25,718.225,0.7056454918032787
cost-p128-q256-s80,128,256,128,80,100,1525,406,1119,0.7337704918032787,24400.0,244.0,0.0,9851.0,98.51,0.5962704918032787,7868.5,78.685,0.6775204918032787,7182.25,71.8225,0.7056454918032787
cost-p128-q256-s80,128,256,128,80,1000,1525,406,1119,0.7337704918032787,24400.0,24.4,0.0,9851.0,9.851,0.5962704918032787,7868.5,7.8685,0.6775204918032787,7182.25,7.18225,0.7056454918032787
cost-p128-q256-s81,128,256,128,81,1,1701,406,1295,0.7613168724279835,27216.0,27216.0,0.0,10238.2,10238.2,0.6238168724279836,8026.9,8026.9,0.7050668724279835,7261.45,7261.45,0.7331918724279836
cost-p128-q256-s81,128,256,128,81,10,1701,406,1295,0.7613168724279835,27216.0,2721.6,0.0,10238.2,1023.82,0.6238168724279836,8026.9,802.6899999999999,0.7050668724279835,7261.45,726.145,0.7331918724279836
cost-p128-q256-s81,128,256,128,81,100,1701,406,1295,0.7613168724279835,27216.0,272.16,0.0,10238.2,102.382,0.6238168724279836,8026.9,80.26899999999999,0.7050668724279835,7261.45,72.61449999999999,0.7331918724279836
cost-p128-q256-s81,128,256,128,81,1000,1701,406,1295,0.7613168724279835,27216.0,27.216,0.0,10238.2,10.2382,0.6238168724279836,8026.9,8.0269,0.7050668724279835,7261.45,7.26145,0.7331918724279836
cost-p128-q256-s82,128,256,128,82,1,1877,406,1471,0.783697389451252,30032.0,30032.0,0.0,10625.400000000001,10625.400000000001,0.6461973894512519,8185.3,8185.3,0.727447389451252,7340.65,7340.65,0.7555723894512519
cost-p128-q256-s82,128,256,128,82,10,1877,406,1471,0.783697389451252,30032.0,3003.2,0.0,10625.400000000001,1062.5400000000002,0.6461973894512519,8185.3,818.53,0.727447389451252,7340.65,734.0649999999999,0.7555723894512519
cost-p128-q256-s82,128,256,128,82,100,1877,406,1471,0.783697389451252,30032.0,300.32,0.0,10625.400000000001,106.25400000000002,0.6461973894512519,8185.3,81.85300000000001,0.727447389451252,7340.65,73.4065,0.7555723894512519
cost-p128-q256-s82,128,256,128,82,1000,1877,406,1471,0.783697389451252,30032.0,30.032,0.0,10625.400000000001,10.6254,0.6461973894512519,8185.3,8.1853,0.727447389451252,7340.65,7.340649999999999,0.7555723894512519
cost-p128-q256-s83,128,256,128,83,1,2053,406,1647,0.8022406234778373,32848.0,32848.0,0.0,11012.6,11012.6,0.6647406234778374,8343.7,8343.7,0.7459906234778373,7419.85,7419.85,0.7741156234778374
cost-p128-q256-s83,128,256,128,83,10,2053,406,1647,0.8022406234778373,32848.0,3284.8,0.0,11012.6,1101.26,0.6647406234778374,8343.7,834.3700000000001,0.7459906234778373,7419.85,741.985,0.7741156234778374
cost-p128-q256-s83,128,256,128,83,100,2053,406,1647,0.8022406234778373,32848.0,328.48,0.0,11012.6,110.126,0.6647406234778374,8343.7,83.43700000000001,0.7459906234778373,7419.85,74.19850000000001,0.7741156234778374
cost-p128-q256-s83,128,256,128,83,1000,2053,406,1647,0.8022406234778373,32848.0,32.848,0.0,11012.6,11.0126,0.6647406234778374,8343.7,8.3437,0.7459906234778373,7419.85,7.41985,0.7741156234778374
cost-p128-q256-s84,128,256,128,84,1,2229,406,1823,0.8178555406011665,35664.0,35664.0,0.0,11399.8,11399.8,0.6803555406011664,8502.1,8502.1,0.7616055406011665,7499.05,7499.05,0.7897305406011664
cost-p128-q256-s84,128,256,128,84,10,2229,406,1823,0.8178555406011665,35664.0,3566.4,0.0,11399.8,1139.98,0.6803555406011664,8502.1,850.21,0.7616055406011665,7499.05,749.905,0.7897305406011664
cost-p128-q256-s84,128,256,128,84,100,2229,406,1823,0.8178555406011665,35664.0,356.64,0.0,11399.8,113.99799999999999,0.6803555406011664,8502.1,85.021,0.7616055406011665,7499.05,74.9905,0.7897305406011664
cost-p128-q256-s84,128,256,128,84,1000,2229,406,1823,0.8178555406011665,35664.0,35.664,0.0,11399.8,11.399799999999999,0.6803555406011664,8502.1,8.5021,0.7616055406011665,7499.05,7.49905,0.7897305406011664
cost-p128-q256-s85,128,256,128,85,1,1525,406,1119,0.7337704918032787,24400.0,24400.0,0.0,9851.0,9851.0,0.5962704918032787,7868.5,7868.5,0.6775204918032787,7182.25,7182.25,0.7056454918032787
cost-p128-q256-s85,128,256,128,85,10,1525,406,1119,0.7337704918032787,24400.0,2440.0,0.0,9851.0,985.1,0.5962704918032787,7868.5,786.85,0.6775204918032787,7182.25,718.225,0.7056454918032787
cost-p128-q256-s85,128,256,128,85,100,1525,406,1119,0.7337704918032787,24400.0,244.0,0.0,9851.0,98.51,0.5962704918032787,7868.5,78.685,0.6775204918032787,7182.25,71.8225,0.7056454918032787
cost-p128-q256-s85,128,256,128,85,1000,1525,406,1119,0.7337704918032787,24400.0,24.4,0.0,9851.0,9.851,0.5962704918032787,7868.5,7.8685,0.6775204918032787,7182.25,7.18225,0.7056454918032787
cost-p128-q256-s86,128,256,128,86,1,1701,406,1295,0.7613168724279835,27216.0,27216.0,0.0,10238.2,10238.2,0.6238168724279836,8026.9,8026.9,0.7050668724279835,7261.45,7261.45,0.7331918724279836
cost-p128-q256-s86,128,256,128,86,10,1701,406,1295,0.7613168724279835,27216.0,2721.6,0.0,10238.2,1023.82,0.6238168724279836,8026.9,802.6899999999999,0.7050668724279835,7261.45,726.145,0.7331918724279836
cost-p128-q256-s86,128,256,128,86,100,1701,406,1295,0.7613168724279835,27216.0,272.16,0.0,10238.2,102.382,0.6238168724279836,8026.9,80.26899999999999,0.7050668724279835,7261.45,72.61449999999999,0.7331918724279836
cost-p128-q256-s86,128,256,128,86,1000,1701,406,1295,0.7613168724279835,27216.0,27.216,0.0,10238.2,10.2382,0.6238168724279836,8026.9,8.0269,0.7050668724279835,7261.45,7.26145,0.7331918724279836
cost-p128-q256-s87,128,256,128,87,1,1877,406,1471,0.783697389451252,30032.0,30032.0,0.0,10625.400000000001,10625.400000000001,0.6461973894512519,8185.3,8185.3,0.727447389451252,7340.65,7340.65,0.7555723894512519
cost-p128-q256-s87,128,256,128,87,10,1877,406,1471,0.783697389451252,30032.0,3003.2,0.0,10625.400000000001,1062.5400000000002,0.6461973894512519,8185.3,818.53,0.727447389451252,7340.65,734.0649999999999,0.7555723894512519
cost-p128-q256-s87,128,256,128,87,100,1877,406,1471,0.783697389451252,30032.0,300.32,0.0,10625.400000000001,106.25400000000002,0.6461973894512519,8185.3,81.85300000000001,0.727447389451252,7340.65,73.4065,0.7555723894512519
cost-p128-q256-s87,128,256,128,87,1000,1877,406,1471,0.783697389451252,30032.0,30.032,0.0,10625.400000000001,10.6254,0.6461973894512519,8185.3,8.1853,0.727447389451252,7340.65,7.340649999999999,0.7555723894512519
cost-p128-q256-s88,128,256,128,88,1,2053,406,1647,0.8022406234778373,32848.0,32848.0,0.0,11012.6,11012.6,0.6647406234778374,8343.7,8343.7,0.7459906234778373,7419.85,7419.85,0.7741156234778374
cost-p128-q256-s88,128,256,128,88,10,2053,406,1647,0.8022406234778373,32848.0,3284.8,0.0,11012.6,1101.26,0.6647406234778374,8343.7,834.3700000000001,0.7459906234778373,7419.85,741.985,0.7741156234778374
cost-p128-q256-s88,128,256,128,88,100,2053,406,1647,0.8022406234778373,32848.0,328.48,0.0,11012.6,110.126,0.6647406234778374,8343.7,83.43700000000001,0.7459906234778373,7419.85,74.19850000000001,0.7741156234778374
cost-p128-q256-s88,128,256,128,88,1000,2053,406,1647,0.8022406234778373,32848.0,32.848,0.0,11012.6,11.0126,0.6647406234778374,8343.7,8.3437,0.7459906234778373,7419.85,7.41985,0.7741156234778374
cost-p128-q256-s89,128,256,128,89,1,2229,406,1823,0.8178555406011665,35664.0,35664.0,0.0,11399.8,11399.8,0.6803555406011664,8502.1,8502.1,0.7616055406011665,7499.05,7499.05,0.7897305406011664
cost-p128-q256-s89,128,256,128,89,10,2229,406,1823,0.8178555406011665,35664.0,3566.4,0.0,11399.8,1139.98,0.6803555406011664,8502.1,850.21,0.7616055406011665,7499.05,749.905,0.7897305406011664
cost-p128-q256-s89,128,256,128,89,100,2229,406,1823,0.8178555406011665,35664.0,356.64,0.0,11399.8,113.99799999999999,0.6803555406011664,8502.1,85.021,0.7616055406011665,7499.05,74.9905,0.7897305406011664
cost-p128-q256-s89,128,256,128,89,1000,2229,406,1823,0.8178555406011665,35664.0,35.664,0.0,11399.8,11.399799999999999,0.6803555406011664,8502.1,8.5021,0.7616055406011665,7499.05,7.49905,0.7897305406011664
cost-p128-q256-s90,128,256,128,90,1,1525,406,1119,0.7337704918032787,24400.0,24400.0,0.0,9851.0,9851.0,0.5962704918032787,7868.5,7868.5,0.6775204918032787,7182.25,7182.25,0.7056454918032787
cost-p128-q256-s90,128,256,128,90,10,1525,406,1119,0.7337704918032787,24400.0,2440.0,0.0,9851.0,985.1,0.5962704918032787,7868.5,786.85,0.6775204918032787,7182.25,718.225,0.7056454918032787
cost-p128-q256-s90,128,256,128,90,100,1525,406,1119,0.7337704918032787,24400.0,244.0,0.0,9851.0,98.51,0.5962704918032787,7868.5,78.685,0.6775204918032787,7182.25,71.8225,0.7056454918032787
cost-p128-q256-s90,128,256,128,90,1000,1525,406,1119,0.7337704918032787,24400.0,24.4,0.0,9851.0,9.851,0.5962704918032787,7868.5,7.8685,0.6775204918032787,7182.25,7.18225,0.7056454918032787
cost-p128-q256-s91,128,256,128,91,1,1701,406,1295,0.7613168724279835,27216.0,27216.0,0.0,10238.2,10238.2,0.6238168724279836,8026.9,8026.9,0.7050668724279835,7261.45,7261.45,0.7331918724279836
cost-p128-q256-s91,128,256,128,91,10,1701,406,1295,0.7613168724279835,27216.0,2721.6,0.0,10238.2,1023.82,0.6238168724279836,8026.9,802.6899999999999,0.7050668724279835,7261.45,726.145,0.7331918724279836
cost-p128-q256-s91,128,256,128,91,100,1701,406,1295,0.7613168724279835,27216.0,272.16,0.0,10238.2,102.382,0.6238168724279836,8026.9,80.26899999999999,0.7050668724279835,7261.45,72.61449999999999,0.7331918724279836
cost-p128-q256-s91,128,256,128,91,1000,1701,406,1295,0.7613168724279835,27216.0,27.216,0.0,10238.2,10.2382,0.6238168724279836,8026.9,8.0269,0.7050668724279835,7261.45,7.26145,0.7331918724279836
cost-p128-q256-s92,128,256,128,92,1,1877,406,1471,0.783697389451252,30032.0,30032.0,0.0,10625.400000000001,10625.400000000001,0.6461973894512519,8185.3,8185.3,0.727447389451252,7340.65,7340.65,0.7555723894512519
cost-p128-q256-s92,128,256,128,92,10,1877,406,1471,0.783697389451252,30032.0,3003.2,0.0,10625.400000000001,1062.5400000000002,0.6461973894512519,8185.3,818.53,0.727447389451252,7340.65,734.0649999999999,0.7555723894512519
cost-p128-q256-s92,128,256,128,92,100,1877,406,1471,0.783697389451252,30032.0,300.32,0.0,10625.400000000001,106.25400000000002,0.6461973894512519,8185.3,81.85300000000001,0.727447389451252,7340.65,73.4065,0.7555723894512519
cost-p128-q256-s92,128,256,128,92,1000,1877,406,1471,0.783697389451252,30032.0,30.032,0.0,10625.400000000001,10.6254,0.6461973894512519,8185.3,8.1853,0.727447389451252,7340.65,7.340649999999999,0.7555723894512519
cost-p128-q256-s93,128,256,128,93,1,2053,406,1647,0.8022406234778373,32848.0,32848.0,0.0,11012.6,11012.6,0.6647406234778374,8343.7,8343.7,0.7459906234778373,7419.85,7419.85,0.7741156234778374
cost-p128-q256-s93,128,256,128,93,10,2053,406,1647,0.8022406234778373,32848.0,3284.8,0.0,11012.6,1101.26,0.6647406234778374,8343.7,834.3700000000001,0.7459906234778373,7419.85,741.985,0.7741156234778374
cost-p128-q256-s93,128,256,128,93,100,2053,406,1647,0.8022406234778373,32848.0,328.48,0.0,11012.6,110.126,0.6647406234778374,8343.7,83.43700000000001,0.7459906234778373,7419.85,74.19850000000001,0.7741156234778374
cost-p128-q256-s93,128,256,128,93,1000,2053,406,1647,0.8022406234778373,32848.0,32.848,0.0,11012.6,11.0126,0.6647406234778374,8343.7,8.3437,0.7459906234778373,7419.85,7.41985,0.7741156234778374
cost-p128-q256-s94,128,256,128,94,1,2229,406,1823,0.8178555406011665,35664.0,35664.0,0.0,11399.8,11399.8,0.6803555406011664,8502.1,8502.1,0.7616055406011665,7499.05,7499.05,0.7897305406011664
cost-p128-q256-s94,128,256,128,94,10,2229,406,1823,0.8178555406011665,35664.0,3566.4,0.0,11399.8,1139.98,0.6803555406011664,8502.1,850.21,0.7616055406011665,7499.05,749.905,0.7897305406011664
cost-p128-q256-s94,128,256,128,94,100,2229,406,1823,0.8178555406011665,35664.0,356.64,0.0,11399.8,113.99799999999999,0.6803555406011664,8502.1,85.021,0.7616055406011665,7499.05,74.9905,0.7897305406011664
cost-p128-q256-s94,128,256,128,94,1000,2229,406,1823,0.8178555406011665,35664.0,35.664,0.0,11399.8,11.399799999999999,0.6803555406011664,8502.1,8.5021,0.7616055406011665,7499.05,7.49905,0.7897305406011664
cost-p128-q256-s95,128,256,128,95,1,1525,406,1119,0.7337704918032787,24400.0,24400.0,0.0,9851.0,9851.0,0.5962704918032787,7868.5,7868.5,0.6775204918032787,7182.25,7182.25,0.7056454918032787
cost-p128-q256-s95,128,256,128,95,10,1525,406,1119,0.7337704918032787,24400.0,2440.0,0.0,9851.0,985.1,0.5962704918032787,7868.5,786.85,0.6775204918032787,7182.25,718.225,0.7056454918032787
cost-p128-q256-s95,128,256,128,95,100,1525,406,1119,0.7337704918032787,24400.0,244.0,0.0,9851.0,98.51,0.5962704918032787,7868.5,78.685,0.6775204918032787,7182.25,71.8225,0.7056454918032787
cost-p128-q256-s95,128,256,128,95,1000,1525,406,1119,0.7337704918032787,24400.0,24.4,0.0,9851.0,9.851,0.5962704918032787,7868.5,7.8685,0.6775204918032787,7182.25,7.18225,0.7056454918032787
cost-p128-q256-s96,128,256,128,96,1,1701,406,1295,0.7613168724279835,27216.0,27216.0,0.0,10238.2,10238.2,0.6238168724279836,8026.9,8026.9,0.7050668724279835,7261.45,7261.45,0.7331918724279836
cost-p128-q256-s96,128,256,128,96,10,1701,406,1295,0.7613168724279835,27216.0,2721.6,0.0,10238.2,1023.82,0.6238168724279836,8026.9,802.6899999999999,0.7050668724279835,7261.45,726.145,0.7331918724279836
cost-p128-q256-s96,128,256,128,96,100,1701,406,1295,0.7613168724279835,27216.0,272.16,0.0,10238.2,102.382,0.6238168724279836,8026.9,80.26899999999999,0.7050668724279835,7261.45,72.61449999999999,0.7331918724279836
cost-p128-q256-s96,128,256,128,96,1000,1701,406,1295,0.7613168724279835,27216.0,27.216,0.0,10238.2,10.2382,0.6238168724279836,8026.9,8.0269,0.7050668724279835,7261.45,7.26145,0.7331918724279836
cost-p128-q256-s97,128,256,128,97,1,1877,406,1471,0.783697389451252,30032.0,30032.0,0.0,10625.400000000001,10625.400000000001,0.6461973894512519,8185.3,8185.3,0.727447389451252,7340.65,7340.65,0.7555723894512519
cost-p128-q256-s97,128,256,128,97,10,1877,406,1471,0.783697389451252,30032.0,3003.2,0.0,10625.400000000001,1062.5400000000002,0.6461973894512519,8185.3,818.53,0.727447389451252,7340.65,734.0649999999999,0.7555723894512519
cost-p128-q256-s97,128,256,128,97,100,1877,406,1471,0.783697389451252,30032.0,300.32,0.0,10625.400000000001,106.25400000000002,0.6461973894512519,8185.3,81.85300000000001,0.727447389451252,7340.65,73.4065,0.7555723894512519
cost-p128-q256-s97,128,256,128,97,1000,1877,406,1471,0.783697389451252,30032.0,30.032,0.0,10625.400000000001,10.6254,0.6461973894512519,8185.3,8.1853,0.727447389451252,7340.65,7.340649999999999,0.7555723894512519
cost-p128-q256-s98,128,256,128,98,1,2053,406,1647,0.8022406234778373,32848.0,32848.0,0.0,11012.6,11012.6,0.6647406234778374,8343.7,8343.7,0.7459906234778373,7419.85,7419.85,0.7741156234778374
cost-p128-q256-s98,128,256,128,98,10,2053,406,1647,0.8022406234778373,32848.0,3284.8,0.0,11012.6,1101.26,0.6647406234778374,8343.7,834.3700000000001,0.7459906234778373,7419.85,741.985,0.7741156234778374
cost-p128-q256-s98,128,256,128,98,100,2053,406,1647,0.8022406234778373,32848.0,328.48,0.0,11012.6,110.126,0.6647406234778374,8343.7,83.43700000000001,0.7459906234778373,7419.85,74.19850000000001,0.7741156234778374
cost-p128-q256-s98,128,256,128,98,1000,2053,406,1647,0.8022406234778373,32848.0,32.848,0.0,11012.6,11.0126,0.6647406234778374,8343.7,8.3437,0.7459906234778373,7419.85,7.41985,0.7741156234778374
cost-p128-q256-s99,128,256,128,99,1,2229,406,1823,0.8178555406011665,35664.0,35664.0,0.0,11399.8,11399.8,0.6803555406011664,8502.1,8502.1,0.7616055406011665,7499.05,7499.05,0.7897305406011664
cost-p128-q256-s99,128,256,128,99,10,2229,406,1823,0.8178555406011665,35664.0,3566.4,0.0,11399.8,1139.98,0.6803555406011664,8502.1,850.21,0.7616055406011665,7499.05,749.905,0.7897305406011664
cost-p128-q256-s99,128,256,128,99,100,2229,406,1823,0.8178555406011665,35664.0,356.64,0.0,11399.8,113.99799999999999,0.6803555406011664,8502.1,85.021,0.7616055406011665,7499.05,74.9905,0.7897305406011664
cost-p128-q256-s99,128,256,128,99,1000,2229,406,1823,0.8178555406011665,35664.0,35.664,0.0,11399.8,11.399799999999999,0.6803555406011664,8502.1,8.5021,0.7616055406011665,7499.05,7.49905,0.7897305406011664
cost-p128-q256-s100,128,256,128,100,1,1527,406,1121,0.7341191879502292,24432.0,24432.0,0.0,9855.4,9855.4,0.5966191879502292,7870.3,7870.3,0.6778691879502292,7183.15,7183.15,0.7059941879502292
cost-p128-q256-s100,128,256,128,100,10,1527,406,1121,0.7341191879502292,24432.0,2443.2,0.0,9855.4,985.54,0.5966191879502292,7870.3,787.03,0.6778691879502292,7183.15,718.3149999999999,0.7059941879502292
cost-p128-q256-s100,128,256,128,100,100,1527,406,1121,0.7341191879502292,24432.0,244.32,0.0,9855.4,98.554,0.5966191879502292,7870.3,78.703,0.6778691879502292,7183.15,71.83149999999999,0.7059941879502292
cost-p128-q256-s100,128,256,128,100,1000,1527,406,1121,0.7341191879502292,24432.0,24.432,0.0,9855.4,9.8554,0.5966191879502292,7870.3,7.8703,0.6778691879502292,7183.15,7.1831499999999995,0.7059941879502292
cost-p512-q64-s1,512,64,512,1,1,3425,406,3019,0.8814598540145986,54800.0,54800.0,0.0,14031.0,14031.0,0.7439598540145985,9578.5,9578.5,0.8252098540145986,8037.25,8037.25,0.8533348540145985
cost-p512-q64-s1,512,64,512,1,10,3425,406,3019,0.8814598540145986,54800.0,5480.0,0.0,14031.0,1403.1,0.7439598540145985,9578.5,957.85,0.8252098540145986,8037.25,803.725,0.8533348540145985
cost-p512-q64-s1,512,64,512,1,100,3425,406,3019,0.8814598540145986,54800.0,548.0,0.0,14031.0,140.31,0.7439598540145985,9578.5,95.785,0.8252098540145986,8037.25,80.3725,0.8533348540145985
cost-p512-q64-s1,512,64,512,1,1000,3425,406,3019,0.8814598540145986,54800.0,54.8,0.0,14031.0,14.031,0.7439598540145985,9578.5,9.5785,0.8252098540145986,8037.25,8.03725,0.8533348540145985
cost-p512-q64-s2,512,64,512,2,1,3985,406,3579,0.8981179422835633,63760.0,63760.0,0.0,15263.0,15263.0,0.7606179422835634,10082.5,10082.5,0.8418679422835633,8289.25,8289.25,0.8699929422835634
cost-p512-q64-s2,512,64,512,2,10,3985,406,3579,0.8981179422835633,63760.0,6376.0,0.0,15263.0,1526.3,0.7606179422835634,10082.5,1008.25,0.8418679422835633,8289.25,828.925,0.8699929422835634
cost-p512-q64-s2,512,64,512,2,100,3985,406,3579,0.8981179422835633,63760.0,637.6,0.0,15263.0,152.63,0.7606179422835634,10082.5,100.825,0.8418679422835633,8289.25,82.8925,0.8699929422835634
cost-p512-q64-s2,512,64,512,2,1000,3985,406,3579,0.8981179422835633,63760.0,63.76,0.0,15263.0,15.263,0.7606179422835634,10082.5,10.0825,0.8418679422835633,8289.25,8.28925,0.8699929422835634
cost-p512-q64-s3,512,64,512,3,1,4545,406,4139,0.9106710671067106,72720.0,72720.0,0.0,16495.0,16495.0,0.7731710671067107,10586.5,10586.5,0.8544210671067106,8541.25,8541.25,0.8825460671067107
cost-p512-q64-s3,512,64,512,3,10,4545,406,4139,0.9106710671067106,72720.0,7272.0,0.0,16495.0,1649.5,0.7731710671067107,10586.5,1058.65,0.8544210671067106,8541.25,854.125,0.8825460671067107
cost-p512-q64-s3,512,64,512,3,100,4545,406,4139,0.9106710671067106,72720.0,727.2,0.0,16495.0,164.95,0.7731710671067107,10586.5,105.865,0.8544210671067106,8541.25,85.4125,0.8825460671067107
cost-p512-q64-s3,512,64,512,3,1000,4545,406,4139,0.9106710671067106,72720.0,72.72,0.0,16495.0,16.495,0.7731710671067107,10586.5,10.5865,0.8544210671067106,8541.25,8.54125,0.8825460671067107
cost-p512-q64-s4,512,64,512,4,1,5105,406,4699,0.9204701273261509,81680.0,81680.0,0.0,17727.0,17727.0,0.7829701273261508,11090.5,11090.5,0.8642201273261508,8793.25,8793.25,0.8923451273261508
cost-p512-q64-s4,512,64,512,4,10,5105,406,4699,0.9204701273261509,81680.0,8168.0,0.0,17727.0,1772.7,0.7829701273261508,11090.5,1109.05,0.8642201273261508,8793.25,879.325,0.8923451273261508
cost-p512-q64-s4,512,64,512,4,100,5105,406,4699,0.9204701273261509,81680.0,816.8,0.0,17727.0,177.27,0.7829701273261508,11090.5,110.905,0.8642201273261508,8793.25,87.9325,0.8923451273261508
cost-p512-q64-s4,512,64,512,4,1000,5105,406,4699,0.9204701273261509,81680.0,81.68,0.0,17727.0,17.727,0.7829701273261508,11090.5,11.0905,0.8642201273261508,8793.25,8.79325,0.8923451273261508
cost-p512-q64-s5,512,64,512,5,1,2865,406,2459,0.8582897033158813,45840.0,45840.0,0.0,12799.0,12799.0,0.7207897033158813,9074.5,9074.5,0.8020397033158814,7785.25,7785.25,0.8301647033158813
cost-p512-q64-s5,512,64,512,5,10,2865,406,2459,0.8582897033158813,45840.0,4584.0,0.0,12799.0,1279.9,0.7207897033158813,9074.5,907.45,0.8020397033158814,7785.25,778.525,0.8301647033158813
cost-p512-q64-s5,512,64,512,5,100,2865,406,2459,0.8582897033158813,45840.0,458.4,0.0,12799.0,127.99,0.7207897033158813,9074.5,90.745,0.8020397033158814,7785.25,77.8525,0.8301647033158813
cost-p512-q64-s5,512,64,512,5,1000,2865,406,2459,0.8582897033158813,45840.0,45.84,0.0,12799.0,12.799,0.7207897033158813,9074.5,9.0745,0.8020397033158814,7785.25,7.78525,0.8301647033158813
cost-p512-q64-s6,512,64,512,6,1,3425,406,3019,0.8814598540145986,54800.0,54800.0,0.0,14031.0,14031.0,0.7439598540145985,9578.5,9578.5,0.8252098540145986,8037.25,8037.25,0.8533348540145985
cost-p512-q64-s6,512,64,512,6,10,3425,406,3019,0.8814598540145986,54800.0,5480.0,0.0,14031.0,1403.1,0.7439598540145985,9578.5,957.85,0.8252098540145986,8037.25,803.725,0.8533348540145985
cost-p512-q64-s6,512,64,512,6,100,3425,406,3019,0.8814598540145986,54800.0,548.0,0.0,14031.0,140.31,0.7439598540145985,9578.5,95.785,0.8252098540145986,8037.25,80.3725,0.8533348540145985
cost-p512-q64-s6,512,64,512,6,1000,3425,406,3019,0.8814598540145986,54800.0,54.8,0.0,14031.0,14.031,0.7439598540145985,9578.5,9.5785,0.8252098540145986,8037.25,8.03725,0.8533348540145985
cost-p512-q64-s7,512,64,512,7,1,3985,406,3579,0.8981179422835633,63760.0,63760.0,0.0,15263.0,15263.0,0.7606179422835634,10082.5,10082.5,0.8418679422835633,8289.25,8289.25,0.8699929422835634
cost-p512-q64-s7,512,64,512,7,10,3985,406,3579,0.8981179422835633,63760.0,6376.0,0.0,15263.0,1526.3,0.7606179422835634,10082.5,1008.25,0.8418679422835633,8289.25,828.925,0.8699929422835634
cost-p512-q64-s7,512,64,512,7,100,3985,406,3579,0.8981179422835633,63760.0,637.6,0.0,15263.0,152.63,0.7606179422835634,10082.5,100.825,0.8418679422835633,8289.25,82.8925,0.8699929422835634
cost-p512-q64-s7,512,64,512,7,1000,3985,406,3579,0.8981179422835633,63760.0,63.76,0.0,15263.0,15.263,0.7606179422835634,10082.5,10.0825,0.8418679422835633,8289.25,8.28925,0.8699929422835634
cost-p512-q64-s8,512,64,512,8,1,4545,406,4139,0.9106710671067106,72720.0,72720.0,0.0,16495.0,16495.0,0.7731710671067107,10586.5,10586.5,0.8544210671067106,8541.25,8541.25,0.8825460671067107
cost-p512-q64-s8,512,64,512,8,10,4545,406,4139,0.9106710671067106,72720.0,7272.0,0.0,16495.0,1649.5,0.7731710671067107,10586.5,1058.65,0.8544210671067106,8541.25,854.125,0.8825460671067107
cost-p512-q64-s8,512,64,512,8,100,4545,406,4139,0.9106710671067106,72720.0,727.2,0.0,16495.0,164.95,0.7731710671067107,10586.5,105.865,0.8544210671067106,8541.25,85.4125,0.8825460671067107
cost-p512-q64-s8,512,64,512,8,1000,4545,406,4139,0.9106710671067106,72720.0,72.72,0.0,16495.0,16.495,0.7731710671067107,10586.5,10.5865,0.8544210671067106,8541.25,8.54125,0.8825460671067107
cost-p512-q64-s9,512,64,512,9,1,5105,406,4699,0.9204701273261509,81680.0,81680.0,0.0,17727.0,17727.0,0.7829701273261508,11090.5,11090.5,0.8642201273261508,8793.25,8793.25,0.8923451273261508
cost-p512-q64-s9,512,64,512,9,10,5105,406,4699,0.9204701273261509,81680.0,8168.0,0.0,17727.0,1772.7,0.7829701273261508,11090.5,1109.05,0.8642201273261508,8793.25,879.325,0.8923451273261508
cost-p512-q64-s9,512,64,512,9,100,5105,406,4699,0.9204701273261509,81680.0,816.8,0.0,17727.0,177.27,0.7829701273261508,11090.5,110.905,0.8642201273261508,8793.25,87.9325,0.8923451273261508
cost-p512-q64-s9,512,64,512,9,1000,5105,406,4699,0.9204701273261509,81680.0,81.68,0.0,17727.0,17.727,0.7829701273261508,11090.5,11.0905,0.8642201273261508,8793.25,8.79325,0.8923451273261508
cost-p512-q64-s10,512,64,512,10,1,2867,406,2461,0.8583885594698291,45872.0,45872.0,0.0,12803.400000000001,12803.400000000001,0.7208885594698291,9076.3,9076.3,0.802138559469829,7786.15,7786.15,0.8302635594698291
cost-p512-q64-s10,512,64,512,10,10,2867,406,2461,0.8583885594698291,45872.0,4587.2,0.0,12803.400000000001,1280.3400000000001,0.7208885594698291,9076.3,907.6299999999999,0.802138559469829,7786.15,778.615,0.8302635594698291
cost-p512-q64-s10,512,64,512,10,100,2867,406,2461,0.8583885594698291,45872.0,458.72,0.0,12803.400000000001,128.03400000000002,0.7208885594698291,9076.3,90.76299999999999,0.802138559469829,7786.15,77.86149999999999,0.8302635594698291
cost-p512-q64-s10,512,64,512,10,1000,2867,406,2461,0.8583885594698291,45872.0,45.872,0.0,12803.400000000001,12.803400000000002,0.7208885594698291,9076.3,9.0763,0.802138559469829,7786.15,7.786149999999999,0.8302635594698291
cost-p512-q64-s11,512,64,512,11,1,3427,406,3021,0.8815290341406478,54832.0,54832.0,0.0,14035.400000000001,14035.400000000001,0.7440290341406478,9580.3,9580.3,0.8252790341406477,8038.15,8038.15,0.8534040341406478
cost-p512-q64-s11,512,64,512,11,10,3427,406,3021,0.8815290341406478,54832.0,5483.2,0.0,14035.400000000001,1403.5400000000002,0.7440290341406478,9580.3,958.03,0.8252790341406477,8038.15,803.8149999999999,0.8534040341406478
cost-p512-q64-s11,512,64,512,11,100,3427,406,3021,0.8815290341406478,54832.0,548.32,0.0,14035.400000000001,140.354,0.7440290341406478,9580.3,95.803,0.8252790341406477,8038.15,80.3815,0.8534040341406478
cost-p512-q64-s11,512,64,512,11,1000,3427,406,3021,0.8815290341406478,54832.0,54.832,0.0,14035.400000000001,14.035400000000001,0.7440290341406478,9580.3,9.5803,0.8252790341406477,8038.15,8.03815,0.8534040341406478
cost-p512-q64-s12,512,64,512,12,1,3987,406,3581,0.8981690494105844,63792.0,63792.0,0.0,15267.400000000001,15267.400000000001,0.7606690494105843,10084.3,10084.3,0.8419190494105844,8290.15,8290.15,0.8700440494105843
cost-p512-q64-s12,512,64,512,12,10,3987,406,3581,0.8981690494105844,63792.0,6379.2,0.0,15267.400000000001,1526.7400000000002,0.7606690494105843,10084.3,1008.43,0.8419190494105844,8290.15,829.015,0.8700440494105843
cost-p512-q64-s12,512,64,512,12,100,3987,406,3581,0.8981690494105844,63792.0,637.92,0.0,15267.400000000001,152.674,0.7606690494105843,10084.3,100.84299999999999,0.8419190494105844,8290.15,82.9015,0.8700440494105843
cost-p512-q64-s12,512,64,512,12,1000,3987,406,3581,0.8981690494105844,63792.0,63.792,0.0,15267.400000000001,15.267400000000002,0.7606690494105843,10084.3,10.084299999999999,0.8419190494105844,8290.15,8.290149999999999,0.8700440494105843
cost-p512-q64-s13,512,64,512,13,1,4547,406,4141,0.9107103584781174,72752.0,72752.0,0.0,16499.4,16499.4,0.7732103584781174,10588.3,10588.3,0.8544603584781174,8542.15,8542.15,0.8825853584781174
cost-p512-q64-s13,512,64,512,13,10,4547,406,4141,0.9107103584781174,72752.0,7275.2,0.0,16499.4,1649.94,0.7732103584781174,10588.3,1058.83,0.8544603584781174,8542.15,854.2149999999999,0.8825853584781174
cost-p512-q64-s13,512,64,512,13,100,4547,406,4141,0.9107103584781174,72752.0,727.52,0.0,16499.4,164.99400000000003,0.7732103584781174,10588.3,105.883,0.8544603584781174,8542.15,85.4215,0.8825853584781174
cost-p512-q64-s13,512,64,512,13,1000,4547,406,4141,0.9107103584781174,72752.0,72.752,0.0,16499.4,16.4994,0.7732103584781174,10588.3,10.588299999999998,0.8544603584781174,8542.15,8.54215,0.8825853584781174
cost-p512-q64-s14,512,64,512,14,1,5107,406,4701,0.9205012727628745,81712.0,81712.0,0.0,17731.4,17731.4,0.7830012727628745,11092.3,11092.3,0.8642512727628745,8794.15,8794.15,0.8923762727628746
cost-p512-q64-s14,512,64,512,14,10,5107,406,4701,0.9205012727628745,81712.0,8171.2,0.0,17731.4,1773.14,0.7830012727628745,11092.3,1109.23,0.8642512727628745,8794.15,879.415,0.8923762727628746
cost-p512-q64-s14,512,64,512,14,100,5107,406,4701,0.9205012727628745,81712.0,817.12,0.0,17731.4,177.31400000000002,0.7830012727628745,11092.3,110.92299999999999,0.8642512727628745,8794.15,87.94149999999999,0.8923762727628746
cost-p512-q64-s14,512,64,512,14,1000,5107,406,4701,0.9205012727628745,81712.0,81.712,0.0,17731.4,17.7314,0.7830012727628745,11092.3,11.0923,0.8642512727628745,8794.15,8.79415,0.8923762727628746
cost-p512-q64-s15,512,64,512,15,1,2867,406,2461,0.8583885594698291,45872.0,45872.0,0.0,12803.400000000001,12803.400000000001,0.7208885594698291,9076.3,9076.3,0.802138559469829,7786.15,7786.15,0.8302635594698291
cost-p512-q64-s15,512,64,512,15,10,2867,406,2461,0.8583885594698291,45872.0,4587.2,0.0,12803.400000000001,1280.3400000000001,0.7208885594698291,9076.3,907.6299999999999,0.802138559469829,7786.15,778.615,0.8302635594698291
cost-p512-q64-s15,512,64,512,15,100,2867,406,2461,0.8583885594698291,45872.0,458.72,0.0,12803.400000000001,128.03400000000002,0.7208885594698291,9076.3,90.76299999999999,0.802138559469829,7786.15,77.86149999999999,0.8302635594698291
cost-p512-q64-s15,512,64,512,15,1000,2867,406,2461,0.8583885594698291,45872.0,45.872,0.0,12803.400000000001,12.803400000000002,0.7208885594698291,9076.3,9.0763,0.802138559469829,7786.15,7.786149999999999,0.8302635594698291
cost-p512-q64-s16,512,64,512,16,1,3427,406,3021,0.8815290341406478,54832.0,54832.0,0.0,14035.400000000001,14035.400000000001,0.7440290341406478,9580.3,9580.3,0.8252790341406477,8038.15,8038.15,0.8534040341406478
cost-p512-q64-s16,512,64,512,16,10,3427,406,3021,0.8815290341406478,54832.0,5483.2,0.0,14035.400000000001,1403.5400000000002,0.7440290341406478,9580.3,958.03,0.8252790341406477,8038.15,803.8149999999999,0.8534040341406478
cost-p512-q64-s16,512,64,512,16,100,3427,406,3021,0.8815290341406478,54832.0,548.32,0.0,14035.400000000001,140.354,0.7440290341406478,9580.3,95.803,0.8252790341406477,8038.15,80.3815,0.8534040341406478
cost-p512-q64-s16,512,64,512,16,1000,3427,406,3021,0.8815290341406478,54832.0,54.832,0.0,14035.400000000001,14.035400000000001,0.7440290341406478,9580.3,9.5803,0.8252790341406477,8038.15,8.03815,0.8534040341406478
cost-p512-q64-s17,512,64,512,17,1,3987,406,3581,0.8981690494105844,63792.0,63792.0,0.0,15267.400000000001,15267.400000000001,0.7606690494105843,10084.3,10084.3,0.8419190494105844,8290.15,8290.15,0.8700440494105843
cost-p512-q64-s17,512,64,512,17,10,3987,406,3581,0.8981690494105844,63792.0,6379.2,0.0,15267.400000000001,1526.7400000000002,0.7606690494105843,10084.3,1008.43,0.8419190494105844,8290.15,829.015,0.8700440494105843
cost-p512-q64-s17,512,64,512,17,100,3987,406,3581,0.8981690494105844,63792.0,637.92,0.0,15267.400000000001,152.674,0.7606690494105843,10084.3,100.84299999999999,0.8419190494105844,8290.15,82.9015,0.8700440494105843
cost-p512-q64-s17,512,64,512,17,1000,3987,406,3581,0.8981690494105844,63792.0,63.792,0.0,15267.400000000001,15.267400000000002,0.7606690494105843,10084.3,10.084299999999999,0.8419190494105844,8290.15,8.290149999999999,0.8700440494105843
cost-p512-q64-s18,512,64,512,18,1,4547,406,4141,0.9107103584781174,72752.0,72752.0,0.0,16499.4,16499.4,0.7732103584781174,10588.3,10588.3,0.8544603584781174,8542.15,8542.15,0.8825853584781174
cost-p512-q64-s18,512,64,512,18,10,4547,406,4141,0.9107103584781174,72752.0,7275.2,0.0,16499.4,1649.94,0.7732103584781174,10588.3,1058.83,0.8544603584781174,8542.15,854.2149999999999,0.8825853584781174
cost-p512-q64-s18,512,64,512,18,100,4547,406,4141,0.9107103584781174,72752.0,727.52,0.0,16499.4,164.99400000000003,0.7732103584781174,10588.3,105.883,0.8544603584781174,8542.15,85.4215,0.8825853584781174
cost-p512-q64-s18,512,64,512,18,1000,4547,406,4141,0.9107103584781174,72752.0,72.752,0.0,16499.4,16.4994,0.7732103584781174,10588.3,10.588299999999998,0.8544603584781174,8542.15,8.54215,0.8825853584781174
cost-p512-q64-s19,512,64,512,19,1,5107,406,4701,0.9205012727628745,81712.0,81712.0,0.0,17731.4,17731.4,0.7830012727628745,11092.3,11092.3,0.8642512727628745,8794.15,8794.15,0.8923762727628746
cost-p512-q64-s19,512,64,512,19,10,5107,406,4701,0.9205012727628745,81712.0,8171.2,0.0,17731.4,1773.14,0.7830012727628745,11092.3,1109.23,0.8642512727628745,8794.15,879.415,0.8923762727628746
cost-p512-q64-s19,512,64,512,19,100,5107,406,4701,0.9205012727628745,81712.0,817.12,0.0,17731.4,177.31400000000002,0.7830012727628745,11092.3,110.92299999999999,0.8642512727628745,8794.15,87.94149999999999,0.8923762727628746
cost-p512-q64-s19,512,64,512,19,1000,5107,406,4701,0.9205012727628745,81712.0,81.712,0.0,17731.4,17.7314,0.7830012727628745,11092.3,11.0923,0.8642512727628745,8794.15,8.79415,0.8923762727628746
cost-p512-q64-s20,512,64,512,20,1,2867,406,2461,0.8583885594698291,45872.0,45872.0,0.0,12803.400000000001,12803.400000000001,0.7208885594698291,9076.3,9076.3,0.802138559469829,7786.15,7786.15,0.8302635594698291
cost-p512-q64-s20,512,64,512,20,10,2867,406,2461,0.8583885594698291,45872.0,4587.2,0.0,12803.400000000001,1280.3400000000001,0.7208885594698291,9076.3,907.6299999999999,0.802138559469829,7786.15,778.615,0.8302635594698291
cost-p512-q64-s20,512,64,512,20,100,2867,406,2461,0.8583885594698291,45872.0,458.72,0.0,12803.400000000001,128.03400000000002,0.7208885594698291,9076.3,90.76299999999999,0.802138559469829,7786.15,77.86149999999999,0.8302635594698291
cost-p512-q64-s20,512,64,512,20,1000,2867,406,2461,0.8583885594698291,45872.0,45.872,0.0,12803.400000000001,12.803400000000002,0.7208885594698291,9076.3,9.0763,0.802138559469829,7786.15,7.786149999999999,0.8302635594698291
cost-p512-q64-s21,512,64,512,21,1,3427,406,3021,0.8815290341406478,54832.0,54832.0,0.0,14035.400000000001,14035.400000000001,0.7440290341406478,9580.3,9580.3,0.8252790341406477,8038.15,8038.15,0.8534040341406478
cost-p512-q64-s21,512,64,512,21,10,3427,406,3021,0.8815290341406478,54832.0,5483.2,0.0,14035.400000000001,1403.5400000000002,0.7440290341406478,9580.3,958.03,0.8252790341406477,8038.15,803.8149999999999,0.8534040341406478
cost-p512-q64-s21,512,64,512,21,100,3427,406,3021,0.8815290341406478,54832.0,548.32,0.0,14035.400000000001,140.354,0.7440290341406478,9580.3,95.803,0.8252790341406477,8038.15,80.3815,0.8534040341406478
cost-p512-q64-s21,512,64,512,21,1000,3427,406,3021,0.8815290341406478,54832.0,54.832,0.0,14035.400000000001,14.035400000000001,0.7440290341406478,9580.3,9.5803,0.8252790341406477,8038.15,8.03815,0.8534040341406478
cost-p512-q64-s22,512,64,512,22,1,3987,406,3581,0.8981690494105844,63792.0,63792.0,0.0,15267.400000000001,15267.400000000001,0.7606690494105843,10084.3,10084.3,0.8419190494105844,8290.15,8290.15,0.8700440494105843
cost-p512-q64-s22,512,64,512,22,10,3987,406,3581,0.8981690494105844,63792.0,6379.2,0.0,15267.400000000001,1526.7400000000002,0.7606690494105843,10084.3,1008.43,0.8419190494105844,8290.15,829.015,0.8700440494105843
cost-p512-q64-s22,512,64,512,22,100,3987,406,3581,0.8981690494105844,63792.0,637.92,0.0,15267.400000000001,152.674,0.7606690494105843,10084.3,100.84299999999999,0.8419190494105844,8290.15,82.9015,0.8700440494105843
cost-p512-q64-s22,512,64,512,22,1000,3987,406,3581,0.8981690494105844,63792.0,63.792,0.0,15267.400000000001,15.267400000000002,0.7606690494105843,10084.3,10.084299999999999,0.8419190494105844,8290.15,8.290149999999999,0.8700440494105843
cost-p512-q64-s23,512,64,512,23,1,4547,406,4141,0.9107103584781174,72752.0,72752.0,0.0,16499.4,16499.4,0.7732103584781174,10588.3,10588.3,0.8544603584781174,8542.15,8542.15,0.8825853584781174
cost-p512-q64-s23,512,64,512,23,10,4547,406,4141,0.9107103584781174,72752.0,7275.2,0.0,16499.4,1649.94,0.7732103584781174,10588.3,1058.83,0.8544603584781174,8542.15,854.2149999999999,0.8825853584781174
cost-p512-q64-s23,512,64,512,23,100,4547,406,4141,0.9107103584781174,72752.0,727.52,0.0,16499.4,164.99400000000003,0.7732103584781174,10588.3,105.883,0.8544603584781174,8542.15,85.4215,0.8825853584781174
cost-p512-q64-s23,512,64,512,23,1000,4547,406,4141,0.9107103584781174,72752.0,72.752,0.0,16499.4,16.4994,0.7732103584781174,10588.3,10.588299999999998,0.8544603584781174,8542.15,8.54215,0.8825853584781174
cost-p512-q64-s24,512,64,512,24,1,5107,406,4701,0.9205012727628745,81712.0,81712.0,0.0,17731.4,17731.4,0.7830012727628745,11092.3,11092.3,0.8642512727628745,8794.15,8794.15,0.8923762727628746
cost-p512-q64-s24,512,64,512,24,10,5107,406,4701,0.9205012727628745,81712.0,8171.2,0.0,17731.4,1773.14,0.7830012727628745,11092.3,1109.23,0.8642512727628745,8794.15,879.415,0.8923762727628746
cost-p512-q64-s24,512,64,512,24,100,5107,406,4701,0.9205012727628745,81712.0,817.12,0.0,17731.4,177.31400000000002,0.7830012727628745,11092.3,110.92299999999999,0.8642512727628745,8794.15,87.94149999999999,0.8923762727628746
cost-p512-q64-s24,512,64,512,24,1000,5107,406,4701,0.9205012727628745,81712.0,81.712,0.0,17731.4,17.7314,0.7830012727628745,11092.3,11.0923,0.8642512727628745,8794.15,8.79415,0.8923762727628746
cost-p512-q64-s25,512,64,512,25,1,2867,406,2461,0.8583885594698291,45872.0,45872.0,0.0,12803.400000000001,12803.400000000001,0.7208885594698291,9076.3,9076.3,0.802138559469829,7786.15,7786.15,0.8302635594698291
cost-p512-q64-s25,512,64,512,25,10,2867,406,2461,0.8583885594698291,45872.0,4587.2,0.0,12803.400000000001,1280.3400000000001,0.7208885594698291,9076.3,907.6299999999999,0.802138559469829,7786.15,778.615,0.8302635594698291
cost-p512-q64-s25,512,64,512,25,100,2867,406,2461,0.8583885594698291,45872.0,458.72,0.0,12803.400000000001,128.03400000000002,0.7208885594698291,9076.3,90.76299999999999,0.802138559469829,7786.15,77.86149999999999,0.8302635594698291
cost-p512-q64-s25,512,64,512,25,1000,2867,406,2461,0.8583885594698291,45872.0,45.872,0.0,12803.400000000001,12.803400000000002,0.7208885594698291,9076.3,9.0763,0.802138559469829,7786.15,7.786149999999999,0.8302635594698291
cost-p512-q64-s26,512,64,512,26,1,3427,406,3021,0.8815290341406478,54832.0,54832.0,0.0,14035.400000000001,14035.400000000001,0.7440290341406478,9580.3,9580.3,0.8252790341406477,8038.15,8038.15,0.8534040341406478
cost-p512-q64-s26,512,64,512,26,10,3427,406,3021,0.8815290341406478,54832.0,5483.2,0.0,14035.400000000001,1403.5400000000002,0.7440290341406478,9580.3,958.03,0.8252790341406477,8038.15,803.8149999999999,0.8534040341406478
cost-p512-q64-s26,512,64,512,26,100,3427,406,3021,0.8815290341406478,54832.0,548.32,0.0,14035.400000000001,140.354,0.7440290341406478,9580.3,95.803,0.8252790341406477,8038.15,80.3815,0.8534040341406478
cost-p512-q64-s26,512,64,512,26,1000,3427,406,3021,0.8815290341406478,54832.0,54.832,0.0,14035.400000000001,14.035400000000001,0.7440290341406478,9580.3,9.5803,0.8252790341406477,8038.15,8.03815,0.8534040341406478
cost-p512-q64-s27,512,64,512,27,1,3987,406,3581,0.8981690494105844,63792.0,63792.0,0.0,15267.400000000001,15267.400000000001,0.7606690494105843,10084.3,10084.3,0.8419190494105844,8290.15,8290.15,0.8700440494105843
cost-p512-q64-s27,512,64,512,27,10,3987,406,3581,0.8981690494105844,63792.0,6379.2,0.0,15267.400000000001,1526.7400000000002,0.7606690494105843,10084.3,1008.43,0.8419190494105844,8290.15,829.015,0.8700440494105843
cost-p512-q64-s27,512,64,512,27,100,3987,406,3581,0.8981690494105844,63792.0,637.92,0.0,15267.400000000001,152.674,0.7606690494105843,10084.3,100.84299999999999,0.8419190494105844,8290.15,82.9015,0.8700440494105843
cost-p512-q64-s27,512,64,512,27,1000,3987,406,3581,0.8981690494105844,63792.0,63.792,0.0,15267.400000000001,15.267400000000002,0.7606690494105843,10084.3,10.084299999999999,0.8419190494105844,8290.15,8.290149999999999,0.8700440494105843
cost-p512-q64-s28,512,64,512,28,1,4547,406,4141,0.9107103584781174,72752.0,72752.0,0.0,16499.4,16499.4,0.7732103584781174,10588.3,10588.3,0.8544603584781174,8542.15,8542.15,0.8825853584781174
cost-p512-q64-s28,512,64,512,28,10,4547,406,4141,0.9107103584781174,72752.0,7275.2,0.0,16499.4,1649.94,0.7732103584781174,10588.3,1058.83,0.8544603584781174,8542.15,854.2149999999999,0.8825853584781174
cost-p512-q64-s28,512,64,512,28,100,4547,406,4141,0.9107103584781174,72752.0,727.52,0.0,16499.4,164.99400000000003,0.7732103584781174,10588.3,105.883,0.8544603584781174,8542.15,85.4215,0.8825853584781174
cost-p512-q64-s28,512,64,512,28,1000,4547,406,4141,0.9107103584781174,72752.0,72.752,0.0,16499.4,16.4994,0.7732103584781174,10588.3,10.588299999999998,0.8544603584781174,8542.15,8.54215,0.8825853584781174
cost-p512-q64-s29,512,64,512,29,1,5107,406,4701,0.9205012727628745,81712.0,81712.0,0.0,17731.4,17731.4,0.7830012727628745,11092.3,11092.3,0.8642512727628745,8794.15,8794.15,0.8923762727628746
cost-p512-q64-s29,512,64,512,29,10,5107,406,4701,0.9205012727628745,81712.0,8171.2,0.0,17731.4,1773.14,0.7830012727628745,11092.3,1109.23,0.8642512727628745,8794.15,879.415,0.8923762727628746
cost-p512-q64-s29,512,64,512,29,100,5107,406,4701,0.9205012727628745,81712.0,817.12,0.0,17731.4,177.31400000000002,0.7830012727628745,11092.3,110.92299999999999,0.8642512727628745,8794.15,87.94149999999999,0.8923762727628746
cost-p512-q64-s29,512,64,512,29,1000,5107,406,4701,0.9205012727628745,81712.0,81.712,0.0,17731.4,17.7314,0.7830012727628745,11092.3,11.0923,0.8642512727628745,8794.15,8.79415,0.8923762727628746
cost-p512-q64-s30,512,64,512,30,1,2867,406,2461,0.8583885594698291,45872.0,45872.0,0.0,12803.400000000001,12803.400000000001,0.7208885594698291,9076.3,9076.3,0.802138559469829,7786.15,7786.15,0.8302635594698291
cost-p512-q64-s30,512,64,512,30,10,2867,406,2461,0.8583885594698291,45872.0,4587.2,0.0,12803.400000000001,1280.3400000000001,0.7208885594698291,9076.3,907.6299999999999,0.802138559469829,7786.15,778.615,0.8302635594698291
cost-p512-q64-s30,512,64,512,30,100,2867,406,2461,0.8583885594698291,45872.0,458.72,0.0,12803.400000000001,128.03400000000002,0.7208885594698291,9076.3,90.76299999999999,0.802138559469829,7786.15,77.86149999999999,0.8302635594698291
cost-p512-q64-s30,512,64,512,30,1000,2867,406,2461,0.8583885594698291,45872.0,45.872,0.0,12803.400000000001,12.803400000000002,0.7208885594698291,9076.3,9.0763,0.802138559469829,7786.15,7.786149999999999,0.8302635594698291
cost-p512-q64-s31,512,64,512,31,1,3427,406,3021,0.8815290341406478,54832.0,54832.0,0.0,14035.400000000001,14035.400000000001,0.7440290341406478,9580.3,9580.3,0.8252790341406477,8038.15,8038.15,0.8534040341406478
cost-p512-q64-s31,512,64,512,31,10,3427,406,3021,0.8815290341406478,54832.0,5483.2,0.0,14035.400000000001,1403.5400000000002,0.7440290341406478,9580.3,958.03,0.8252790341406477,8038.15,803.8149999999999,0.8534040341406478
cost-p512-q64-s31,512,64,512,31,100,3427,406,3021,0.8815290341406478,54832.0,548.32,0.0,14035.400000000001,140.354,0.7440290341406478,9580.3,95.803,0.8252790341406477,8038.15,80.3815,0.8534040341406478
cost-p512-q64-s31,512,64,512,31,1000,3427,406,3021,0.8815290341406478,54832.0,54.832,0.0,14035.400000000001,14.035400000000001,0.7440290341406478,9580.3,9.5803,0.8252790341406477,8038.15,8.03815,0.8534040341406478
cost-p512-q64-s32,512,64,512,32,1,3987,406,3581,0.8981690494105844,63792.0,63792.0,0.0,15267.400000000001,15267.400000000001,0.7606690494105843,10084.3,10084.3,0.8419190494105844,8290.15,8290.15,0.8700440494105843
cost-p512-q64-s32,512,64,512,32,10,3987,406,3581,0.8981690494105844,63792.0,6379.2,0.0,15267.400000000001,1526.7400000000002,0.7606690494105843,10084.3,1008.43,0.8419190494105844,8290.15,829.015,0.8700440494105843
cost-p512-q64-s32,512,64,512,32,100,3987,406,3581,0.8981690494105844,63792.0,637.92,0.0,15267.400000000001,152.674,0.7606690494105843,10084.3,100.84299999999999,0.8419190494105844,8290.15,82.9015,0.8700440494105843
cost-p512-q64-s32,512,64,512,32,1000,3987,406,3581,0.8981690494105844,63792.0,63.792,0.0,15267.400000000001,15.267400000000002,0.7606690494105843,10084.3,10.084299999999999,0.8419190494105844,8290.15,8.290149999999999,0.8700440494105843
cost-p512-q64-s33,512,64,512,33,1,4547,406,4141,0.9107103584781174,72752.0,72752.0,0.0,16499.4,16499.4,0.7732103584781174,10588.3,10588.3,0.8544603584781174,8542.15,8542.15,0.8825853584781174
cost-p512-q64-s33,512,64,512,33,10,4547,406,4141,0.9107103584781174,72752.0,7275.2,0.0,16499.4,1649.94,0.7732103584781174,10588.3,1058.83,0.8544603584781174,8542.15,854.2149999999999,0.8825853584781174
cost-p512-q64-s33,512,64,512,33,100,4547,406,4141,0.9107103584781174,72752.0,727.52,0.0,16499.4,164.99400000000003,0.7732103584781174,10588.3,105.883,0.8544603584781174,8542.15,85.4215,0.8825853584781174
cost-p512-q64-s33,512,64,512,33,1000,4547,406,4141,0.9107103584781174,72752.0,72.752,0.0,16499.4,16.4994,0.7732103584781174,10588.3,10.588299999999998,0.8544603584781174,8542.15,8.54215,0.8825853584781174
cost-p512-q64-s34,512,64,512,34,1,5107,406,4701,0.9205012727628745,81712.0,81712.0,0.0,17731.4,17731.4,0.7830012727628745,11092.3,11092.3,0.8642512727628745,8794.15,8794.15,0.8923762727628746
cost-p512-q64-s34,512,64,512,34,10,5107,406,4701,0.9205012727628745,81712.0,8171.2,0.0,17731.4,1773.14,0.7830012727628745,11092.3,1109.23,0.8642512727628745,8794.15,879.415,0.8923762727628746
cost-p512-q64-s34,512,64,512,34,100,5107,406,4701,0.9205012727628745,81712.0,817.12,0.0,17731.4,177.31400000000002,0.7830012727628745,11092.3,110.92299999999999,0.8642512727628745,8794.15,87.94149999999999,0.8923762727628746
cost-p512-q64-s34,512,64,512,34,1000,5107,406,4701,0.9205012727628745,81712.0,81.712,0.0,17731.4,17.7314,0.7830012727628745,11092.3,11.0923,0.8642512727628745,8794.15,8.79415,0.8923762727628746
cost-p512-q64-s35,512,64,512,35,1,2867,406,2461,0.8583885594698291,45872.0,45872.0,0.0,12803.400000000001,12803.400000000001,0.7208885594698291,9076.3,9076.3,0.802138559469829,7786.15,7786.15,0.8302635594698291
cost-p512-q64-s35,512,64,512,35,10,2867,406,2461,0.8583885594698291,45872.0,4587.2,0.0,12803.400000000001,1280.3400000000001,0.7208885594698291,9076.3,907.6299999999999,0.802138559469829,7786.15,778.615,0.8302635594698291
cost-p512-q64-s35,512,64,512,35,100,2867,406,2461,0.8583885594698291,45872.0,458.72,0.0,12803.400000000001,128.03400000000002,0.7208885594698291,9076.3,90.76299999999999,0.802138559469829,7786.15,77.86149999999999,0.8302635594698291
cost-p512-q64-s35,512,64,512,35,1000,2867,406,2461,0.8583885594698291,45872.0,45.872,0.0,12803.400000000001,12.803400000000002,0.7208885594698291,9076.3,9.0763,0.802138559469829,7786.15,7.786149999999999,0.8302635594698291
cost-p512-q64-s36,512,64,512,36,1,3427,406,3021,0.8815290341406478,54832.0,54832.0,0.0,14035.400000000001,14035.400000000001,0.7440290341406478,9580.3,9580.3,0.8252790341406477,8038.15,8038.15,0.8534040341406478
cost-p512-q64-s36,512,64,512,36,10,3427,406,3021,0.8815290341406478,54832.0,5483.2,0.0,14035.400000000001,1403.5400000000002,0.7440290341406478,9580.3,958.03,0.8252790341406477,8038.15,803.8149999999999,0.8534040341406478
cost-p512-q64-s36,512,64,512,36,100,3427,406,3021,0.8815290341406478,54832.0,548.32,0.0,14035.400000000001,140.354,0.7440290341406478,9580.3,95.803,0.8252790341406477,8038.15,80.3815,0.8534040341406478
cost-p512-q64-s36,512,64,512,36,1000,3427,406,3021,0.8815290341406478,54832.0,54.832,0.0,14035.400000000001,14.035400000000001,0.7440290341406478,9580.3,9.5803,0.8252790341406477,8038.15,8.03815,0.8534040341406478
cost-p512-q64-s37,512,64,512,37,1,3987,406,3581,0.8981690494105844,63792.0,63792.0,0.0,15267.400000000001,15267.400000000001,0.7606690494105843,10084.3,10084.3,0.8419190494105844,8290.15,8290.15,0.8700440494105843
cost-p512-q64-s37,512,64,512,37,10,3987,406,3581,0.8981690494105844,63792.0,6379.2,0.0,15267.400000000001,1526.7400000000002,0.7606690494105843,10084.3,1008.43,0.8419190494105844,8290.15,829.015,0.8700440494105843
cost-p512-q64-s37,512,64,512,37,100,3987,406,3581,0.8981690494105844,63792.0,637.92,0.0,15267.400000000001,152.674,0.7606690494105843,10084.3,100.84299999999999,0.8419190494105844,8290.15,82.9015,0.8700440494105843
cost-p512-q64-s37,512,64,512,37,1000,3987,406,3581,0.8981690494105844,63792.0,63.792,0.0,15267.400000000001,15.267400000000002,0.7606690494105843,10084.3,10.084299999999999,0.8419190494105844,8290.15,8.290149999999999,0.8700440494105843
cost-p512-q64-s38,512,64,512,38,1,4547,406,4141,0.9107103584781174,72752.0,72752.0,0.0,16499.4,16499.4,0.7732103584781174,10588.3,10588.3,0.8544603584781174,8542.15,8542.15,0.8825853584781174
cost-p512-q64-s38,512,64,512,38,10,4547,406,4141,0.9107103584781174,72752.0,7275.2,0.0,16499.4,1649.94,0.7732103584781174,10588.3,1058.83,0.8544603584781174,8542.15,854.2149999999999,0.8825853584781174
cost-p512-q64-s38,512,64,512,38,100,4547,406,4141,0.9107103584781174,72752.0,727.52,0.0,16499.4,164.99400000000003,0.7732103584781174,10588.3,105.883,0.8544603584781174,8542.15,85.4215,0.8825853584781174
cost-p512-q64-s38,512,64,512,38,1000,4547,406,4141,0.9107103584781174,72752.0,72.752,0.0,16499.4,16.4994,0.7732103584781174,10588.3,10.588299999999998,0.8544603584781174,8542.15,8.54215,0.8825853584781174
cost-p512-q64-s39,512,64,512,39,1,5107,406,4701,0.9205012727628745,81712.0,81712.0,0.0,17731.4,17731.4,0.7830012727628745,11092.3,11092.3,0.8642512727628745,8794.15,8794.15,0.8923762727628746
cost-p512-q64-s39,512,64,512,39,10,5107,406,4701,0.9205012727628745,81712.0,8171.2,0.0,17731.4,1773.14,0.7830012727628745,11092.3,1109.23,0.8642512727628745,8794.15,879.415,0.8923762727628746
cost-p512-q64-s39,512,64,512,39,100,5107,406,4701,0.9205012727628745,81712.0,817.12,0.0,17731.4,177.31400000000002,0.7830012727628745,11092.3,110.92299999999999,0.8642512727628745,8794.15,87.94149999999999,0.8923762727628746
cost-p512-q64-s39,512,64,512,39,1000,5107,406,4701,0.9205012727628745,81712.0,81.712,0.0,17731.4,17.7314,0.7830012727628745,11092.3,11.0923,0.8642512727628745,8794.15,8.79415,0.8923762727628746
cost-p512-q64-s40,512,64,512,40,1,2867,406,2461,0.8583885594698291,45872.0,45872.0,0.0,12803.400000000001,12803.400000000001,0.7208885594698291,9076.3,9076.3,0.802138559469829,7786.15,7786.15,0.8302635594698291
cost-p512-q64-s40,512,64,512,40,10,2867,406,2461,0.8583885594698291,45872.0,4587.2,0.0,12803.400000000001,1280.3400000000001,0.7208885594698291,9076.3,907.6299999999999,0.802138559469829,7786.15,778.615,0.8302635594698291
cost-p512-q64-s40,512,64,512,40,100,2867,406,2461,0.8583885594698291,45872.0,458.72,0.0,12803.400000000001,128.03400000000002,0.7208885594698291,9076.3,90.76299999999999,0.802138559469829,7786.15,77.86149999999999,0.8302635594698291
cost-p512-q64-s40,512,64,512,40,1000,2867,406,2461,0.8583885594698291,45872.0,45.872,0.0,12803.400000000001,12.803400000000002,0.7208885594698291,9076.3,9.0763,0.802138559469829,7786.15,7.786149999999999,0.8302635594698291
cost-p512-q64-s41,512,64,512,41,1,3427,406,3021,0.8815290341406478,54832.0,54832.0,0.0,14035.400000000001,14035.400000000001,0.7440290341406478,9580.3,9580.3,0.8252790341406477,8038.15,8038.15,0.8534040341406478
cost-p512-q64-s41,512,64,512,41,10,3427,406,3021,0.8815290341406478,54832.0,5483.2,0.0,14035.400000000001,1403.5400000000002,0.7440290341406478,9580.3,958.03,0.8252790341406477,8038.15,803.8149999999999,0.8534040341406478
cost-p512-q64-s41,512,64,512,41,100,3427,406,3021,0.8815290341406478,54832.0,548.32,0.0,14035.400000000001,140.354,0.7440290341406478,9580.3,95.803,0.8252790341406477,8038.15,80.3815,0.8534040341406478
cost-p512-q64-s41,512,64,512,41,1000,3427,406,3021,0.8815290341406478,54832.0,54.832,0.0,14035.400000000001,14.035400000000001,0.7440290341406478,9580.3,9.5803,0.8252790341406477,8038.15,8.03815,0.8534040341406478
cost-p512-q64-s42,512,64,512,42,1,3987,406,3581,0.8981690494105844,63792.0,63792.0,0.0,15267.400000000001,15267.400000000001,0.7606690494105843,10084.3,10084.3,0.8419190494105844,8290.15,8290.15,0.8700440494105843
cost-p512-q64-s42,512,64,512,42,10,3987,406,3581,0.8981690494105844,63792.0,6379.2,0.0,15267.400000000001,1526.7400000000002,0.7606690494105843,10084.3,1008.43,0.8419190494105844,8290.15,829.015,0.8700440494105843
cost-p512-q64-s42,512,64,512,42,100,3987,406,3581,0.8981690494105844,63792.0,637.92,0.0,15267.400000000001,152.674,0.7606690494105843,10084.3,100.84299999999999,0.8419190494105844,8290.15,82.9015,0.8700440494105843
cost-p512-q64-s42,512,64,512,42,1000,3987,406,3581,0.8981690494105844,63792.0,63.792,0.0,15267.400000000001,15.267400000000002,0.7606690494105843,10084.3,10.084299999999999,0.8419190494105844,8290.15,8.290149999999999,0.8700440494105843
cost-p512-q64-s43,512,64,512,43,1,4547,406,4141,0.9107103584781174,72752.0,72752.0,0.0,16499.4,16499.4,0.7732103584781174,10588.3,10588.3,0.8544603584781174,8542.15,8542.15,0.8825853584781174
cost-p512-q64-s43,512,64,512,43,10,4547,406,4141,0.9107103584781174,72752.0,7275.2,0.0,16499.4,1649.94,0.7732103584781174,10588.3,1058.83,0.8544603584781174,8542.15,854.2149999999999,0.8825853584781174
cost-p512-q64-s43,512,64,512,43,100,4547,406,4141,0.9107103584781174,72752.0,727.52,0.0,16499.4,164.99400000000003,0.7732103584781174,10588.3,105.883,0.8544603584781174,8542.15,85.4215,0.8825853584781174
cost-p512-q64-s43,512,64,512,43,1000,4547,406,4141,0.9107103584781174,72752.0,72.752,0.0,16499.4,16.4994,0.7732103584781174,10588.3,10.588299999999998,0.8544603584781174,8542.15,8.54215,0.8825853584781174
cost-p512-q64-s44,512,64,512,44,1,5107,406,4701,0.9205012727628745,81712.0,81712.0,0.0,17731.4,17731.4,0.7830012727628745,11092.3,11092.3,0.8642512727628745,8794.15,8794.15,0.8923762727628746
cost-p512-q64-s44,512,64,512,44,10,5107,406,4701,0.9205012727628745,81712.0,8171.2,0.0,17731.4,1773.14,0.7830012727628745,11092.3,1109.23,0.8642512727628745,8794.15,879.415,0.8923762727628746
cost-p512-q64-s44,512,64,512,44,100,5107,406,4701,0.9205012727628745,81712.0,817.12,0.0,17731.4,177.31400000000002,0.7830012727628745,11092.3,110.92299999999999,0.8642512727628745,8794.15,87.94149999999999,0.8923762727628746
cost-p512-q64-s44,512,64,512,44,1000,5107,406,4701,0.9205012727628745,81712.0,81.712,0.0,17731.4,17.7314,0.7830012727628745,11092.3,11.0923,0.8642512727628745,8794.15,8.79415,0.8923762727628746
cost-p512-q64-s45,512,64,512,45,1,2867,406,2461,0.8583885594698291,45872.0,45872.0,0.0,12803.400000000001,12803.400000000001,0.7208885594698291,9076.3,9076.3,0.802138559469829,7786.15,7786.15,0.8302635594698291
cost-p512-q64-s45,512,64,512,45,10,2867,406,2461,0.8583885594698291,45872.0,4587.2,0.0,12803.400000000001,1280.3400000000001,0.7208885594698291,9076.3,907.6299999999999,0.802138559469829,7786.15,778.615,0.8302635594698291
cost-p512-q64-s45,512,64,512,45,100,2867,406,2461,0.8583885594698291,45872.0,458.72,0.0,12803.400000000001,128.03400000000002,0.7208885594698291,9076.3,90.76299999999999,0.802138559469829,7786.15,77.86149999999999,0.8302635594698291
cost-p512-q64-s45,512,64,512,45,1000,2867,406,2461,0.8583885594698291,45872.0,45.872,0.0,12803.400000000001,12.803400000000002,0.7208885594698291,9076.3,9.0763,0.802138559469829,7786.15,7.786149999999999,0.8302635594698291
cost-p512-q64-s46,512,64,512,46,1,3427,406,3021,0.8815290341406478,54832.0,54832.0,0.0,14035.400000000001,14035.400000000001,0.7440290341406478,9580.3,9580.3,0.8252790341406477,8038.15,8038.15,0.8534040341406478
cost-p512-q64-s46,512,64,512,46,10,3427,406,3021,0.8815290341406478,54832.0,5483.2,0.0,14035.400000000001,1403.5400000000002,0.7440290341406478,9580.3,958.03,0.8252790341406477,8038.15,803.8149999999999,0.8534040341406478
cost-p512-q64-s46,512,64,512,46,100,3427,406,3021,0.8815290341406478,54832.0,548.32,0.0,14035.400000000001,140.354,0.7440290341406478,9580.3,95.803,0.8252790341406477,8038.15,80.3815,0.8534040341406478
cost-p512-q64-s46,512,64,512,46,1000,3427,406,3021,0.8815290341406478,54832.0,54.832,0.0,14035.400000000001,14.035400000000001,0.7440290341406478,9580.3,9.5803,0.8252790341406477,8038.15,8.03815,0.8534040341406478
cost-p512-q64-s47,512,64,512,47,1,3987,406,3581,0.8981690494105844,63792.0,63792.0,0.0,15267.400000000001,15267.400000000001,0.7606690494105843,10084.3,10084.3,0.8419190494105844,8290.15,8290.15,0.8700440494105843
cost-p512-q64-s47,512,64,512,47,10,3987,406,3581,0.8981690494105844,63792.0,6379.2,0.0,15267.400000000001,1526.7400000000002,0.7606690494105843,10084.3,1008.43,0.8419190494105844,8290.15,829.015,0.8700440494105843
cost-p512-q64-s47,512,64,512,47,100,3987,406,3581,0.8981690494105844,63792.0,637.92,0.0,15267.400000000001,152.674,0.7606690494105843,10084.3,100.84299999999999,0.8419190494105844,8290.15,82.9015,0.8700440494105843
cost-p512-q64-s47,512,64,512,47,1000,3987,406,3581,0.8981690494105844,63792.0,63.792,0.0,15267.400000000001,15.267400000000002,0.7606690494105843,10084.3,10.084299999999999,0.8419190494105844,8290.15,8.290149999999999,0.8700440494105843
cost-p512-q64-s48,512,64,512,48,1,4547,406,4141,0.9107103584781174,72752.0,72752.0,0.0,16499.4,16499.4,0.7732103584781174,10588.3,10588.3,0.8544603584781174,8542.15,8542.15,0.8825853584781174
cost-p512-q64-s48,512,64,512,48,10,4547,406,4141,0.9107103584781174,72752.0,7275.2,0.0,16499.4,1649.94,0.7732103584781174,10588.3,1058.83,0.8544603584781174,8542.15,854.2149999999999,0.8825853584781174
cost-p512-q64-s48,512,64,512,48,100,4547,406,4141,0.9107103584781174,72752.0,727.52,0.0,16499.4,164.99400000000003,0.7732103584781174,10588.3,105.883,0.8544603584781174,8542.15,85.4215,0.8825853584781174
cost-p512-q64-s48,512,64,512,48,1000,4547,406,4141,0.9107103584781174,72752.0,72.752,0.0,16499.4,16.4994,0.7732103584781174,10588.3,10.588299999999998,0.8544603584781174,8542.15,8.54215,0.8825853584781174
cost-p512-q64-s49,512,64,512,49,1,5107,406,4701,0.9205012727628745,81712.0,81712.0,0.0,17731.4,17731.4,0.7830012727628745,11092.3,11092.3,0.8642512727628745,8794.15,8794.15,0.8923762727628746
cost-p512-q64-s49,512,64,512,49,10,5107,406,4701,0.9205012727628745,81712.0,8171.2,0.0,17731.4,1773.14,0.7830012727628745,11092.3,1109.23,0.8642512727628745,8794.15,879.415,0.8923762727628746
cost-p512-q64-s49,512,64,512,49,100,5107,406,4701,0.9205012727628745,81712.0,817.12,0.0,17731.4,177.31400000000002,0.7830012727628745,11092.3,110.92299999999999,0.8642512727628745,8794.15,87.94149999999999,0.8923762727628746
cost-p512-q64-s49,512,64,512,49,1000,5107,406,4701,0.9205012727628745,81712.0,81.712,0.0,17731.4,17.7314,0.7830012727628745,11092.3,11.0923,0.8642512727628745,8794.15,8.79415,0.8923762727628746
cost-p512-q64-s50,512,64,512,50,1,2867,406,2461,0.8583885594698291,45872.0,45872.0,0.0,12803.400000000001,12803.400000000001,0.7208885594698291,9076.3,9076.3,0.802138559469829,7786.15,7786.15,0.8302635594698291
cost-p512-q64-s50,512,64,512,50,10,2867,406,2461,0.8583885594698291,45872.0,4587.2,0.0,12803.400000000001,1280.3400000000001,0.7208885594698291,9076.3,907.6299999999999,0.802138559469829,7786.15,778.615,0.8302635594698291
cost-p512-q64-s50,512,64,512,50,100,2867,406,2461,0.8583885594698291,45872.0,458.72,0.0,12803.400000000001,128.03400000000002,0.7208885594698291,9076.3,90.76299999999999,0.802138559469829,7786.15,77.86149999999999,0.8302635594698291
cost-p512-q64-s50,512,64,512,50,1000,2867,406,2461,0.8583885594698291,45872.0,45.872,0.0,12803.400000000001,12.803400000000002,0.7208885594698291,9076.3,9.0763,0.802138559469829,7786.15,7.786149999999999,0.8302635594698291
cost-p512-q64-s51,512,64,512,51,1,3427,406,3021,0.8815290341406478,54832.0,54832.0,0.0,14035.400000000001,14035.400000000001,0.7440290341406478,9580.3,9580.3,0.8252790341406477,8038.15,8038.15,0.8534040341406478
cost-p512-q64-s51,512,64,512,51,10,3427,406,3021,0.8815290341406478,54832.0,5483.2,0.0,14035.400000000001,1403.5400000000002,0.7440290341406478,9580.3,958.03,0.8252790341406477,8038.15,803.8149999999999,0.8534040341406478
cost-p512-q64-s51,512,64,512,51,100,3427,406,3021,0.8815290341406478,54832.0,548.32,0.0,14035.400000000001,140.354,0.7440290341406478,9580.3,95.803,0.8252790341406477,8038.15,80.3815,0.8534040341406478
cost-p512-q64-s51,512,64,512,51,1000,3427,406,3021,0.8815290341406478,54832.0,54.832,0.0,14035.400000000001,14.035400000000001,0.7440290341406478,9580.3,9.5803,0.8252790341406477,8038.15,8.03815,0.8534040341406478
cost-p512-q64-s52,512,64,512,52,1,3987,406,3581,0.8981690494105844,63792.0,63792.0,0.0,15267.400000000001,15267.400000000001,0.7606690494105843,10084.3,10084.3,0.8419190494105844,8290.15,8290.15,0.8700440494105843
cost-p512-q64-s52,512,64,512,52,10,3987,406,3581,0.8981690494105844,63792.0,6379.2,0.0,15267.400000000001,1526.7400000000002,0.7606690494105843,10084.3,1008.43,0.8419190494105844,8290.15,829.015,0.8700440494105843
cost-p512-q64-s52,512,64,512,52,100,3987,406,3581,0.8981690494105844,63792.0,637.92,0.0,15267.400000000001,152.674,0.7606690494105843,10084.3,100.84299999999999,0.8419190494105844,8290.15,82.9015,0.8700440494105843
cost-p512-q64-s52,512,64,512,52,1000,3987,406,3581,0.8981690494105844,63792.0,63.792,0.0,15267.400000000001,15.267400000000002,0.7606690494105843,10084.3,10.084299999999999,0.8419190494105844,8290.15,8.290149999999999,0.8700440494105843
cost-p512-q64-s53,512,64,512,53,1,4547,406,4141,0.9107103584781174,72752.0,72752.0,0.0,16499.4,16499.4,0.7732103584781174,10588.3,10588.3,0.8544603584781174,8542.15,8542.15,0.8825853584781174
cost-p512-q64-s53,512,64,512,53,10,4547,406,4141,0.9107103584781174,72752.0,7275.2,0.0,16499.4,1649.94,0.7732103584781174,10588.3,1058.83,0.8544603584781174,8542.15,854.2149999999999,0.8825853584781174
cost-p512-q64-s53,512,64,512,53,100,4547,406,4141,0.9107103584781174,72752.0,727.52,0.0,16499.4,164.99400000000003,0.7732103584781174,10588.3,105.883,0.8544603584781174,8542.15,85.4215,0.8825853584781174
cost-p512-q64-s53,512,64,512,53,1000,4547,406,4141,0.9107103584781174,72752.0,72.752,0.0,16499.4,16.4994,0.7732103584781174,10588.3,10.588299999999998,0.8544603584781174,8542.15,8.54215,0.8825853584781174
cost-p512-q64-s54,512,64,512,54,1,5107,406,4701,0.9205012727628745,81712.0,81712.0,0.0,17731.4,17731.4,0.7830012727628745,11092.3,11092.3,0.8642512727628745,8794.15,8794.15,0.8923762727628746
cost-p512-q64-s54,512,64,512,54,10,5107,406,4701,0.9205012727628745,81712.0,8171.2,0.0,17731.4,1773.14,0.7830012727628745,11092.3,1109.23,0.8642512727628745,8794.15,879.415,0.8923762727628746
cost-p512-q64-s54,512,64,512,54,100,5107,406,4701,0.9205012727628745,81712.0,817.12,0.0,17731.4,177.31400000000002,0.7830012727628745,11092.3,110.92299999999999,0.8642512727628745,8794.15,87.94149999999999,0.8923762727628746
cost-p512-q64-s54,512,64,512,54,1000,5107,406,4701,0.9205012727628745,81712.0,81.712,0.0,17731.4,17.7314,0.7830012727628745,11092.3,11.0923,0.8642512727628745,8794.15,8.79415,0.8923762727628746
cost-p512-q64-s55,512,64,512,55,1,2867,406,2461,0.8583885594698291,45872.0,45872.0,0.0,12803.400000000001,12803.400000000001,0.7208885594698291,9076.3,9076.3,0.802138559469829,7786.15,7786.15,0.8302635594698291
cost-p512-q64-s55,512,64,512,55,10,2867,406,2461,0.8583885594698291,45872.0,4587.2,0.0,12803.400000000001,1280.3400000000001,0.7208885594698291,9076.3,907.6299999999999,0.802138559469829,7786.15,778.615,0.8302635594698291
cost-p512-q64-s55,512,64,512,55,100,2867,406,2461,0.8583885594698291,45872.0,458.72,0.0,12803.400000000001,128.03400000000002,0.7208885594698291,9076.3,90.76299999999999,0.802138559469829,7786.15,77.86149999999999,0.8302635594698291
cost-p512-q64-s55,512,64,512,55,1000,2867,406,2461,0.8583885594698291,45872.0,45.872,0.0,12803.400000000001,12.803400000000002,0.7208885594698291,9076.3,9.0763,0.802138559469829,7786.15,7.786149999999999,0.8302635594698291
cost-p512-q64-s56,512,64,512,56,1,3427,406,3021,0.8815290341406478,54832.0,54832.0,0.0,14035.400000000001,14035.400000000001,0.7440290341406478,9580.3,9580.3,0.8252790341406477,8038.15,8038.15,0.8534040341406478
cost-p512-q64-s56,512,64,512,56,10,3427,406,3021,0.8815290341406478,54832.0,5483.2,0.0,14035.400000000001,1403.5400000000002,0.7440290341406478,9580.3,958.03,0.8252790341406477,8038.15,803.8149999999999,0.8534040341406478
cost-p512-q64-s56,512,64,512,56,100,3427,406,3021,0.8815290341406478,54832.0,548.32,0.0,14035.400000000001,140.354,0.7440290341406478,9580.3,95.803,0.8252790341406477,8038.15,80.3815,0.8534040341406478
cost-p512-q64-s56,512,64,512,56,1000,3427,406,3021,0.8815290341406478,54832.0,54.832,0.0,14035.400000000001,14.035400000000001,0.7440290341406478,9580.3,9.5803,0.8252790341406477,8038.15,8.03815,0.8534040341406478
cost-p512-q64-s57,512,64,512,57,1,3987,406,3581,0.8981690494105844,63792.0,63792.0,0.0,15267.400000000001,15267.400000000001,0.7606690494105843,10084.3,10084.3,0.8419190494105844,8290.15,8290.15,0.8700440494105843
cost-p512-q64-s57,512,64,512,57,10,3987,406,3581,0.8981690494105844,63792.0,6379.2,0.0,15267.400000000001,1526.7400000000002,0.7606690494105843,10084.3,1008.43,0.8419190494105844,8290.15,829.015,0.8700440494105843
cost-p512-q64-s57,512,64,512,57,100,3987,406,3581,0.8981690494105844,63792.0,637.92,0.0,15267.400000000001,152.674,0.7606690494105843,10084.3,100.84299999999999,0.8419190494105844,8290.15,82.9015,0.8700440494105843
cost-p512-q64-s57,512,64,512,57,1000,3987,406,3581,0.8981690494105844,63792.0,63.792,0.0,15267.400000000001,15.267400000000002,0.7606690494105843,10084.3,10.084299999999999,0.8419190494105844,8290.15,8.290149999999999,0.8700440494105843
cost-p512-q64-s58,512,64,512,58,1,4547,406,4141,0.9107103584781174,72752.0,72752.0,0.0,16499.4,16499.4,0.7732103584781174,10588.3,10588.3,0.8544603584781174,8542.15,8542.15,0.8825853584781174
cost-p512-q64-s58,512,64,512,58,10,4547,406,4141,0.9107103584781174,72752.0,7275.2,0.0,16499.4,1649.94,0.7732103584781174,10588.3,1058.83,0.8544603584781174,8542.15,854.2149999999999,0.8825853584781174
cost-p512-q64-s58,512,64,512,58,100,4547,406,4141,0.9107103584781174,72752.0,727.52,0.0,16499.4,164.99400000000003,0.7732103584781174,10588.3,105.883,0.8544603584781174,8542.15,85.4215,0.8825853584781174
cost-p512-q64-s58,512,64,512,58,1000,4547,406,4141,0.9107103584781174,72752.0,72.752,0.0,16499.4,16.4994,0.7732103584781174,10588.3,10.588299999999998,0.8544603584781174,8542.15,8.54215,0.8825853584781174
cost-p512-q64-s59,512,64,512,59,1,5107,406,4701,0.9205012727628745,81712.0,81712.0,0.0,17731.4,17731.4,0.7830012727628745,11092.3,11092.3,0.8642512727628745,8794.15,8794.15,0.8923762727628746
cost-p512-q64-s59,512,64,512,59,10,5107,406,4701,0.9205012727628745,81712.0,8171.2,0.0,17731.4,1773.14,0.7830012727628745,11092.3,1109.23,0.8642512727628745,8794.15,879.415,0.8923762727628746
cost-p512-q64-s59,512,64,512,59,100,5107,406,4701,0.9205012727628745,81712.0,817.12,0.0,17731.4,177.31400000000002,0.7830012727628745,11092.3,110.92299999999999,0.8642512727628745,8794.15,87.94149999999999,0.8923762727628746
cost-p512-q64-s59,512,64,512,59,1000,5107,406,4701,0.9205012727628745,81712.0,81.712,0.0,17731.4,17.7314,0.7830012727628745,11092.3,11.0923,0.8642512727628745,8794.15,8.79415,0.8923762727628746
cost-p512-q64-s60,512,64,512,60,1,2867,406,2461,0.8583885594698291,45872.0,45872.0,0.0,12803.400000000001,12803.400000000001,0.7208885594698291,9076.3,9076.3,0.802138559469829,7786.15,7786.15,0.8302635594698291
cost-p512-q64-s60,512,64,512,60,10,2867,406,2461,0.8583885594698291,45872.0,4587.2,0.0,12803.400000000001,1280.3400000000001,0.7208885594698291,9076.3,907.6299999999999,0.802138559469829,7786.15,778.615,0.8302635594698291
cost-p512-q64-s60,512,64,512,60,100,2867,406,2461,0.8583885594698291,45872.0,458.72,0.0,12803.400000000001,128.03400000000002,0.7208885594698291,9076.3,90.76299999999999,0.802138559469829,7786.15,77.86149999999999,0.8302635594698291
cost-p512-q64-s60,512,64,512,60,1000,2867,406,2461,0.8583885594698291,45872.0,45.872,0.0,12803.400000000001,12.803400000000002,0.7208885594698291,9076.3,9.0763,0.802138559469829,7786.15,7.786149999999999,0.8302635594698291
cost-p512-q64-s61,512,64,512,61,1,3427,406,3021,0.8815290341406478,54832.0,54832.0,0.0,14035.400000000001,14035.400000000001,0.7440290341406478,9580.3,9580.3,0.8252790341406477,8038.15,8038.15,0.8534040341406478
cost-p512-q64-s61,512,64,512,61,10,3427,406,3021,0.8815290341406478,54832.0,5483.2,0.0,14035.400000000001,1403.5400000000002,0.7440290341406478,9580.3,958.03,0.8252790341406477,8038.15,803.8149999999999,0.8534040341406478
cost-p512-q64-s61,512,64,512,61,100,3427,406,3021,0.8815290341406478,54832.0,548.32,0.0,14035.400000000001,140.354,0.7440290341406478,9580.3,95.803,0.8252790341406477,8038.15,80.3815,0.8534040341406478
cost-p512-q64-s61,512,64,512,61,1000,3427,406,3021,0.8815290341406478,54832.0,54.832,0.0,14035.400000000001,14.035400000000001,0.7440290341406478,9580.3,9.5803,0.8252790341406477,8038.15,8.03815,0.8534040341406478
cost-p512-q64-s62,512,64,512,62,1,3987,406,3581,0.8981690494105844,63792.0,63792.0,0.0,15267.400000000001,15267.400000000001,0.7606690494105843,10084.3,10084.3,0.8419190494105844,8290.15,8290.15,0.8700440494105843
cost-p512-q64-s62,512,64,512,62,10,3987,406,3581,0.8981690494105844,63792.0,6379.2,0.0,15267.400000000001,1526.7400000000002,0.7606690494105843,10084.3,1008.43,0.8419190494105844,8290.15,829.015,0.8700440494105843
cost-p512-q64-s62,512,64,512,62,100,3987,406,3581,0.8981690494105844,63792.0,637.92,0.0,15267.400000000001,152.674,0.7606690494105843,10084.3,100.84299999999999,0.8419190494105844,8290.15,82.9015,0.8700440494105843
cost-p512-q64-s62,512,64,512,62,1000,3987,406,3581,0.8981690494105844,63792.0,63.792,0.0,15267.400000000001,15.267400000000002,0.7606690494105843,10084.3,10.084299999999999,0.8419190494105844,8290.15,8.290149999999999,0.8700440494105843
cost-p512-q64-s63,512,64,512,63,1,4547,406,4141,0.9107103584781174,72752.0,72752.0,0.0,16499.4,16499.4,0.7732103584781174,10588.3,10588.3,0.8544603584781174,8542.15,8542.15,0.8825853584781174
cost-p512-q64-s63,512,64,512,63,10,4547,406,4141,0.9107103584781174,72752.0,7275.2,0.0,16499.4,1649.94,0.7732103584781174,10588.3,1058.83,0.8544603584781174,8542.15,854.2149999999999,0.8825853584781174
cost-p512-q64-s63,512,64,512,63,100,4547,406,4141,0.9107103584781174,72752.0,727.52,0.0,16499.4,164.99400000000003,0.7732103584781174,10588.3,105.883,0.8544603584781174,8542.15,85.4215,0.8825853584781174
cost-p512-q64-s63,512,64,512,63,1000,4547,406,4141,0.9107103584781174,72752.0,72.752,0.0,16499.4,16.4994,0.7732103584781174,10588.3,10.588299999999998,0.8544603584781174,8542.15,8.54215,0.8825853584781174
cost-p512-q64-s64,512,64,512,64,1,5107,406,4701,0.9205012727628745,81712.0,81712.0,0.0,17731.4,17731.4,0.7830012727628745,11092.3,11092.3,0.8642512727628745,8794.15,8794.15,0.8923762727628746
cost-p512-q64-s64,512,64,512,64,10,5107,406,4701,0.9205012727628745,81712.0,8171.2,0.0,17731.4,1773.14,0.7830012727628745,11092.3,1109.23,0.8642512727628745,8794.15,879.415,0.8923762727628746
cost-p512-q64-s64,512,64,512,64,100,5107,406,4701,0.9205012727628745,81712.0,817.12,0.0,17731.4,177.31400000000002,0.7830012727628745,11092.3,110.92299999999999,0.8642512727628745,8794.15,87.94149999999999,0.8923762727628746
cost-p512-q64-s64,512,64,512,64,1000,5107,406,4701,0.9205012727628745,81712.0,81.712,0.0,17731.4,17.7314,0.7830012727628745,11092.3,11.0923,0.8642512727628745,8794.15,8.79415,0.8923762727628746
cost-p512-q64-s65,512,64,512,65,1,2867,406,2461,0.8583885594698291,45872.0,45872.0,0.0,12803.400000000001,12803.400000000001,0.7208885594698291,9076.3,9076.3,0.802138559469829,7786.15,7786.15,0.8302635594698291
cost-p512-q64-s65,512,64,512,65,10,2867,406,2461,0.8583885594698291,45872.0,4587.2,0.0,12803.400000000001,1280.3400000000001,0.7208885594698291,9076.3,907.6299999999999,0.802138559469829,7786.15,778.615,0.8302635594698291
cost-p512-q64-s65,512,64,512,65,100,2867,406,2461,0.8583885594698291,45872.0,458.72,0.0,12803.400000000001,128.03400000000002,0.7208885594698291,9076.3,90.76299999999999,0.802138559469829,7786.15,77.86149999999999,0.8302635594698291
cost-p512-q64-s65,512,64,512,65,1000,2867,406,2461,0.8583885594698291,45872.0,45.872,0.0,12803.400000000001,12.803400000000002,0.7208885594698291,9076.3,9.0763,0.802138559469829,7786.15,7.786149999999999,0.8302635594698291
cost-p512-q64-s66,512,64,512,66,1,3427,406,3021,0.8815290341406478,54832.0,54832.0,0.0,14035.400000000001,14035.400000000001,0.7440290341406478,9580.3,9580.3,0.8252790341406477,8038.15,8038.15,0.8534040341406478
cost-p512-q64-s66,512,64,512,66,10,3427,406,3021,0.8815290341406478,54832.0,5483.2,0.0,14035.400000000001,1403.5400000000002,0.7440290341406478,9580.3,958.03,0.8252790341406477,8038.15,803.8149999999999,0.8534040341406478
cost-p512-q64-s66,512,64,512,66,100,3427,406,3021,0.8815290341406478,54832.0,548.32,0.0,14035.400000000001,140.354,0.7440290341406478,9580.3,95.803,0.8252790341406477,8038.15,80.3815,0.8534040341406478
cost-p512-q64-s66,512,64,512,66,1000,3427,406,3021,0.8815290341406478,54832.0,54.832,0.0,14035.400000000001,14.035400000000001,0.7440290341406478,9580.3,9.5803,0.8252790341406477,8038.15,8.03815,0.8534040341406478
cost-p512-q64-s67,512,64,512,67,1,3987,406,3581,0.8981690494105844,63792.0,63792.0,0.0,15267.400000000001,15267.400000000001,0.7606690494105843,10084.3,10084.3,0.8419190494105844,8290.15,8290.15,0.8700440494105843
cost-p512-q64-s67,512,64,512,67,10,3987,406,3581,0.8981690494105844,63792.0,6379.2,0.0,15267.400000000001,1526.7400000000002,0.7606690494105843,10084.3,1008.43,0.8419190494105844,8290.15,829.015,0.8700440494105843
cost-p512-q64-s67,512,64,512,67,100,3987,406,3581,0.8981690494105844,63792.0,637.92,0.0,15267.400000000001,152.674,0.7606690494105843,10084.3,100.84299999999999,0.8419190494105844,8290.15,82.9015,0.8700440494105843
cost-p512-q64-s67,512,64,512,67,1000,3987,406,3581,0.8981690494105844,63792.0,63.792,0.0,15267.400000000001,15.267400000000002,0.7606690494105843,10084.3,10.084299999999999,0.8419190494105844,8290.15,8.290149999999999,0.8700440494105843
cost-p512-q64-s68,512,64,512,68,1,4547,406,4141,0.9107103584781174,72752.0,72752.0,0.0,16499.4,16499.4,0.7732103584781174,10588.3,10588.3,0.8544603584781174,8542.15,8542.15,0.8825853584781174
cost-p512-q64-s68,512,64,512,68,10,4547,406,4141,0.9107103584781174,72752.0,7275.2,0.0,16499.4,1649.94,0.7732103584781174,10588.3,1058.83,0.8544603584781174,8542.15,854.2149999999999,0.8825853584781174
cost-p512-q64-s68,512,64,512,68,100,4547,406,4141,0.9107103584781174,72752.0,727.52,0.0,16499.4,164.99400000000003,0.7732103584781174,10588.3,105.883,0.8544603584781174,8542.15,85.4215,0.8825853584781174
cost-p512-q64-s68,512,64,512,68,1000,4547,406,4141,0.9107103584781174,72752.0,72.752,0.0,16499.4,16.4994,0.7732103584781174,10588.3,10.588299999999998,0.8544603584781174,8542.15,8.54215,0.8825853584781174
cost-p512-q64-s69,512,64,512,69,1,5107,406,4701,0.9205012727628745,81712.0,81712.0,0.0,17731.4,17731.4,0.7830012727628745,11092.3,11092.3,0.8642512727628745,8794.15,8794.15,0.8923762727628746
cost-p512-q64-s69,512,64,512,69,10,5107,406,4701,0.9205012727628745,81712.0,8171.2,0.0,17731.4,1773.14,0.7830012727628745,11092.3,1109.23,0.8642512727628745,8794.15,879.415,0.8923762727628746
cost-p512-q64-s69,512,64,512,69,100,5107,406,4701,0.9205012727628745,81712.0,817.12,0.0,17731.4,177.31400000000002,0.7830012727628745,11092.3,110.92299999999999,0.8642512727628745,8794.15,87.94149999999999,0.8923762727628746
cost-p512-q64-s69,512,64,512,69,1000,5107,406,4701,0.9205012727628745,81712.0,81.712,0.0,17731.4,17.7314,0.7830012727628745,11092.3,11.0923,0.8642512727628745,8794.15,8.79415,0.8923762727628746
cost-p512-q64-s70,512,64,512,70,1,2867,406,2461,0.8583885594698291,45872.0,45872.0,0.0,12803.400000000001,12803.400000000001,0.7208885594698291,9076.3,9076.3,0.802138559469829,7786.15,7786.15,0.8302635594698291
cost-p512-q64-s70,512,64,512,70,10,2867,406,2461,0.8583885594698291,45872.0,4587.2,0.0,12803.400000000001,1280.3400000000001,0.7208885594698291,9076.3,907.6299999999999,0.802138559469829,7786.15,778.615,0.8302635594698291
cost-p512-q64-s70,512,64,512,70,100,2867,406,2461,0.8583885594698291,45872.0,458.72,0.0,12803.400000000001,128.03400000000002,0.7208885594698291,9076.3,90.76299999999999,0.802138559469829,7786.15,77.86149999999999,0.8302635594698291
cost-p512-q64-s70,512,64,512,70,1000,2867,406,2461,0.8583885594698291,45872.0,45.872,0.0,12803.400000000001,12.803400000000002,0.7208885594698291,9076.3,9.0763,0.802138559469829,7786.15,7.786149999999999,0.8302635594698291
cost-p512-q64-s71,512,64,512,71,1,3427,406,3021,0.8815290341406478,54832.0,54832.0,0.0,14035.400000000001,14035.400000000001,0.7440290341406478,9580.3,9580.3,0.8252790341406477,8038.15,8038.15,0.8534040341406478
cost-p512-q64-s71,512,64,512,71,10,3427,406,3021,0.8815290341406478,54832.0,5483.2,0.0,14035.400000000001,1403.5400000000002,0.7440290341406478,9580.3,958.03,0.8252790341406477,8038.15,803.8149999999999,0.8534040341406478
cost-p512-q64-s71,512,64,512,71,100,3427,406,3021,0.8815290341406478,54832.0,548.32,0.0,14035.400000000001,140.354,0.7440290341406478,9580.3,95.803,0.8252790341406477,8038.15,80.3815,0.8534040341406478
cost-p512-q64-s71,512,64,512,71,1000,3427,406,3021,0.8815290341406478,54832.0,54.832,0.0,14035.400000000001,14.035400000000001,0.7440290341406478,9580.3,9.5803,0.8252790341406477,8038.15,8.03815,0.8534040341406478
cost-p512-q64-s72,512,64,512,72,1,3987,406,3581,0.8981690494105844,63792.0,63792.0,0.0,15267.400000000001,15267.400000000001,0.7606690494105843,10084.3,10084.3,0.8419190494105844,8290.15,8290.15,0.8700440494105843
cost-p512-q64-s72,512,64,512,72,10,3987,406,3581,0.8981690494105844,63792.0,6379.2,0.0,15267.400000000001,1526.7400000000002,0.7606690494105843,10084.3,1008.43,0.8419190494105844,8290.15,829.015,0.8700440494105843
cost-p512-q64-s72,512,64,512,72,100,3987,406,3581,0.8981690494105844,63792.0,637.92,0.0,15267.400000000001,152.674,0.7606690494105843,10084.3,100.84299999999999,0.8419190494105844,8290.15,82.9015,0.8700440494105843
cost-p512-q64-s72,512,64,512,72,1000,3987,406,3581,0.8981690494105844,63792.0,63.792,0.0,15267.400000000001,15.267400000000002,0.7606690494105843,10084.3,10.084299999999999,0.8419190494105844,8290.15,8.290149999999999,0.8700440494105843
cost-p512-q64-s73,512,64,512,73,1,4547,406,4141,0.9107103584781174,72752.0,72752.0,0.0,16499.4,16499.4,0.7732103584781174,10588.3,10588.3,0.8544603584781174,8542.15,8542.15,0.8825853584781174
cost-p512-q64-s73,512,64,512,73,10,4547,406,4141,0.9107103584781174,72752.0,7275.2,0.0,16499.4,1649.94,0.7732103584781174,10588.3,1058.83,0.8544603584781174,8542.15,854.2149999999999,0.8825853584781174
cost-p512-q64-s73,512,64,512,73,100,4547,406,4141,0.9107103584781174,72752.0,727.52,0.0,16499.4,164.99400000000003,0.7732103584781174,10588.3,105.883,0.8544603584781174,8542.15,85.4215,0.8825853584781174
cost-p512-q64-s73,512,64,512,73,1000,4547,406,4141,0.9107103584781174,72752.0,72.752,0.0,16499.4,16.4994,0.7732103584781174,10588.3,10.588299999999998,0.8544603584781174,8542.15,8.54215,0.8825853584781174
cost-p512-q64-s74,512,64,512,74,1,5107,406,4701,0.9205012727628745,81712.0,81712.0,0.0,17731.4,17731.4,0.7830012727628745,11092.3,11092.3,0.8642512727628745,8794.15,8794.15,0.8923762727628746
cost-p512-q64-s74,512,64,512,74,10,5107,406,4701,0.9205012727628745,81712.0,8171.2,0.0,17731.4,1773.14,0.7830012727628745,11092.3,1109.23,0.8642512727628745,8794.15,879.415,0.8923762727628746
cost-p512-q64-s74,512,64,512,74,100,5107,406,4701,0.9205012727628745,81712.0,817.12,0.0,17731.4,177.31400000000002,0.7830012727628745,11092.3,110.92299999999999,0.8642512727628745,8794.15,87.94149999999999,0.8923762727628746
cost-p512-q64-s74,512,64,512,74,1000,5107,406,4701,0.9205012727628745,81712.0,81.712,0.0,17731.4,17.7314,0.7830012727628745,11092.3,11.0923,0.8642512727628745,8794.15,8.79415,0.8923762727628746
cost-p512-q64-s75,512,64,512,75,1,2867,406,2461,0.8583885594698291,45872.0,45872.0,0.0,12803.400000000001,12803.400000000001,0.7208885594698291,9076.3,9076.3,0.802138559469829,7786.15,7786.15,0.8302635594698291
cost-p512-q64-s75,512,64,512,75,10,2867,406,2461,0.8583885594698291,45872.0,4587.2,0.0,12803.400000000001,1280.3400000000001,0.7208885594698291,9076.3,907.6299999999999,0.802138559469829,7786.15,778.615,0.8302635594698291
cost-p512-q64-s75,512,64,512,75,100,2867,406,2461,0.8583885594698291,45872.0,458.72,0.0,12803.400000000001,128.03400000000002,0.7208885594698291,9076.3,90.76299999999999,0.802138559469829,7786.15,77.86149999999999,0.8302635594698291
cost-p512-q64-s75,512,64,512,75,1000,2867,406,2461,0.8583885594698291,45872.0,45.872,0.0,12803.400000000001,12.803400000000002,0.7208885594698291,9076.3,9.0763,0.802138559469829,7786.15,7.786149999999999,0.8302635594698291
cost-p512-q64-s76,512,64,512,76,1,3427,406,3021,0.8815290341406478,54832.0,54832.0,0.0,14035.400000000001,14035.400000000001,0.7440290341406478,9580.3,9580.3,0.8252790341406477,8038.15,8038.15,0.8534040341406478
cost-p512-q64-s76,512,64,512,76,10,3427,406,3021,0.8815290341406478,54832.0,5483.2,0.0,14035.400000000001,1403.5400000000002,0.7440290341406478,9580.3,958.03,0.8252790341406477,8038.15,803.8149999999999,0.8534040341406478
cost-p512-q64-s76,512,64,512,76,100,3427,406,3021,0.8815290341406478,54832.0,548.32,0.0,14035.400000000001,140.354,0.7440290341406478,9580.3,95.803,0.8252790341406477,8038.15,80.3815,0.8534040341406478
cost-p512-q64-s76,512,64,512,76,1000,3427,406,3021,0.8815290341406478,54832.0,54.832,0.0,14035.400000000001,14.035400000000001,0.7440290341406478,9580.3,9.5803,0.8252790341406477,8038.15,8.03815,0.8534040341406478
cost-p512-q64-s77,512,64,512,77,1,3987,406,3581,0.8981690494105844,63792.0,63792.0,0.0,15267.400000000001,15267.400000000001,0.7606690494105843,10084.3,10084.3,0.8419190494105844,8290.15,8290.15,0.8700440494105843
cost-p512-q64-s77,512,64,512,77,10,3987,406,3581,0.8981690494105844,63792.0,6379.2,0.0,15267.400000000001,1526.7400000000002,0.7606690494105843,10084.3,1008.43,0.8419190494105844,8290.15,829.015,0.8700440494105843
cost-p512-q64-s77,512,64,512,77,100,3987,406,3581,0.8981690494105844,63792.0,637.92,0.0,15267.400000000001,152.674,0.7606690494105843,10084.3,100.84299999999999,0.8419190494105844,8290.15,82.9015,0.8700440494105843
cost-p512-q64-s77,512,64,512,77,1000,3987,406,3581,0.8981690494105844,63792.0,63.792,0.0,15267.400000000001,15.267400000000002,0.7606690494105843,10084.3,10.084299999999999,0.8419190494105844,8290.15,8.290149999999999,0.8700440494105843
cost-p512-q64-s78,512,64,512,78,1,4547,406,4141,0.9107103584781174,72752.0,72752.0,0.0,16499.4,16499.4,0.7732103584781174,10588.3,10588.3,0.8544603584781174,8542.15,8542.15,0.8825853584781174
cost-p512-q64-s78,512,64,512,78,10,4547,406,4141,0.9107103584781174,72752.0,7275.2,0.0,16499.4,1649.94,0.7732103584781174,10588.3,1058.83,0.8544603584781174,8542.15,854.2149999999999,0.8825853584781174
cost-p512-q64-s78,512,64,512,78,100,4547,406,4141,0.9107103584781174,72752.0,727.52,0.0,16499.4,164.99400000000003,0.7732103584781174,10588.3,105.883,0.8544603584781174,8542.15,85.4215,0.8825853584781174
cost-p512-q64-s78,512,64,512,78,1000,4547,406,4141,0.9107103584781174,72752.0,72.752,0.0,16499.4,16.4994,0.7732103584781174,10588.3,10.588299999999998,0.8544603584781174,8542.15,8.54215,0.8825853584781174
cost-p512-q64-s79,512,64,512,79,1,5107,406,4701,0.9205012727628745,81712.0,81712.0,0.0,17731.4,17731.4,0.7830012727628745,11092.3,11092.3,0.8642512727628745,8794.15,8794.15,0.8923762727628746
cost-p512-q64-s79,512,64,512,79,10,5107,406,4701,0.9205012727628745,81712.0,8171.2,0.0,17731.4,1773.14,0.7830012727628745,11092.3,1109.23,0.8642512727628745,8794.15,879.415,0.8923762727628746
cost-p512-q64-s79,512,64,512,79,100,5107,406,4701,0.9205012727628745,81712.0,817.12,0.0,17731.4,177.31400000000002,0.7830012727628745,11092.3,110.92299999999999,0.8642512727628745,8794.15,87.94149999999999,0.8923762727628746
cost-p512-q64-s79,512,64,512,79,1000,5107,406,4701,0.9205012727628745,81712.0,81.712,0.0,17731.4,17.7314,0.7830012727628745,11092.3,11.0923,0.8642512727628745,8794.15,8.79415,0.8923762727628746
cost-p512-q64-s80,512,64,512,80,1,2867,406,2461,0.8583885594698291,45872.0,45872.0,0.0,12803.400000000001,12803.400000000001,0.7208885594698291,9076.3,9076.3,0.802138559469829,7786.15,7786.15,0.8302635594698291
cost-p512-q64-s80,512,64,512,80,10,2867,406,2461,0.8583885594698291,45872.0,4587.2,0.0,12803.400000000001,1280.3400000000001,0.7208885594698291,9076.3,907.6299999999999,0.802138559469829,7786.15,778.615,0.8302635594698291
cost-p512-q64-s80,512,64,512,80,100,2867,406,2461,0.8583885594698291,45872.0,458.72,0.0,12803.400000000001,128.03400000000002,0.7208885594698291,9076.3,90.76299999999999,0.802138559469829,7786.15,77.86149999999999,0.8302635594698291
cost-p512-q64-s80,512,64,512,80,1000,2867,406,2461,0.8583885594698291,45872.0,45.872,0.0,12803.400000000001,12.803400000000002,0.7208885594698291,9076.3,9.0763,0.802138559469829,7786.15,7.786149999999999,0.8302635594698291
cost-p512-q64-s81,512,64,512,81,1,3427,406,3021,0.8815290341406478,54832.0,54832.0,0.0,14035.400000000001,14035.400000000001,0.7440290341406478,9580.3,9580.3,0.8252790341406477,8038.15,8038.15,0.8534040341406478
cost-p512-q64-s81,512,64,512,81,10,3427,406,3021,0.8815290341406478,54832.0,5483.2,0.0,14035.400000000001,1403.5400000000002,0.7440290341406478,9580.3,958.03,0.8252790341406477,8038.15,803.8149999999999,0.8534040341406478
cost-p512-q64-s81,512,64,512,81,100,3427,406,3021,0.8815290341406478,54832.0,548.32,0.0,14035.400000000001,140.354,0.7440290341406478,9580.3,95.803,0.8252790341406477,8038.15,80.3815,0.8534040341406478
cost-p512-q64-s81,512,64,512,81,1000,3427,406,3021,0.8815290341406478,54832.0,54.832,0.0,14035.400000000001,14.035400000000001,0.7440290341406478,9580.3,9.5803,0.8252790341406477,8038.15,8.03815,0.8534040341406478
cost-p512-q64-s82,512,64,512,82,1,3987,406,3581,0.8981690494105844,63792.0,63792.0,0.0,15267.400000000001,15267.400000000001,0.7606690494105843,10084.3,10084.3,0.8419190494105844,8290.15,8290.15,0.8700440494105843
cost-p512-q64-s82,512,64,512,82,10,3987,406,3581,0.8981690494105844,63792.0,6379.2,0.0,15267.400000000001,1526.7400000000002,0.7606690494105843,10084.3,1008.43,0.8419190494105844,8290.15,829.015,0.8700440494105843
cost-p512-q64-s82,512,64,512,82,100,3987,406,3581,0.8981690494105844,63792.0,637.92,0.0,15267.400000000001,152.674,0.7606690494105843,10084.3,100.84299999999999,0.8419190494105844,8290.15,82.9015,0.8700440494105843
cost-p512-q64-s82,512,64,512,82,1000,3987,406,3581,0.8981690494105844,63792.0,63.792,0.0,15267.400000000001,15.267400000000002,0.7606690494105843,10084.3,10.084299999999999,0.8419190494105844,8290.15,8.290149999999999,0.8700440494105843
cost-p512-q64-s83,512,64,512,83,1,4547,406,4141,0.9107103584781174,72752.0,72752.0,0.0,16499.4,16499.4,0.7732103584781174,10588.3,10588.3,0.8544603584781174,8542.15,8542.15,0.8825853584781174
cost-p512-q64-s83,512,64,512,83,10,4547,406,4141,0.9107103584781174,72752.0,7275.2,0.0,16499.4,1649.94,0.7732103584781174,10588.3,1058.83,0.8544603584781174,8542.15,854.2149999999999,0.8825853584781174
cost-p512-q64-s83,512,64,512,83,100,4547,406,4141,0.9107103584781174,72752.0,727.52,0.0,16499.4,164.99400000000003,0.7732103584781174,10588.3,105.883,0.8544603584781174,8542.15,85.4215,0.8825853584781174
cost-p512-q64-s83,512,64,512,83,1000,4547,406,4141,0.9107103584781174,72752.0,72.752,0.0,16499.4,16.4994,0.7732103584781174,10588.3,10.588299999999998,0.8544603584781174,8542.15,8.54215,0.8825853584781174
cost-p512-q64-s84,512,64,512,84,1,5107,406,4701,0.9205012727628745,81712.0,81712.0,0.0,17731.4,17731.4,0.7830012727628745,11092.3,11092.3,0.8642512727628745,8794.15,8794.15,0.8923762727628746
cost-p512-q64-s84,512,64,512,84,10,5107,406,4701,0.9205012727628745,81712.0,8171.2,0.0,17731.4,1773.14,0.7830012727628745,11092.3,1109.23,0.8642512727628745,8794.15,879.415,0.8923762727628746
cost-p512-q64-s84,512,64,512,84,100,5107,406,4701,0.9205012727628745,81712.0,817.12,0.0,17731.4,177.31400000000002,0.7830012727628745,11092.3,110.92299999999999,0.8642512727628745,8794.15,87.94149999999999,0.8923762727628746
cost-p512-q64-s84,512,64,512,84,1000,5107,406,4701,0.9205012727628745,81712.0,81.712,0.0,17731.4,17.7314,0.7830012727628745,11092.3,11.0923,0.8642512727628745,8794.15,8.79415,0.8923762727628746
cost-p512-q64-s85,512,64,512,85,1,2867,406,2461,0.8583885594698291,45872.0,45872.0,0.0,12803.400000000001,12803.400000000001,0.7208885594698291,9076.3,9076.3,0.802138559469829,7786.15,7786.15,0.8302635594698291
cost-p512-q64-s85,512,64,512,85,10,2867,406,2461,0.8583885594698291,45872.0,4587.2,0.0,12803.400000000001,1280.3400000000001,0.7208885594698291,9076.3,907.6299999999999,0.802138559469829,7786.15,778.615,0.8302635594698291
cost-p512-q64-s85,512,64,512,85,100,2867,406,2461,0.8583885594698291,45872.0,458.72,0.0,12803.400000000001,128.03400000000002,0.7208885594698291,9076.3,90.76299999999999,0.802138559469829,7786.15,77.86149999999999,0.8302635594698291
cost-p512-q64-s85,512,64,512,85,1000,2867,406,2461,0.8583885594698291,45872.0,45.872,0.0,12803.400000000001,12.803400000000002,0.7208885594698291,9076.3,9.0763,0.802138559469829,7786.15,7.786149999999999,0.8302635594698291
cost-p512-q64-s86,512,64,512,86,1,3427,406,3021,0.8815290341406478,54832.0,54832.0,0.0,14035.400000000001,14035.400000000001,0.7440290341406478,9580.3,9580.3,0.8252790341406477,8038.15,8038.15,0.8534040341406478
cost-p512-q64-s86,512,64,512,86,10,3427,406,3021,0.8815290341406478,54832.0,5483.2,0.0,14035.400000000001,1403.5400000000002,0.7440290341406478,9580.3,958.03,0.8252790341406477,8038.15,803.8149999999999,0.8534040341406478
cost-p512-q64-s86,512,64,512,86,100,3427,406,3021,0.8815290341406478,54832.0,548.32,0.0,14035.400000000001,140.354,0.7440290341406478,9580.3,95.803,0.8252790341406477,8038.15,80.3815,0.8534040341406478
cost-p512-q64-s86,512,64,512,86,1000,3427,406,3021,0.8815290341406478,54832.0,54.832,0.0,14035.400000000001,14.035400000000001,0.7440290341406478,9580.3,9.5803,0.8252790341406477,8038.15,8.03815,0.8534040341406478
cost-p512-q64-s87,512,64,512,87,1,3987,406,3581,0.8981690494105844,63792.0,63792.0,0.0,15267.400000000001,15267.400000000001,0.7606690494105843,10084.3,10084.3,0.8419190494105844,8290.15,8290.15,0.8700440494105843
cost-p512-q64-s87,512,64,512,87,10,3987,406,3581,0.8981690494105844,63792.0,6379.2,0.0,15267.400000000001,1526.7400000000002,0.7606690494105843,10084.3,1008.43,0.8419190494105844,8290.15,829.015,0.8700440494105843
cost-p512-q64-s87,512,64,512,87,100,3987,406,3581,0.8981690494105844,63792.0,637.92,0.0,15267.400000000001,152.674,0.7606690494105843,10084.3,100.84299999999999,0.8419190494105844,8290.15,82.9015,0.8700440494105843
cost-p512-q64-s87,512,64,512,87,1000,3987,406,3581,0.8981690494105844,63792.0,63.792,0.0,15267.400000000001,15.267400000000002,0.7606690494105843,10084.3,10.084299999999999,0.8419190494105844,8290.15,8.290149999999999,0.8700440494105843
cost-p512-q64-s88,512,64,512,88,1,4547,406,4141,0.9107103584781174,72752.0,72752.0,0.0,16499.4,16499.4,0.7732103584781174,10588.3,10588.3,0.8544603584781174,8542.15,8542.15,0.8825853584781174
cost-p512-q64-s88,512,64,512,88,10,4547,406,4141,0.9107103584781174,72752.0,7275.2,0.0,16499.4,1649.94,0.7732103584781174,10588.3,1058.83,0.8544603584781174,8542.15,854.2149999999999,0.8825853584781174
cost-p512-q64-s88,512,64,512,88,100,4547,406,4141,0.9107103584781174,72752.0,727.52,0.0,16499.4,164.99400000000003,0.7732103584781174,10588.3,105.883,0.8544603584781174,8542.15,85.4215,0.8825853584781174
cost-p512-q64-s88,512,64,512,88,1000,4547,406,4141,0.9107103584781174,72752.0,72.752,0.0,16499.4,16.4994,0.7732103584781174,10588.3,10.588299999999998,0.8544603584781174,8542.15,8.54215,0.8825853584781174
cost-p512-q64-s89,512,64,512,89,1,5107,406,4701,0.9205012727628745,81712.0,81712.0,0.0,17731.4,17731.4,0.7830012727628745,11092.3,11092.3,0.8642512727628745,8794.15,8794.15,0.8923762727628746
cost-p512-q64-s89,512,64,512,89,10,5107,406,4701,0.9205012727628745,81712.0,8171.2,0.0,17731.4,1773.14,0.7830012727628745,11092.3,1109.23,0.8642512727628745,8794.15,879.415,0.8923762727628746
cost-p512-q64-s89,512,64,512,89,100,5107,406,4701,0.9205012727628745,81712.0,817.12,0.0,17731.4,177.31400000000002,0.7830012727628745,11092.3,110.92299999999999,0.8642512727628745,8794.15,87.94149999999999,0.8923762727628746
cost-p512-q64-s89,512,64,512,89,1000,5107,406,4701,0.9205012727628745,81712.0,81.712,0.0,17731.4,17.7314,0.7830012727628745,11092.3,11.0923,0.8642512727628745,8794.15,8.79415,0.8923762727628746
cost-p512-q64-s90,512,64,512,90,1,2867,406,2461,0.8583885594698291,45872.0,45872.0,0.0,12803.400000000001,12803.400000000001,0.7208885594698291,9076.3,9076.3,0.802138559469829,7786.15,7786.15,0.8302635594698291
cost-p512-q64-s90,512,64,512,90,10,2867,406,2461,0.8583885594698291,45872.0,4587.2,0.0,12803.400000000001,1280.3400000000001,0.7208885594698291,9076.3,907.6299999999999,0.802138559469829,7786.15,778.615,0.8302635594698291
cost-p512-q64-s90,512,64,512,90,100,2867,406,2461,0.8583885594698291,45872.0,458.72,0.0,12803.400000000001,128.03400000000002,0.7208885594698291,9076.3,90.76299999999999,0.802138559469829,7786.15,77.86149999999999,0.8302635594698291
cost-p512-q64-s90,512,64,512,90,1000,2867,406,2461,0.8583885594698291,45872.0,45.872,0.0,12803.400000000001,12.803400000000002,0.7208885594698291,9076.3,9.0763,0.802138559469829,7786.15,7.786149999999999,0.8302635594698291
cost-p512-q64-s91,512,64,512,91,1,3427,406,3021,0.8815290341406478,54832.0,54832.0,0.0,14035.400000000001,14035.400000000001,0.7440290341406478,9580.3,9580.3,0.8252790341406477,8038.15,8038.15,0.8534040341406478
cost-p512-q64-s91,512,64,512,91,10,3427,406,3021,0.8815290341406478,54832.0,5483.2,0.0,14035.400000000001,1403.5400000000002,0.7440290341406478,9580.3,958.03,0.8252790341406477,8038.15,803.8149999999999,0.8534040341406478
cost-p512-q64-s91,512,64,512,91,100,3427,406,3021,0.8815290341406478,54832.0,548.32,0.0,14035.400000000001,140.354,0.7440290341406478,9580.3,95.803,0.8252790341406477,8038.15,80.3815,0.8534040341406478
cost-p512-q64-s91,512,64,512,91,1000,3427,406,3021,0.8815290341406478,54832.0,54.832,0.0,14035.400000000001,14.035400000000001,0.7440290341406478,9580.3,9.5803,0.8252790341406477,8038.15,8.03815,0.8534040341406478
cost-p512-q64-s92,512,64,512,92,1,3987,406,3581,0.8981690494105844,63792.0,63792.0,0.0,15267.400000000001,15267.400000000001,0.7606690494105843,10084.3,10084.3,0.8419190494105844,8290.15,8290.15,0.8700440494105843
cost-p512-q64-s92,512,64,512,92,10,3987,406,3581,0.8981690494105844,63792.0,6379.2,0.0,15267.400000000001,1526.7400000000002,0.7606690494105843,10084.3,1008.43,0.8419190494105844,8290.15,829.015,0.8700440494105843
cost-p512-q64-s92,512,64,512,92,100,3987,406,3581,0.8981690494105844,63792.0,637.92,0.0,15267.400000000001,152.674,0.7606690494105843,10084.3,100.84299999999999,0.8419190494105844,8290.15,82.9015,0.8700440494105843
cost-p512-q64-s92,512,64,512,92,1000,3987,406,3581,0.8981690494105844,63792.0,63.792,0.0,15267.400000000001,15.267400000000002,0.7606690494105843,10084.3,10.084299999999999,0.8419190494105844,8290.15,8.290149999999999,0.8700440494105843
cost-p512-q64-s93,512,64,512,93,1,4547,406,4141,0.9107103584781174,72752.0,72752.0,0.0,16499.4,16499.4,0.7732103584781174,10588.3,10588.3,0.8544603584781174,8542.15,8542.15,0.8825853584781174
cost-p512-q64-s93,512,64,512,93,10,4547,406,4141,0.9107103584781174,72752.0,7275.2,0.0,16499.4,1649.94,0.7732103584781174,10588.3,1058.83,0.8544603584781174,8542.15,854.2149999999999,0.8825853584781174
cost-p512-q64-s93,512,64,512,93,100,4547,406,4141,0.9107103584781174,72752.0,727.52,0.0,16499.4,164.99400000000003,0.7732103584781174,10588.3,105.883,0.8544603584781174,8542.15,85.4215,0.8825853584781174
cost-p512-q64-s93,512,64,512,93,1000,4547,406,4141,0.9107103584781174,72752.0,72.752,0.0,16499.4,16.4994,0.7732103584781174,10588.3,10.588299999999998,0.8544603584781174,8542.15,8.54215,0.8825853584781174
cost-p512-q64-s94,512,64,512,94,1,5107,406,4701,0.9205012727628745,81712.0,81712.0,0.0,17731.4,17731.4,0.7830012727628745,11092.3,11092.3,0.8642512727628745,8794.15,8794.15,0.8923762727628746
cost-p512-q64-s94,512,64,512,94,10,5107,406,4701,0.9205012727628745,81712.0,8171.2,0.0,17731.4,1773.14,0.7830012727628745,11092.3,1109.23,0.8642512727628745,8794.15,879.415,0.8923762727628746
cost-p512-q64-s94,512,64,512,94,100,5107,406,4701,0.9205012727628745,81712.0,817.12,0.0,17731.4,177.31400000000002,0.7830012727628745,11092.3,110.92299999999999,0.8642512727628745,8794.15,87.94149999999999,0.8923762727628746
cost-p512-q64-s94,512,64,512,94,1000,5107,406,4701,0.9205012727628745,81712.0,81.712,0.0,17731.4,17.7314,0.7830012727628745,11092.3,11.0923,0.8642512727628745,8794.15,8.79415,0.8923762727628746
cost-p512-q64-s95,512,64,512,95,1,2867,406,2461,0.8583885594698291,45872.0,45872.0,0.0,12803.400000000001,12803.400000000001,0.7208885594698291,9076.3,9076.3,0.802138559469829,7786.15,7786.15,0.8302635594698291
cost-p512-q64-s95,512,64,512,95,10,2867,406,2461,0.8583885594698291,45872.0,4587.2,0.0,12803.400000000001,1280.3400000000001,0.7208885594698291,9076.3,907.6299999999999,0.802138559469829,7786.15,778.615,0.8302635594698291
cost-p512-q64-s95,512,64,512,95,100,2867,406,2461,0.8583885594698291,45872.0,458.72,0.0,12803.400000000001,128.03400000000002,0.7208885594698291,9076.3,90.76299999999999,0.802138559469829,7786.15,77.86149999999999,0.8302635594698291
cost-p512-q64-s95,512,64,512,95,1000,2867,406,2461,0.8583885594698291,45872.0,45.872,0.0,12803.400000000001,12.803400000000002,0.7208885594698291,9076.3,9.0763,0.802138559469829,7786.15,7.786149999999999,0.8302635594698291
cost-p512-q64-s96,512,64,512,96,1,3427,406,3021,0.8815290341406478,54832.0,54832.0,0.0,14035.400000000001,14035.400000000001,0.7440290341406478,9580.3,9580.3,0.8252790341406477,8038.15,8038.15,0.8534040341406478
cost-p512-q64-s96,512,64,512,96,10,3427,406,3021,0.8815290341406478,54832.0,5483.2,0.0,14035.400000000001,1403.5400000000002,0.7440290341406478,9580.3,958.03,0.8252790341406477,8038.15,803.8149999999999,0.8534040341406478
cost-p512-q64-s96,512,64,512,96,100,3427,406,3021,0.8815290341406478,54832.0,548.32,0.0,14035.400000000001,140.354,0.7440290341406478,9580.3,95.803,0.8252790341406477,8038.15,80.3815,0.8534040341406478
cost-p512-q64-s96,512,64,512,96,1000,3427,406,3021,0.8815290341406478,54832.0,54.832,0.0,14035.400000000001,14.035400000000001,0.7440290341406478,9580.3,9.5803,0.8252790341406477,8038.15,8.03815,0.8534040341406478
cost-p512-q64-s97,512,64,512,97,1,3987,406,3581,0.8981690494105844,63792.0,63792.0,0.0,15267.400000000001,15267.400000000001,0.7606690494105843,10084.3,10084.3,0.8419190494105844,8290.15,8290.15,0.8700440494105843
cost-p512-q64-s97,512,64,512,97,10,3987,406,3581,0.8981690494105844,63792.0,6379.2,0.0,15267.400000000001,1526.7400000000002,0.7606690494105843,10084.3,1008.43,0.8419190494105844,8290.15,829.015,0.8700440494105843
cost-p512-q64-s97,512,64,512,97,100,3987,406,3581,0.8981690494105844,63792.0,637.92,0.0,15267.400000000001,152.674,0.7606690494105843,10084.3,100.84299999999999,0.8419190494105844,8290.15,82.9015,0.8700440494105843
cost-p512-q64-s97,512,64,512,97,1000,3987,406,3581,0.8981690494105844,63792.0,63.792,0.0,15267.400000000001,15.267400000000002,0.7606690494105843,10084.3,10.084299999999999,0.8419190494105844,8290.15,8.290149999999999,0.8700440494105843
cost-p512-q64-s98,512,64,512,98,1,4547,406,4141,0.9107103584781174,72752.0,72752.0,0.0,16499.4,16499.4,0.7732103584781174,10588.3,10588.3,0.8544603584781174,8542.15,8542.15,0.8825853584781174
cost-p512-q64-s98,512,64,512,98,10,4547,406,4141,0.9107103584781174,72752.0,7275.2,0.0,16499.4,1649.94,0.7732103584781174,10588.3,1058.83,0.8544603584781174,8542.15,854.2149999999999,0.8825853584781174
cost-p512-q64-s98,512,64,512,98,100,4547,406,4141,0.9107103584781174,72752.0,727.52,0.0,16499.4,164.99400000000003,0.7732103584781174,10588.3,105.883,0.8544603584781174,8542.15,85.4215,0.8825853584781174
cost-p512-q64-s98,512,64,512,98,1000,4547,406,4141,0.9107103584781174,72752.0,72.752,0.0,16499.4,16.4994,0.7732103584781174,10588.3,10.588299999999998,0.8544603584781174,8542.15,8.54215,0.8825853584781174
cost-p512-q64-s99,512,64,512,99,1,5107,406,4701,0.9205012727628745,81712.0,81712.0,0.0,17731.4,17731.4,0.7830012727628745,11092.3,11092.3,0.8642512727628745,8794.15,8794.15,0.8923762727628746
cost-p512-q64-s99,512,64,512,99,10,5107,406,4701,0.9205012727628745,81712.0,8171.2,0.0,17731.4,1773.14,0.7830012727628745,11092.3,1109.23,0.8642512727628745,8794.15,879.415,0.8923762727628746
cost-p512-q64-s99,512,64,512,99,100,5107,406,4701,0.9205012727628745,81712.0,817.12,0.0,17731.4,177.31400000000002,0.7830012727628745,11092.3,110.92299999999999,0.8642512727628745,8794.15,87.94149999999999,0.8923762727628746
cost-p512-q64-s99,512,64,512,99,1000,5107,406,4701,0.9205012727628745,81712.0,81.712,0.0,17731.4,17.7314,0.7830012727628745,11092.3,11.0923,0.8642512727628745,8794.15,8.79415,0.8923762727628746
cost-p512-q64-s100,512,64,512,100,1,2869,406,2463,0.8584872777971418,45904.0,45904.0,0.0,12807.8,12807.8,0.7209872777971418,9078.1,9078.1,0.8022372777971419,7787.05,7787.05,0.8303622777971418
cost-p512-q64-s100,512,64,512,100,10,2869,406,2463,0.8584872777971418,45904.0,4590.4,0.0,12807.8,1280.78,0.7209872777971418,9078.1,907.8100000000001,0.8022372777971419,7787.05,778.705,0.8303622777971418
cost-p512-q64-s100,512,64,512,100,100,2869,406,2463,0.8584872777971418,45904.0,459.04,0.0,12807.8,128.078,0.7209872777971418,9078.1,90.781,0.8022372777971419,7787.05,77.8705,0.8303622777971418
cost-p512-q64-s100,512,64,512,100,1000,2869,406,2463,0.8584872777971418,45904.0,45.904,0.0,12807.8,12.807799999999999,0.7209872777971418,9078.1,9.078100000000001,0.8022372777971419,7787.05,7.78705,0.8303622777971418
cost-p512-q256-s1,512,256,512,1,1,3619,406,3213,0.8878143133462283,57904.0,57904.0,0.0,14457.800000000001,14457.800000000001,0.7503143133462282,9753.1,9753.1,0.8315643133462283,8124.55,8124.55,0.8596893133462282
cost-p512-q256-s1,512,256,512,1,10,3619,406,3213,0.8878143133462283,57904.0,5790.4,0.0,14457.800000000001,1445.7800000000002,0.7503143133462282,9753.1,975.3100000000001,0.8315643133462283,8124.55,812.455,0.8596893133462282
cost-p512-q256-s1,512,256,512,1,100,3619,406,3213,0.8878143133462283,57904.0,579.04,0.0,14457.800000000001,144.578,0.7503143133462282,9753.1,97.531,0.8315643133462283,8124.55,81.2455,0.8596893133462282
cost-p512-q256-s1,512,256,512,1,1000,3619,406,3213,0.8878143133462283,57904.0,57.904,0.0,14457.800000000001,14.4578,0.7503143133462282,9753.1,9.7531,0.8315643133462283,8124.55,8.124550000000001,0.8596893133462282
cost-p512-q256-s2,512,256,512,2,1,4179,406,3773,0.9028475711892797,66864.0,66864.0,0.0,15689.800000000001,15689.800000000001,0.7653475711892797,10257.1,10257.1,0.8465975711892798,8376.55,8376.55,0.8747225711892797
cost-p512-q256-s2,512,256,512,2,10,4179,406,3773,0.9028475711892797,66864.0,6686.4,0.0,15689.800000000001,1568.98,0.7653475711892797,10257.1,1025.71,0.8465975711892798,8376.55,837.655,0.8747225711892797
cost-p512-q256-s2,512,256,512,2,100,4179,406,3773,0.9028475711892797,66864.0,668.64,0.0,15689.800000000001,156.89800000000002,0.7653475711892797,10257.1,102.571,0.8465975711892798,8376.55,83.76549999999999,0.8747225711892797
cost-p512-q256-s2,512,256,512,2,1000,4179,406,3773,0.9028475711892797,66864.0,66.864,0.0,15689.800000000001,15.689800000000002,0.7653475711892797,10257.1,10.257100000000001,0.8465975711892798,8376.55,8.37655,0.8747225711892797
cost-p512-q256-s3,512,256,512,3,1,4739,406,4333,0.914327917282127,75824.0,75824.0,0.0,16921.800000000003,16921.800000000003,0.776827917282127,10761.1,10761.1,0.858077917282127,8628.55,8628.55,0.886202917282127
cost-p512-q256-s3,512,256,512,3,10,4739,406,4333,0.914327917282127,75824.0,7582.4,0.0,16921.800000000003,1692.1800000000003,0.776827917282127,10761.1,1076.1100000000001,0.858077917282127,8628.55,862.8549999999999,0.886202917282127
cost-p512-q256-s3,512,256,512,3,100,4739,406,4333,0.914327917282127,75824.0,758.24,0.0,16921.800000000003,169.21800000000002,0.776827917282127,10761.1,107.611,0.858077917282127,8628.55,86.2855,0.886202917282127
cost-p512-q256-s3,512,256,512,3,1000,4739,406,4333,0.914327917282127,75824.0,75.824,0.0,16921.800000000003,16.921800000000005,0.776827917282127,10761.1,10.7611,0.858077917282127,8628.55,8.628549999999999,0.886202917282127
cost-p512-q256-s4,512,256,512,4,1,5299,406,4893,0.9233817701453104,84784.0,84784.0,0.0,18153.800000000003,18153.800000000003,0.7858817701453104,11265.1,11265.1,0.8671317701453104,8880.55,8880.55,0.8952567701453104
cost-p512-q256-s4,512,256,512,4,10,5299,406,4893,0.9233817701453104,84784.0,8478.4,0.0,18153.800000000003,1815.3800000000003,0.7858817701453104,11265.1,1126.51,0.8671317701453104,8880.55,888.055,0.8952567701453104
cost-p512-q256-s4,512,256,512,4,100,5299,406,4893,0.9233817701453104,84784.0,847.84,0.0,18153.800000000003,181.53800000000004,0.7858817701453104,11265.1,112.65100000000001,0.8671317701453104,8880.55,88.8055,0.8952567701453104
cost-p512-q256-s4,512,256,512,4,1000,5299,406,4893,0.9233817701453104,84784.0,84.784,0.0,18153.800000000003,18.153800000000004,0.7858817701453104,11265.1,11.2651,0.8671317701453104,8880.55,8.88055,0.8952567701453104
cost-p512-q256-s5,512,256,512,5,1,3059,406,2653,0.8672768878718535,48944.0,48944.0,0.0,13225.8,13225.8,0.7297768878718535,9249.1,9249.1,0.8110268878718536,7872.55,7872.55,0.8391518878718535
cost-p512-q256-s5,512,256,512,5,10,3059,406,2653,0.8672768878718535,48944.0,4894.4,0.0,13225.8,1322.58,0.7297768878718535,9249.1,924.9100000000001,0.8110268878718536,7872.55,787.255,0.8391518878718535
cost-p512-q256-s5,512,256,512,5,100,3059,406,2653,0.8672768878718535,48944.0,489.44,0.0,13225.8,132.25799999999998,0.7297768878718535,9249.1,92.491,0.8110268878718536,7872.55,78.7255,0.8391518878718535
cost-p512-q256-s5,512,256,512,5,1000,3059,406,2653,0.8672768878718535,48944.0,48.944,0.0,13225.8,13.2258,0.7297768878718535,9249.1,9.2491,0.8110268878718536,7872.55,7.87255,0.8391518878718535
cost-p512-q256-s6,512,256,512,6,1,3619,406,3213,0.8878143133462283,57904.0,57904.0,0.0,14457.800000000001,14457.800000000001,0.7503143133462282,9753.1,9753.1,0.8315643133462283,8124.55,8124.55,0.8596893133462282
cost-p512-q256-s6,512,256,512,6,10,3619,406,3213,0.8878143133462283,57904.0,5790.4,0.0,14457.800000000001,1445.7800000000002,0.7503143133462282,9753.1,975.3100000000001,0.8315643133462283,8124.55,812.455,0.8596893133462282
cost-p512-q256-s6,512,256,512,6,100,3619,406,3213,0.8878143133462283,57904.0,579.04,0.0,14457.800000000001,144.578,0.7503143133462282,9753.1,97.531,0.8315643133462283,8124.55,81.2455,0.8596893133462282
cost-p512-q256-s6,512,256,512,6,1000,3619,406,3213,0.8878143133462283,57904.0,57.904,0.0,14457.800000000001,14.4578,0.7503143133462282,9753.1,9.7531,0.8315643133462283,8124.55,8.124550000000001,0.8596893133462282
cost-p512-q256-s7,512,256,512,7,1,4179,406,3773,0.9028475711892797,66864.0,66864.0,0.0,15689.800000000001,15689.800000000001,0.7653475711892797,10257.1,10257.1,0.8465975711892798,8376.55,8376.55,0.8747225711892797
cost-p512-q256-s7,512,256,512,7,10,4179,406,3773,0.9028475711892797,66864.0,6686.4,0.0,15689.800000000001,1568.98,0.7653475711892797,10257.1,1025.71,0.8465975711892798,8376.55,837.655,0.8747225711892797
cost-p512-q256-s7,512,256,512,7,100,4179,406,3773,0.9028475711892797,66864.0,668.64,0.0,15689.800000000001,156.89800000000002,0.7653475711892797,10257.1,102.571,0.8465975711892798,8376.55,83.76549999999999,0.8747225711892797
cost-p512-q256-s7,512,256,512,7,1000,4179,406,3773,0.9028475711892797,66864.0,66.864,0.0,15689.800000000001,15.689800000000002,0.7653475711892797,10257.1,10.257100000000001,0.8465975711892798,8376.55,8.37655,0.8747225711892797
cost-p512-q256-s8,512,256,512,8,1,4739,406,4333,0.914327917282127,75824.0,75824.0,0.0,16921.800000000003,16921.800000000003,0.776827917282127,10761.1,10761.1,0.858077917282127,8628.55,8628.55,0.886202917282127
cost-p512-q256-s8,512,256,512,8,10,4739,406,4333,0.914327917282127,75824.0,7582.4,0.0,16921.800000000003,1692.1800000000003,0.776827917282127,10761.1,1076.1100000000001,0.858077917282127,8628.55,862.8549999999999,0.886202917282127
cost-p512-q256-s8,512,256,512,8,100,4739,406,4333,0.914327917282127,75824.0,758.24,0.0,16921.800000000003,169.21800000000002,0.776827917282127,10761.1,107.611,0.858077917282127,8628.55,86.2855,0.886202917282127
cost-p512-q256-s8,512,256,512,8,1000,4739,406,4333,0.914327917282127,75824.0,75.824,0.0,16921.800000000003,16.921800000000005,0.776827917282127,10761.1,10.7611,0.858077917282127,8628.55,8.628549999999999,0.886202917282127
cost-p512-q256-s9,512,256,512,9,1,5299,406,4893,0.9233817701453104,84784.0,84784.0,0.0,18153.800000000003,18153.800000000003,0.7858817701453104,11265.1,11265.1,0.8671317701453104,8880.55,8880.55,0.8952567701453104
cost-p512-q256-s9,512,256,512,9,10,5299,406,4893,0.9233817701453104,84784.0,8478.4,0.0,18153.800000000003,1815.3800000000003,0.7858817701453104,11265.1,1126.51,0.8671317701453104,8880.55,888.055,0.8952567701453104
cost-p512-q256-s9,512,256,512,9,100,5299,406,4893,0.9233817701453104,84784.0,847.84,0.0,18153.800000000003,181.53800000000004,0.7858817701453104,11265.1,112.65100000000001,0.8671317701453104,8880.55,88.8055,0.8952567701453104
cost-p512-q256-s9,512,256,512,9,1000,5299,406,4893,0.9233817701453104,84784.0,84.784,0.0,18153.800000000003,18.153800000000004,0.7858817701453104,11265.1,11.2651,0.8671317701453104,8880.55,8.88055,0.8952567701453104
cost-p512-q256-s10,512,256,512,10,1,3061,406,2655,0.8673636066644888,48976.0,48976.0,0.0,13230.2,13230.2,0.7298636066644888,9250.9,9250.9,0.8111136066644887,7873.45,7873.45,0.8392386066644888
cost-p512-q256-s10,512,256,512,10,10,3061,406,2655,0.8673636066644888,48976.0,4897.6,0.0,13230.2,1323.02,0.7298636066644888,9250.9,925.0899999999999,0.8111136066644887,7873.45,787.345,0.8392386066644888
cost-p512-q256-s10,512,256,512,10,100,3061,406,2655,0.8673636066644888,48976.0,489.76,0.0,13230.2,132.30200000000002,0.7298636066644888,9250.9,92.509,0.8111136066644887,7873.45,78.7345,0.8392386066644888
cost-p512-q256-s10,512,256,512,10,1000,3061,406,2655,0.8673636066644888,48976.0,48.976,0.0,13230.2,13.2302,0.7298636066644888,9250.9,9.2509,0.8111136066644887,7873.45,7.87345,0.8392386066644888
cost-p512-q256-s11,512,256,512,11,1,3621,406,3215,0.887876277271472,57936.0,57936.0,0.0,14462.2,14462.2,0.750376277271472,9754.9,9754.9,0.831626277271472,8125.45,8125.45,0.859751277271472
cost-p512-q256-s11,512,256,512,11,10,3621,406,3215,0.887876277271472,57936.0,5793.6,0.0,14462.2,1446.22,0.750376277271472,9754.9,975.49,0.831626277271472,8125.45,812.545,0.859751277271472
cost-p512-q256-s11,512,256,512,11,100,3621,406,3215,0.887876277271472,57936.0,579.36,0.0,14462.2,144.622,0.750376277271472,9754.9,97.54899999999999,0.831626277271472,8125.45,81.2545,0.859751277271472
cost-p512-q256-s11,512,256,512,11,1000,3621,406,3215,0.887876277271472,57936.0,57.936,0.0,14462.2,14.462200000000001,0.750376277271472,9754.9,9.7549,0.831626277271472,8125.45,8.125449999999999,0.859751277271472
cost-p512-q256-s12,512,256,512,12,1,4181,406,3775,0.9028940444869649,66896.0,66896.0,0.0,15694.2,15694.2,0.7653940444869649,10258.9,10258.9,0.8466440444869648,8377.45,8377.45,0.8747690444869649
cost-p512-q256-s12,512,256,512,12,10,4181,406,3775,0.9028940444869649,66896.0,6689.6,0.0,15694.2,1569.42,0.7653940444869649,10258.9,1025.8899999999999,0.8466440444869648,8377.45,837.7450000000001,0.8747690444869649
cost-p512-q256-s12,512,256,512,12,100,4181,406,3775,0.9028940444869649,66896.0,668.96,0.0,15694.2,156.942,0.7653940444869649,10258.9,102.589,0.8466440444869648,8377.45,83.7745,0.8747690444869649
cost-p512-q256-s12,512,256,512,12,1000,4181,406,3775,0.9028940444869649,66896.0,66.896,0.0,15694.2,15.6942,0.7653940444869649,10258.9,10.258899999999999,0.8466440444869648,8377.45,8.377450000000001,0.8747690444869649
cost-p512-q256-s13,512,256,512,13,1,4741,406,4335,0.9143640582155663,75856.0,75856.0,0.0,16926.2,16926.2,0.7768640582155664,10762.900000000001,10762.900000000001,0.8581140582155663,8629.45,8629.45,0.8862390582155664
cost-p512-q256-s13,512,256,512,13,10,4741,406,4335,0.9143640582155663,75856.0,7585.6,0.0,16926.2,1692.6200000000001,0.7768640582155664,10762.900000000001,1076.2900000000002,0.8581140582155663,8629.45,862.945,0.8862390582155664
cost-p512-q256-s13,512,256,512,13,100,4741,406,4335,0.9143640582155663,75856.0,758.56,0.0,16926.2,169.262,0.7768640582155664,10762.900000000001,107.62900000000002,0.8581140582155663,8629.45,86.29450000000001,0.8862390582155664
cost-p512-q256-s13,512,256,512,13,1000,4741,406,4335,0.9143640582155663,75856.0,75.856,0.0,16926.2,16.9262,0.7768640582155664,10762.900000000001,10.762900000000002,0.8581140582155663,8629.45,8.62945,0.8862390582155664
cost-p512-q256-s14,512,256,512,14,1,5301,406,4895,0.9234106772307112,84816.0,84816.0,0.0,18158.2,18158.2,0.7859106772307112,11266.900000000001,11266.900000000001,0.8671606772307112,8881.45,8881.45,0.8952856772307112
cost-p512-q256-s14,512,256,512,14,10,5301,406,4895,0.9234106772307112,84816.0,8481.6,0.0,18158.2,1815.8200000000002,0.7859106772307112,11266.900000000001,1126.69,0.8671606772307112,8881.45,888.1450000000001,0.8952856772307112
cost-p512-q256-s14,512,256,512,14,100,5301,406,4895,0.9234106772307112,84816.0,848.16,0.0,18158.2,181.582,0.7859106772307112,11266.900000000001,112.66900000000001,0.8671606772307112,8881.45,88.81450000000001,0.8952856772307112
cost-p512-q256-s14,512,256,512,14,1000,5301,406,4895,0.9234106772307112,84816.0,84.816,0.0,18158.2,18.1582,0.7859106772307112,11266.900000000001,11.266900000000001,0.8671606772307112,8881.45,8.881450000000001,0.8952856772307112
cost-p512-q256-s15,512,256,512,15,1,3061,406,2655,0.8673636066644888,48976.0,48976.0,0.0,13230.2,13230.2,0.7298636066644888,9250.9,9250.9,0.8111136066644887,7873.45,7873.45,0.8392386066644888
cost-p512-q256-s15,512,256,512,15,10,3061,406,2655,0.8673636066644888,48976.0,4897.6,0.0,13230.2,1323.02,0.7298636066644888,9250.9,925.0899999999999,0.8111136066644887,7873.45,787.345,0.8392386066644888
cost-p512-q256-s15,512,256,512,15,100,3061,406,2655,0.8673636066644888,48976.0,489.76,0.0,13230.2,132.30200000000002,0.7298636066644888,9250.9,92.509,0.8111136066644887,7873.45,78.7345,0.8392386066644888
cost-p512-q256-s15,512,256,512,15,1000,3061,406,2655,0.8673636066644888,48976.0,48.976,0.0,13230.2,13.2302,0.7298636066644888,9250.9,9.2509,0.8111136066644887,7873.45,7.87345,0.8392386066644888
cost-p512-q256-s16,512,256,512,16,1,3621,406,3215,0.887876277271472,57936.0,57936.0,0.0,14462.2,14462.2,0.750376277271472,9754.9,9754.9,0.831626277271472,8125.45,8125.45,0.859751277271472
cost-p512-q256-s16,512,256,512,16,10,3621,406,3215,0.887876277271472,57936.0,5793.6,0.0,14462.2,1446.22,0.750376277271472,9754.9,975.49,0.831626277271472,8125.45,812.545,0.859751277271472
cost-p512-q256-s16,512,256,512,16,100,3621,406,3215,0.887876277271472,57936.0,579.36,0.0,14462.2,144.622,0.750376277271472,9754.9,97.54899999999999,0.831626277271472,8125.45,81.2545,0.859751277271472
cost-p512-q256-s16,512,256,512,16,1000,3621,406,3215,0.887876277271472,57936.0,57.936,0.0,14462.2,14.462200000000001,0.750376277271472,9754.9,9.7549,0.831626277271472,8125.45,8.125449999999999,0.859751277271472
cost-p512-q256-s17,512,256,512,17,1,4181,406,3775,0.9028940444869649,66896.0,66896.0,0.0,15694.2,15694.2,0.7653940444869649,10258.9,10258.9,0.8466440444869648,8377.45,8377.45,0.8747690444869649
cost-p512-q256-s17,512,256,512,17,10,4181,406,3775,0.9028940444869649,66896.0,6689.6,0.0,15694.2,1569.42,0.7653940444869649,10258.9,1025.8899999999999,0.8466440444869648,8377.45,837.7450000000001,0.8747690444869649
cost-p512-q256-s17,512,256,512,17,100,4181,406,3775,0.9028940444869649,66896.0,668.96,0.0,15694.2,156.942,0.7653940444869649,10258.9,102.589,0.8466440444869648,8377.45,83.7745,0.8747690444869649
cost-p512-q256-s17,512,256,512,17,1000,4181,406,3775,0.9028940444869649,66896.0,66.896,0.0,15694.2,15.6942,0.7653940444869649,10258.9,10.258899999999999,0.8466440444869648,8377.45,8.377450000000001,0.8747690444869649
cost-p512-q256-s18,512,256,512,18,1,4741,406,4335,0.9143640582155663,75856.0,75856.0,0.0,16926.2,16926.2,0.7768640582155664,10762.900000000001,10762.900000000001,0.8581140582155663,8629.45,8629.45,0.8862390582155664
cost-p512-q256-s18,512,256,512,18,10,4741,406,4335,0.9143640582155663,75856.0,7585.6,0.0,16926.2,1692.6200000000001,0.7768640582155664,10762.900000000001,1076.2900000000002,0.8581140582155663,8629.45,862.945,0.8862390582155664
cost-p512-q256-s18,512,256,512,18,100,4741,406,4335,0.9143640582155663,75856.0,758.56,0.0,16926.2,169.262,0.7768640582155664,10762.900000000001,107.62900000000002,0.8581140582155663,8629.45,86.29450000000001,0.8862390582155664
cost-p512-q256-s18,512,256,512,18,1000,4741,406,4335,0.9143640582155663,75856.0,75.856,0.0,16926.2,16.9262,0.7768640582155664,10762.900000000001,10.762900000000002,0.8581140582155663,8629.45,8.62945,0.8862390582155664
cost-p512-q256-s19,512,256,512,19,1,5301,406,4895,0.9234106772307112,84816.0,84816.0,0.0,18158.2,18158.2,0.7859106772307112,11266.900000000001,11266.900000000001,0.8671606772307112,8881.45,8881.45,0.8952856772307112
cost-p512-q256-s19,512,256,512,19,10,5301,406,4895,0.9234106772307112,84816.0,8481.6,0.0,18158.2,1815.8200000000002,0.7859106772307112,11266.900000000001,1126.69,0.8671606772307112,8881.45,888.1450000000001,0.8952856772307112
cost-p512-q256-s19,512,256,512,19,100,5301,406,4895,0.9234106772307112,84816.0,848.16,0.0,18158.2,181.582,0.7859106772307112,11266.900000000001,112.66900000000001,0.8671606772307112,8881.45,88.81450000000001,0.8952856772307112
cost-p512-q256-s19,512,256,512,19,1000,5301,406,4895,0.9234106772307112,84816.0,84.816,0.0,18158.2,18.1582,0.7859106772307112,11266.900000000001,11.266900000000001,0.8671606772307112,8881.45,8.881450000000001,0.8952856772307112
cost-p512-q256-s20,512,256,512,20,1,3061,406,2655,0.8673636066644888,48976.0,48976.0,0.0,13230.2,13230.2,0.7298636066644888,9250.9,9250.9,0.8111136066644887,7873.45,7873.45,0.8392386066644888
cost-p512-q256-s20,512,256,512,20,10,3061,406,2655,0.8673636066644888,48976.0,4897.6,0.0,13230.2,1323.02,0.7298636066644888,9250.9,925.0899999999999,0.8111136066644887,7873.45,787.345,0.8392386066644888
cost-p512-q256-s20,512,256,512,20,100,3061,406,2655,0.8673636066644888,48976.0,489.76,0.0,13230.2,132.30200000000002,0.7298636066644888,9250.9,92.509,0.8111136066644887,7873.45,78.7345,0.8392386066644888
cost-p512-q256-s20,512,256,512,20,1000,3061,406,2655,0.8673636066644888,48976.0,48.976,0.0,13230.2,13.2302,0.7298636066644888,9250.9,9.2509,0.8111136066644887,7873.45,7.87345,0.8392386066644888
cost-p512-q256-s21,512,256,512,21,1,3621,406,3215,0.887876277271472,57936.0,57936.0,0.0,14462.2,14462.2,0.750376277271472,9754.9,9754.9,0.831626277271472,8125.45,8125.45,0.859751277271472
cost-p512-q256-s21,512,256,512,21,10,3621,406,3215,0.887876277271472,57936.0,5793.6,0.0,14462.2,1446.22,0.750376277271472,9754.9,975.49,0.831626277271472,8125.45,812.545,0.859751277271472
cost-p512-q256-s21,512,256,512,21,100,3621,406,3215,0.887876277271472,57936.0,579.36,0.0,14462.2,144.622,0.750376277271472,9754.9,97.54899999999999,0.831626277271472,8125.45,81.2545,0.859751277271472
cost-p512-q256-s21,512,256,512,21,1000,3621,406,3215,0.887876277271472,57936.0,57.936,0.0,14462.2,14.462200000000001,0.750376277271472,9754.9,9.7549,0.831626277271472,8125.45,8.125449999999999,0.859751277271472
cost-p512-q256-s22,512,256,512,22,1,4181,406,3775,0.9028940444869649,66896.0,66896.0,0.0,15694.2,15694.2,0.7653940444869649,10258.9,10258.9,0.8466440444869648,8377.45,8377.45,0.8747690444869649
cost-p512-q256-s22,512,256,512,22,10,4181,406,3775,0.9028940444869649,66896.0,6689.6,0.0,15694.2,1569.42,0.7653940444869649,10258.9,1025.8899999999999,0.8466440444869648,8377.45,837.7450000000001,0.8747690444869649
cost-p512-q256-s22,512,256,512,22,100,4181,406,3775,0.9028940444869649,66896.0,668.96,0.0,15694.2,156.942,0.7653940444869649,10258.9,102.589,0.8466440444869648,8377.45,83.7745,0.8747690444869649
cost-p512-q256-s22,512,256,512,22,1000,4181,406,3775,0.9028940444869649,66896.0,66.896,0.0,15694.2,15.6942,0.7653940444869649,10258.9,10.258899999999999,0.8466440444869648,8377.45,8.377450000000001,0.8747690444869649
cost-p512-q256-s23,512,256,512,23,1,4741,406,4335,0.9143640582155663,75856.0,75856.0,0.0,16926.2,16926.2,0.7768640582155664,10762.900000000001,10762.900000000001,0.8581140582155663,8629.45,8629.45,0.8862390582155664
cost-p512-q256-s23,512,256,512,23,10,4741,406,4335,0.9143640582155663,75856.0,7585.6,0.0,16926.2,1692.6200000000001,0.7768640582155664,10762.900000000001,1076.2900000000002,0.8581140582155663,8629.45,862.945,0.8862390582155664
cost-p512-q256-s23,512,256,512,23,100,4741,406,4335,0.9143640582155663,75856.0,758.56,0.0,16926.2,169.262,0.7768640582155664,10762.900000000001,107.62900000000002,0.8581140582155663,8629.45,86.29450000000001,0.8862390582155664
cost-p512-q256-s23,512,256,512,23,1000,4741,406,4335,0.9143640582155663,75856.0,75.856,0.0,16926.2,16.9262,0.7768640582155664,10762.900000000001,10.762900000000002,0.8581140582155663,8629.45,8.62945,0.8862390582155664
cost-p512-q256-s24,512,256,512,24,1,5301,406,4895,0.9234106772307112,84816.0,84816.0,0.0,18158.2,18158.2,0.7859106772307112,11266.900000000001,11266.900000000001,0.8671606772307112,8881.45,8881.45,0.8952856772307112
cost-p512-q256-s24,512,256,512,24,10,5301,406,4895,0.9234106772307112,84816.0,8481.6,0.0,18158.2,1815.8200000000002,0.7859106772307112,11266.900000000001,1126.69,0.8671606772307112,8881.45,888.1450000000001,0.8952856772307112
cost-p512-q256-s24,512,256,512,24,100,5301,406,4895,0.9234106772307112,84816.0,848.16,0.0,18158.2,181.582,0.7859106772307112,11266.900000000001,112.66900000000001,0.8671606772307112,8881.45,88.81450000000001,0.8952856772307112
cost-p512-q256-s24,512,256,512,24,1000,5301,406,4895,0.9234106772307112,84816.0,84.816,0.0,18158.2,18.1582,0.7859106772307112,11266.900000000001,11.266900000000001,0.8671606772307112,8881.45,8.881450000000001,0.8952856772307112
cost-p512-q256-s25,512,256,512,25,1,3061,406,2655,0.8673636066644888,48976.0,48976.0,0.0,13230.2,13230.2,0.7298636066644888,9250.9,9250.9,0.8111136066644887,7873.45,7873.45,0.8392386066644888
cost-p512-q256-s25,512,256,512,25,10,3061,406,2655,0.8673636066644888,48976.0,4897.6,0.0,13230.2,1323.02,0.7298636066644888,9250.9,925.0899999999999,0.8111136066644887,7873.45,787.345,0.8392386066644888
cost-p512-q256-s25,512,256,512,25,100,3061,406,2655,0.8673636066644888,48976.0,489.76,0.0,13230.2,132.30200000000002,0.7298636066644888,9250.9,92.509,0.8111136066644887,7873.45,78.7345,0.8392386066644888
cost-p512-q256-s25,512,256,512,25,1000,3061,406,2655,0.8673636066644888,48976.0,48.976,0.0,13230.2,13.2302,0.7298636066644888,9250.9,9.2509,0.8111136066644887,7873.45,7.87345,0.8392386066644888
cost-p512-q256-s26,512,256,512,26,1,3621,406,3215,0.887876277271472,57936.0,57936.0,0.0,14462.2,14462.2,0.750376277271472,9754.9,9754.9,0.831626277271472,8125.45,8125.45,0.859751277271472
cost-p512-q256-s26,512,256,512,26,10,3621,406,3215,0.887876277271472,57936.0,5793.6,0.0,14462.2,1446.22,0.750376277271472,9754.9,975.49,0.831626277271472,8125.45,812.545,0.859751277271472
cost-p512-q256-s26,512,256,512,26,100,3621,406,3215,0.887876277271472,57936.0,579.36,0.0,14462.2,144.622,0.750376277271472,9754.9,97.54899999999999,0.831626277271472,8125.45,81.2545,0.859751277271472
cost-p512-q256-s26,512,256,512,26,1000,3621,406,3215,0.887876277271472,57936.0,57.936,0.0,14462.2,14.462200000000001,0.750376277271472,9754.9,9.7549,0.831626277271472,8125.45,8.125449999999999,0.859751277271472
cost-p512-q256-s27,512,256,512,27,1,4181,406,3775,0.9028940444869649,66896.0,66896.0,0.0,15694.2,15694.2,0.7653940444869649,10258.9,10258.9,0.8466440444869648,8377.45,8377.45,0.8747690444869649
cost-p512-q256-s27,512,256,512,27,10,4181,406,3775,0.9028940444869649,66896.0,6689.6,0.0,15694.2,1569.42,0.7653940444869649,10258.9,1025.8899999999999,0.8466440444869648,8377.45,837.7450000000001,0.8747690444869649
cost-p512-q256-s27,512,256,512,27,100,4181,406,3775,0.9028940444869649,66896.0,668.96,0.0,15694.2,156.942,0.7653940444869649,10258.9,102.589,0.8466440444869648,8377.45,83.7745,0.8747690444869649
cost-p512-q256-s27,512,256,512,27,1000,4181,406,3775,0.9028940444869649,66896.0,66.896,0.0,15694.2,15.6942,0.7653940444869649,10258.9,10.258899999999999,0.8466440444869648,8377.45,8.377450000000001,0.8747690444869649
cost-p512-q256-s28,512,256,512,28,1,4741,406,4335,0.9143640582155663,75856.0,75856.0,0.0,16926.2,16926.2,0.7768640582155664,10762.900000000001,10762.900000000001,0.8581140582155663,8629.45,8629.45,0.8862390582155664
cost-p512-q256-s28,512,256,512,28,10,4741,406,4335,0.9143640582155663,75856.0,7585.6,0.0,16926.2,1692.6200000000001,0.7768640582155664,10762.900000000001,1076.2900000000002,0.8581140582155663,8629.45,862.945,0.8862390582155664
cost-p512-q256-s28,512,256,512,28,100,4741,406,4335,0.9143640582155663,75856.0,758.56,0.0,16926.2,169.262,0.7768640582155664,10762.900000000001,107.62900000000002,0.8581140582155663,8629.45,86.29450000000001,0.8862390582155664
cost-p512-q256-s28,512,256,512,28,1000,4741,406,4335,0.9143640582155663,75856.0,75.856,0.0,16926.2,16.9262,0.7768640582155664,10762.900000000001,10.762900000000002,0.8581140582155663,8629.45,8.62945,0.8862390582155664
cost-p512-q256-s29,512,256,512,29,1,5301,406,4895,0.9234106772307112,84816.0,84816.0,0.0,18158.2,18158.2,0.7859106772307112,11266.900000000001,11266.900000000001,0.8671606772307112,8881.45,8881.45,0.8952856772307112
cost-p512-q256-s29,512,256,512,29,10,5301,406,4895,0.9234106772307112,84816.0,8481.6,0.0,18158.2,1815.8200000000002,0.7859106772307112,11266.900000000001,1126.69,0.8671606772307112,8881.45,888.1450000000001,0.8952856772307112
cost-p512-q256-s29,512,256,512,29,100,5301,406,4895,0.9234106772307112,84816.0,848.16,0.0,18158.2,181.582,0.7859106772307112,11266.900000000001,112.66900000000001,0.8671606772307112,8881.45,88.81450000000001,0.8952856772307112
cost-p512-q256-s29,512,256,512,29,1000,5301,406,4895,0.9234106772307112,84816.0,84.816,0.0,18158.2,18.1582,0.7859106772307112,11266.900000000001,11.266900000000001,0.8671606772307112,8881.45,8.881450000000001,0.8952856772307112
cost-p512-q256-s30,512,256,512,30,1,3061,406,2655,0.8673636066644888,48976.0,48976.0,0.0,13230.2,13230.2,0.7298636066644888,9250.9,9250.9,0.8111136066644887,7873.45,7873.45,0.8392386066644888
cost-p512-q256-s30,512,256,512,30,10,3061,406,2655,0.8673636066644888,48976.0,4897.6,0.0,13230.2,1323.02,0.7298636066644888,9250.9,925.0899999999999,0.8111136066644887,7873.45,787.345,0.8392386066644888
cost-p512-q256-s30,512,256,512,30,100,3061,406,2655,0.8673636066644888,48976.0,489.76,0.0,13230.2,132.30200000000002,0.7298636066644888,9250.9,92.509,0.8111136066644887,7873.45,78.7345,0.8392386066644888
cost-p512-q256-s30,512,256,512,30,1000,3061,406,2655,0.8673636066644888,48976.0,48.976,0.0,13230.2,13.2302,0.7298636066644888,9250.9,9.2509,0.8111136066644887,7873.45,7.87345,0.8392386066644888
cost-p512-q256-s31,512,256,512,31,1,3621,406,3215,0.887876277271472,57936.0,57936.0,0.0,14462.2,14462.2,0.750376277271472,9754.9,9754.9,0.831626277271472,8125.45,8125.45,0.859751277271472
cost-p512-q256-s31,512,256,512,31,10,3621,406,3215,0.887876277271472,57936.0,5793.6,0.0,14462.2,1446.22,0.750376277271472,9754.9,975.49,0.831626277271472,8125.45,812.545,0.859751277271472
cost-p512-q256-s31,512,256,512,31,100,3621,406,3215,0.887876277271472,57936.0,579.36,0.0,14462.2,144.622,0.750376277271472,9754.9,97.54899999999999,0.831626277271472,8125.45,81.2545,0.859751277271472
cost-p512-q256-s31,512,256,512,31,1000,3621,406,3215,0.887876277271472,57936.0,57.936,0.0,14462.2,14.462200000000001,0.750376277271472,9754.9,9.7549,0.831626277271472,8125.45,8.125449999999999,0.859751277271472
cost-p512-q256-s32,512,256,512,32,1,4181,406,3775,0.9028940444869649,66896.0,66896.0,0.0,15694.2,15694.2,0.7653940444869649,10258.9,10258.9,0.8466440444869648,8377.45,8377.45,0.8747690444869649
cost-p512-q256-s32,512,256,512,32,10,4181,406,3775,0.9028940444869649,66896.0,6689.6,0.0,15694.2,1569.42,0.7653940444869649,10258.9,1025.8899999999999,0.8466440444869648,8377.45,837.7450000000001,0.8747690444869649
cost-p512-q256-s32,512,256,512,32,100,4181,406,3775,0.9028940444869649,66896.0,668.96,0.0,15694.2,156.942,0.7653940444869649,10258.9,102.589,0.8466440444869648,8377.45,83.7745,0.8747690444869649
cost-p512-q256-s32,512,256,512,32,1000,4181,406,3775,0.9028940444869649,66896.0,66.896,0.0,15694.2,15.6942,0.7653940444869649,10258.9,10.258899999999999,0.8466440444869648,8377.45,8.377450000000001,0.8747690444869649
cost-p512-q256-s33,512,256,512,33,1,4741,406,4335,0.9143640582155663,75856.0,75856.0,0.0,16926.2,16926.2,0.7768640582155664,10762.900000000001,10762.900000000001,0.8581140582155663,8629.45,8629.45,0.8862390582155664
cost-p512-q256-s33,512,256,512,33,10,4741,406,4335,0.9143640582155663,75856.0,7585.6,0.0,16926.2,1692.6200000000001,0.7768640582155664,10762.900000000001,1076.2900000000002,0.8581140582155663,8629.45,862.945,0.8862390582155664
cost-p512-q256-s33,512,256,512,33,100,4741,406,4335,0.9143640582155663,75856.0,758.56,0.0,16926.2,169.262,0.7768640582155664,10762.900000000001,107.62900000000002,0.8581140582155663,8629.45,86.29450000000001,0.8862390582155664
cost-p512-q256-s33,512,256,512,33,1000,4741,406,4335,0.9143640582155663,75856.0,75.856,0.0,16926.2,16.9262,0.7768640582155664,10762.900000000001,10.762900000000002,0.8581140582155663,8629.45,8.62945,0.8862390582155664
cost-p512-q256-s34,512,256,512,34,1,5301,406,4895,0.9234106772307112,84816.0,84816.0,0.0,18158.2,18158.2,0.7859106772307112,11266.900000000001,11266.900000000001,0.8671606772307112,8881.45,8881.45,0.8952856772307112
cost-p512-q256-s34,512,256,512,34,10,5301,406,4895,0.9234106772307112,84816.0,8481.6,0.0,18158.2,1815.8200000000002,0.7859106772307112,11266.900000000001,1126.69,0.8671606772307112,8881.45,888.1450000000001,0.8952856772307112
cost-p512-q256-s34,512,256,512,34,100,5301,406,4895,0.9234106772307112,84816.0,848.16,0.0,18158.2,181.582,0.7859106772307112,11266.900000000001,112.66900000000001,0.8671606772307112,8881.45,88.81450000000001,0.8952856772307112
cost-p512-q256-s34,512,256,512,34,1000,5301,406,4895,0.9234106772307112,84816.0,84.816,0.0,18158.2,18.1582,0.7859106772307112,11266.900000000001,11.266900000000001,0.8671606772307112,8881.45,8.881450000000001,0.8952856772307112
cost-p512-q256-s35,512,256,512,35,1,3061,406,2655,0.8673636066644888,48976.0,48976.0,0.0,13230.2,13230.2,0.7298636066644888,9250.9,9250.9,0.8111136066644887,7873.45,7873.45,0.8392386066644888
cost-p512-q256-s35,512,256,512,35,10,3061,406,2655,0.8673636066644888,48976.0,4897.6,0.0,13230.2,1323.02,0.7298636066644888,9250.9,925.0899999999999,0.8111136066644887,7873.45,787.345,0.8392386066644888
cost-p512-q256-s35,512,256,512,35,100,3061,406,2655,0.8673636066644888,48976.0,489.76,0.0,13230.2,132.30200000000002,0.7298636066644888,9250.9,92.509,0.8111136066644887,7873.45,78.7345,0.8392386066644888
cost-p512-q256-s35,512,256,512,35,1000,3061,406,2655,0.8673636066644888,48976.0,48.976,0.0,13230.2,13.2302,0.7298636066644888,9250.9,9.2509,0.8111136066644887,7873.45,7.87345,0.8392386066644888
cost-p512-q256-s36,512,256,512,36,1,3621,406,3215,0.887876277271472,57936.0,57936.0,0.0,14462.2,14462.2,0.750376277271472,9754.9,9754.9,0.831626277271472,8125.45,8125.45,0.859751277271472
cost-p512-q256-s36,512,256,512,36,10,3621,406,3215,0.887876277271472,57936.0,5793.6,0.0,14462.2,1446.22,0.750376277271472,9754.9,975.49,0.831626277271472,8125.45,812.545,0.859751277271472
cost-p512-q256-s36,512,256,512,36,100,3621,406,3215,0.887876277271472,57936.0,579.36,0.0,14462.2,144.622,0.750376277271472,9754.9,97.54899999999999,0.831626277271472,8125.45,81.2545,0.859751277271472
cost-p512-q256-s36,512,256,512,36,1000,3621,406,3215,0.887876277271472,57936.0,57.936,0.0,14462.2,14.462200000000001,0.750376277271472,9754.9,9.7549,0.831626277271472,8125.45,8.125449999999999,0.859751277271472
cost-p512-q256-s37,512,256,512,37,1,4181,406,3775,0.9028940444869649,66896.0,66896.0,0.0,15694.2,15694.2,0.7653940444869649,10258.9,10258.9,0.8466440444869648,8377.45,8377.45,0.8747690444869649
cost-p512-q256-s37,512,256,512,37,10,4181,406,3775,0.9028940444869649,66896.0,6689.6,0.0,15694.2,1569.42,0.7653940444869649,10258.9,1025.8899999999999,0.8466440444869648,8377.45,837.7450000000001,0.8747690444869649
cost-p512-q256-s37,512,256,512,37,100,4181,406,3775,0.9028940444869649,66896.0,668.96,0.0,15694.2,156.942,0.7653940444869649,10258.9,102.589,0.8466440444869648,8377.45,83.7745,0.8747690444869649
cost-p512-q256-s37,512,256,512,37,1000,4181,406,3775,0.9028940444869649,66896.0,66.896,0.0,15694.2,15.6942,0.7653940444869649,10258.9,10.258899999999999,0.8466440444869648,8377.45,8.377450000000001,0.8747690444869649
cost-p512-q256-s38,512,256,512,38,1,4741,406,4335,0.9143640582155663,75856.0,75856.0,0.0,16926.2,16926.2,0.7768640582155664,10762.900000000001,10762.900000000001,0.8581140582155663,8629.45,8629.45,0.8862390582155664
cost-p512-q256-s38,512,256,512,38,10,4741,406,4335,0.9143640582155663,75856.0,7585.6,0.0,16926.2,1692.6200000000001,0.7768640582155664,10762.900000000001,1076.2900000000002,0.8581140582155663,8629.45,862.945,0.8862390582155664
cost-p512-q256-s38,512,256,512,38,100,4741,406,4335,0.9143640582155663,75856.0,758.56,0.0,16926.2,169.262,0.7768640582155664,10762.900000000001,107.62900000000002,0.8581140582155663,8629.45,86.29450000000001,0.8862390582155664
cost-p512-q256-s38,512,256,512,38,1000,4741,406,4335,0.9143640582155663,75856.0,75.856,0.0,16926.2,16.9262,0.7768640582155664,10762.900000000001,10.762900000000002,0.8581140582155663,8629.45,8.62945,0.8862390582155664
cost-p512-q256-s39,512,256,512,39,1,5301,406,4895,0.9234106772307112,84816.0,84816.0,0.0,18158.2,18158.2,0.7859106772307112,11266.900000000001,11266.900000000001,0.8671606772307112,8881.45,8881.45,0.8952856772307112
cost-p512-q256-s39,512,256,512,39,10,5301,406,4895,0.9234106772307112,84816.0,8481.6,0.0,18158.2,1815.8200000000002,0.7859106772307112,11266.900000000001,1126.69,0.8671606772307112,8881.45,888.1450000000001,0.8952856772307112
cost-p512-q256-s39,512,256,512,39,100,5301,406,4895,0.9234106772307112,84816.0,848.16,0.0,18158.2,181.582,0.7859106772307112,11266.900000000001,112.66900000000001,0.8671606772307112,8881.45,88.81450000000001,0.8952856772307112
cost-p512-q256-s39,512,256,512,39,1000,5301,406,4895,0.9234106772307112,84816.0,84.816,0.0,18158.2,18.1582,0.7859106772307112,11266.900000000001,11.266900000000001,0.8671606772307112,8881.45,8.881450000000001,0.8952856772307112
cost-p512-q256-s40,512,256,512,40,1,3061,406,2655,0.8673636066644888,48976.0,48976.0,0.0,13230.2,13230.2,0.7298636066644888,9250.9,9250.9,0.8111136066644887,7873.45,7873.45,0.8392386066644888
cost-p512-q256-s40,512,256,512,40,10,3061,406,2655,0.8673636066644888,48976.0,4897.6,0.0,13230.2,1323.02,0.7298636066644888,9250.9,925.0899999999999,0.8111136066644887,7873.45,787.345,0.8392386066644888
cost-p512-q256-s40,512,256,512,40,100,3061,406,2655,0.8673636066644888,48976.0,489.76,0.0,13230.2,132.30200000000002,0.7298636066644888,9250.9,92.509,0.8111136066644887,7873.45,78.7345,0.8392386066644888
cost-p512-q256-s40,512,256,512,40,1000,3061,406,2655,0.8673636066644888,48976.0,48.976,0.0,13230.2,13.2302,0.7298636066644888,9250.9,9.2509,0.8111136066644887,7873.45,7.87345,0.8392386066644888
cost-p512-q256-s41,512,256,512,41,1,3621,406,3215,0.887876277271472,57936.0,57936.0,0.0,14462.2,14462.2,0.750376277271472,9754.9,9754.9,0.831626277271472,8125.45,8125.45,0.859751277271472
cost-p512-q256-s41,512,256,512,41,10,3621,406,3215,0.887876277271472,57936.0,5793.6,0.0,14462.2,1446.22,0.750376277271472,9754.9,975.49,0.831626277271472,8125.45,812.545,0.859751277271472
cost-p512-q256-s41,512,256,512,41,100,3621,406,3215,0.887876277271472,57936.0,579.36,0.0,14462.2,144.622,0.750376277271472,9754.9,97.54899999999999,0.831626277271472,8125.45,81.2545,0.859751277271472
cost-p512-q256-s41,512,256,512,41,1000,3621,406,3215,0.887876277271472,57936.0,57.936,0.0,14462.2,14.462200000000001,0.750376277271472,9754.9,9.7549,0.831626277271472,8125.45,8.125449999999999,0.859751277271472
cost-p512-q256-s42,512,256,512,42,1,4181,406,3775,0.9028940444869649,66896.0,66896.0,0.0,15694.2,15694.2,0.7653940444869649,10258.9,10258.9,0.8466440444869648,8377.45,8377.45,0.8747690444869649
cost-p512-q256-s42,512,256,512,42,10,4181,406,3775,0.9028940444869649,66896.0,6689.6,0.0,15694.2,1569.42,0.7653940444869649,10258.9,1025.8899999999999,0.8466440444869648,8377.45,837.7450000000001,0.8747690444869649
cost-p512-q256-s42,512,256,512,42,100,4181,406,3775,0.9028940444869649,66896.0,668.96,0.0,15694.2,156.942,0.7653940444869649,10258.9,102.589,0.8466440444869648,8377.45,83.7745,0.8747690444869649
cost-p512-q256-s42,512,256,512,42,1000,4181,406,3775,0.9028940444869649,66896.0,66.896,0.0,15694.2,15.6942,0.7653940444869649,10258.9,10.258899999999999,0.8466440444869648,8377.45,8.377450000000001,0.8747690444869649
cost-p512-q256-s43,512,256,512,43,1,4741,406,4335,0.9143640582155663,75856.0,75856.0,0.0,16926.2,16926.2,0.7768640582155664,10762.900000000001,10762.900000000001,0.8581140582155663,8629.45,8629.45,0.8862390582155664
cost-p512-q256-s43,512,256,512,43,10,4741,406,4335,0.9143640582155663,75856.0,7585.6,0.0,16926.2,1692.6200000000001,0.7768640582155664,10762.900000000001,1076.2900000000002,0.8581140582155663,8629.45,862.945,0.8862390582155664
cost-p512-q256-s43,512,256,512,43,100,4741,406,4335,0.9143640582155663,75856.0,758.56,0.0,16926.2,169.262,0.7768640582155664,10762.900000000001,107.62900000000002,0.8581140582155663,8629.45,86.29450000000001,0.8862390582155664
cost-p512-q256-s43,512,256,512,43,1000,4741,406,4335,0.9143640582155663,75856.0,75.856,0.0,16926.2,16.9262,0.7768640582155664,10762.900000000001,10.762900000000002,0.8581140582155663,8629.45,8.62945,0.8862390582155664
cost-p512-q256-s44,512,256,512,44,1,5301,406,4895,0.9234106772307112,84816.0,84816.0,0.0,18158.2,18158.2,0.7859106772307112,11266.900000000001,11266.900000000001,0.8671606772307112,8881.45,8881.45,0.8952856772307112
cost-p512-q256-s44,512,256,512,44,10,5301,406,4895,0.9234106772307112,84816.0,8481.6,0.0,18158.2,1815.8200000000002,0.7859106772307112,11266.900000000001,1126.69,0.8671606772307112,8881.45,888.1450000000001,0.8952856772307112
cost-p512-q256-s44,512,256,512,44,100,5301,406,4895,0.9234106772307112,84816.0,848.16,0.0,18158.2,181.582,0.7859106772307112,11266.900000000001,112.66900000000001,0.8671606772307112,8881.45,88.81450000000001,0.8952856772307112
cost-p512-q256-s44,512,256,512,44,1000,5301,406,4895,0.9234106772307112,84816.0,84.816,0.0,18158.2,18.1582,0.7859106772307112,11266.900000000001,11.266900000000001,0.8671606772307112,8881.45,8.881450000000001,0.8952856772307112
cost-p512-q256-s45,512,256,512,45,1,3061,406,2655,0.8673636066644888,48976.0,48976.0,0.0,13230.2,13230.2,0.7298636066644888,9250.9,9250.9,0.8111136066644887,7873.45,7873.45,0.8392386066644888
cost-p512-q256-s45,512,256,512,45,10,3061,406,2655,0.8673636066644888,48976.0,4897.6,0.0,13230.2,1323.02,0.7298636066644888,9250.9,925.0899999999999,0.8111136066644887,7873.45,787.345,0.8392386066644888
cost-p512-q256-s45,512,256,512,45,100,3061,406,2655,0.8673636066644888,48976.0,489.76,0.0,13230.2,132.30200000000002,0.7298636066644888,9250.9,92.509,0.8111136066644887,7873.45,78.7345,0.8392386066644888
cost-p512-q256-s45,512,256,512,45,1000,3061,406,2655,0.8673636066644888,48976.0,48.976,0.0,13230.2,13.2302,0.7298636066644888,9250.9,9.2509,0.8111136066644887,7873.45,7.87345,0.8392386066644888
cost-p512-q256-s46,512,256,512,46,1,3621,406,3215,0.887876277271472,57936.0,57936.0,0.0,14462.2,14462.2,0.750376277271472,9754.9,9754.9,0.831626277271472,8125.45,8125.45,0.859751277271472
cost-p512-q256-s46,512,256,512,46,10,3621,406,3215,0.887876277271472,57936.0,5793.6,0.0,14462.2,1446.22,0.750376277271472,9754.9,975.49,0.831626277271472,8125.45,812.545,0.859751277271472
cost-p512-q256-s46,512,256,512,46,100,3621,406,3215,0.887876277271472,57936.0,579.36,0.0,14462.2,144.622,0.750376277271472,9754.9,97.54899999999999,0.831626277271472,8125.45,81.2545,0.859751277271472
cost-p512-q256-s46,512,256,512,46,1000,3621,406,3215,0.887876277271472,57936.0,57.936,0.0,14462.2,14.462200000000001,0.750376277271472,9754.9,9.7549,0.831626277271472,8125.45,8.125449999999999,0.859751277271472
cost-p512-q256-s47,512,256,512,47,1,4181,406,3775,0.9028940444869649,66896.0,66896.0,0.0,15694.2,15694.2,0.7653940444869649,10258.9,10258.9,0.8466440444869648,8377.45,8377.45,0.8747690444869649
cost-p512-q256-s47,512,256,512,47,10,4181,406,3775,0.9028940444869649,66896.0,6689.6,0.0,15694.2,1569.42,0.7653940444869649,10258.9,1025.8899999999999,0.8466440444869648,8377.45,837.7450000000001,0.8747690444869649
cost-p512-q256-s47,512,256,512,47,100,4181,406,3775,0.9028940444869649,66896.0,668.96,0.0,15694.2,156.942,0.7653940444869649,10258.9,102.589,0.8466440444869648,8377.45,83.7745,0.8747690444869649
cost-p512-q256-s47,512,256,512,47,1000,4181,406,3775,0.9028940444869649,66896.0,66.896,0.0,15694.2,15.6942,0.7653940444869649,10258.9,10.258899999999999,0.8466440444869648,8377.45,8.377450000000001,0.8747690444869649
cost-p512-q256-s48,512,256,512,48,1,4741,406,4335,0.9143640582155663,75856.0,75856.0,0.0,16926.2,16926.2,0.7768640582155664,10762.900000000001,10762.900000000001,0.8581140582155663,8629.45,8629.45,0.8862390582155664
cost-p512-q256-s48,512,256,512,48,10,4741,406,4335,0.9143640582155663,75856.0,7585.6,0.0,16926.2,1692.6200000000001,0.7768640582155664,10762.900000000001,1076.2900000000002,0.8581140582155663,8629.45,862.945,0.8862390582155664
cost-p512-q256-s48,512,256,512,48,100,4741,406,4335,0.9143640582155663,75856.0,758.56,0.0,16926.2,169.262,0.7768640582155664,10762.900000000001,107.62900000000002,0.8581140582155663,8629.45,86.29450000000001,0.8862390582155664
cost-p512-q256-s48,512,256,512,48,1000,4741,406,4335,0.9143640582155663,75856.0,75.856,0.0,16926.2,16.9262,0.7768640582155664,10762.900000000001,10.762900000000002,0.8581140582155663,8629.45,8.62945,0.8862390582155664
cost-p512-q256-s49,512,256,512,49,1,5301,406,4895,0.9234106772307112,84816.0,84816.0,0.0,18158.2,18158.2,0.7859106772307112,11266.900000000001,11266.900000000001,0.8671606772307112,8881.45,8881.45,0.8952856772307112
cost-p512-q256-s49,512,256,512,49,10,5301,406,4895,0.9234106772307112,84816.0,8481.6,0.0,18158.2,1815.8200000000002,0.7859106772307112,11266.900000000001,1126.69,0.8671606772307112,8881.45,888.1450000000001,0.8952856772307112
cost-p512-q256-s49,512,256,512,49,100,5301,406,4895,0.9234106772307112,84816.0,848.16,0.0,18158.2,181.582,0.7859106772307112,11266.900000000001,112.66900000000001,0.8671606772307112,8881.45,88.81450000000001,0.8952856772307112
cost-p512-q256-s49,512,256,512,49,1000,5301,406,4895,0.9234106772307112,84816.0,84.816,0.0,18158.2,18.1582,0.7859106772307112,11266.900000000001,11.266900000000001,0.8671606772307112,8881.45,8.881450000000001,0.8952856772307112
cost-p512-q256-s50,512,256,512,50,1,3061,406,2655,0.8673636066644888,48976.0,48976.0,0.0,13230.2,13230.2,0.7298636066644888,9250.9,9250.9,0.8111136066644887,7873.45,7873.45,0.8392386066644888
cost-p512-q256-s50,512,256,512,50,10,3061,406,2655,0.8673636066644888,48976.0,4897.6,0.0,13230.2,1323.02,0.7298636066644888,9250.9,925.0899999999999,0.8111136066644887,7873.45,787.345,0.8392386066644888
cost-p512-q256-s50,512,256,512,50,100,3061,406,2655,0.8673636066644888,48976.0,489.76,0.0,13230.2,132.30200000000002,0.7298636066644888,9250.9,92.509,0.8111136066644887,7873.45,78.7345,0.8392386066644888
cost-p512-q256-s50,512,256,512,50,1000,3061,406,2655,0.8673636066644888,48976.0,48.976,0.0,13230.2,13.2302,0.7298636066644888,9250.9,9.2509,0.8111136066644887,7873.45,7.87345,0.8392386066644888
cost-p512-q256-s51,512,256,512,51,1,3621,406,3215,0.887876277271472,57936.0,57936.0,0.0,14462.2,14462.2,0.750376277271472,9754.9,9754.9,0.831626277271472,8125.45,8125.45,0.859751277271472
cost-p512-q256-s51,512,256,512,51,10,3621,406,3215,0.887876277271472,57936.0,5793.6,0.0,14462.2,1446.22,0.750376277271472,9754.9,975.49,0.831626277271472,8125.45,812.545,0.859751277271472
cost-p512-q256-s51,512,256,512,51,100,3621,406,3215,0.887876277271472,57936.0,579.36,0.0,14462.2,144.622,0.750376277271472,9754.9,97.54899999999999,0.831626277271472,8125.45,81.2545,0.859751277271472
cost-p512-q256-s51,512,256,512,51,1000,3621,406,3215,0.887876277271472,57936.0,57.936,0.0,14462.2,14.462200000000001,0.750376277271472,9754.9,9.7549,0.831626277271472,8125.45,8.125449999999999,0.859751277271472
cost-p512-q256-s52,512,256,512,52,1,4181,406,3775,0.9028940444869649,66896.0,66896.0,0.0,15694.2,15694.2,0.7653940444869649,10258.9,10258.9,0.8466440444869648,8377.45,8377.45,0.8747690444869649
cost-p512-q256-s52,512,256,512,52,10,4181,406,3775,0.9028940444869649,66896.0,6689.6,0.0,15694.2,1569.42,0.7653940444869649,10258.9,1025.8899999999999,0.8466440444869648,8377.45,837.7450000000001,0.8747690444869649
cost-p512-q256-s52,512,256,512,52,100,4181,406,3775,0.9028940444869649,66896.0,668.96,0.0,15694.2,156.942,0.7653940444869649,10258.9,102.589,0.8466440444869648,8377.45,83.7745,0.8747690444869649
cost-p512-q256-s52,512,256,512,52,1000,4181,406,3775,0.9028940444869649,66896.0,66.896,0.0,15694.2,15.6942,0.7653940444869649,10258.9,10.258899999999999,0.8466440444869648,8377.45,8.377450000000001,0.8747690444869649
cost-p512-q256-s53,512,256,512,53,1,4741,406,4335,0.9143640582155663,75856.0,75856.0,0.0,16926.2,16926.2,0.7768640582155664,10762.900000000001,10762.900000000001,0.8581140582155663,8629.45,8629.45,0.8862390582155664
cost-p512-q256-s53,512,256,512,53,10,4741,406,4335,0.9143640582155663,75856.0,7585.6,0.0,16926.2,1692.6200000000001,0.7768640582155664,10762.900000000001,1076.2900000000002,0.8581140582155663,8629.45,862.945,0.8862390582155664
cost-p512-q256-s53,512,256,512,53,100,4741,406,4335,0.9143640582155663,75856.0,758.56,0.0,16926.2,169.262,0.7768640582155664,10762.900000000001,107.62900000000002,0.8581140582155663,8629.45,86.29450000000001,0.8862390582155664
cost-p512-q256-s53,512,256,512,53,1000,4741,406,4335,0.9143640582155663,75856.0,75.856,0.0,16926.2,16.9262,0.7768640582155664,10762.900000000001,10.762900000000002,0.8581140582155663,8629.45,8.62945,0.8862390582155664
cost-p512-q256-s54,512,256,512,54,1,5301,406,4895,0.9234106772307112,84816.0,84816.0,0.0,18158.2,18158.2,0.7859106772307112,11266.900000000001,11266.900000000001,0.8671606772307112,8881.45,8881.45,0.8952856772307112
cost-p512-q256-s54,512,256,512,54,10,5301,406,4895,0.9234106772307112,84816.0,8481.6,0.0,18158.2,1815.8200000000002,0.7859106772307112,11266.900000000001,1126.69,0.8671606772307112,8881.45,888.1450000000001,0.8952856772307112
cost-p512-q256-s54,512,256,512,54,100,5301,406,4895,0.9234106772307112,84816.0,848.16,0.0,18158.2,181.582,0.7859106772307112,11266.900000000001,112.66900000000001,0.8671606772307112,8881.45,88.81450000000001,0.8952856772307112
cost-p512-q256-s54,512,256,512,54,1000,5301,406,4895,0.9234106772307112,84816.0,84.816,0.0,18158.2,18.1582,0.7859106772307112,11266.900000000001,11.266900000000001,0.8671606772307112,8881.45,8.881450000000001,0.8952856772307112
cost-p512-q256-s55,512,256,512,55,1,3061,406,2655,0.8673636066644888,48976.0,48976.0,0.0,13230.2,13230.2,0.7298636066644888,9250.9,9250.9,0.8111136066644887,7873.45,7873.45,0.8392386066644888
cost-p512-q256-s55,512,256,512,55,10,3061,406,2655,0.8673636066644888,48976.0,4897.6,0.0,13230.2,1323.02,0.7298636066644888,9250.9,925.0899999999999,0.8111136066644887,7873.45,787.345,0.8392386066644888
cost-p512-q256-s55,512,256,512,55,100,3061,406,2655,0.8673636066644888,48976.0,489.76,0.0,13230.2,132.30200000000002,0.7298636066644888,9250.9,92.509,0.8111136066644887,7873.45,78.7345,0.8392386066644888
cost-p512-q256-s55,512,256,512,55,1000,3061,406,2655,0.8673636066644888,48976.0,48.976,0.0,13230.2,13.2302,0.7298636066644888,9250.9,9.2509,0.8111136066644887,7873.45,7.87345,0.8392386066644888
cost-p512-q256-s56,512,256,512,56,1,3621,406,3215,0.887876277271472,57936.0,57936.0,0.0,14462.2,14462.2,0.750376277271472,9754.9,9754.9,0.831626277271472,8125.45,8125.45,0.859751277271472
cost-p512-q256-s56,512,256,512,56,10,3621,406,3215,0.887876277271472,57936.0,5793.6,0.0,14462.2,1446.22,0.750376277271472,9754.9,975.49,0.831626277271472,8125.45,812.545,0.859751277271472
cost-p512-q256-s56,512,256,512,56,100,3621,406,3215,0.887876277271472,57936.0,579.36,0.0,14462.2,144.622,0.750376277271472,9754.9,97.54899999999999,0.831626277271472,8125.45,81.2545,0.859751277271472
cost-p512-q256-s56,512,256,512,56,1000,3621,406,3215,0.887876277271472,57936.0,57.936,0.0,14462.2,14.462200000000001,0.750376277271472,9754.9,9.7549,0.831626277271472,8125.45,8.125449999999999,0.859751277271472
cost-p512-q256-s57,512,256,512,57,1,4181,406,3775,0.9028940444869649,66896.0,66896.0,0.0,15694.2,15694.2,0.7653940444869649,10258.9,10258.9,0.8466440444869648,8377.45,8377.45,0.8747690444869649
cost-p512-q256-s57,512,256,512,57,10,4181,406,3775,0.9028940444869649,66896.0,6689.6,0.0,15694.2,1569.42,0.7653940444869649,10258.9,1025.8899999999999,0.8466440444869648,8377.45,837.7450000000001,0.8747690444869649
cost-p512-q256-s57,512,256,512,57,100,4181,406,3775,0.9028940444869649,66896.0,668.96,0.0,15694.2,156.942,0.7653940444869649,10258.9,102.589,0.8466440444869648,8377.45,83.7745,0.8747690444869649
cost-p512-q256-s57,512,256,512,57,1000,4181,406,3775,0.9028940444869649,66896.0,66.896,0.0,15694.2,15.6942,0.7653940444869649,10258.9,10.258899999999999,0.8466440444869648,8377.45,8.377450000000001,0.8747690444869649
cost-p512-q256-s58,512,256,512,58,1,4741,406,4335,0.9143640582155663,75856.0,75856.0,0.0,16926.2,16926.2,0.7768640582155664,10762.900000000001,10762.900000000001,0.8581140582155663,8629.45,8629.45,0.8862390582155664
cost-p512-q256-s58,512,256,512,58,10,4741,406,4335,0.9143640582155663,75856.0,7585.6,0.0,16926.2,1692.6200000000001,0.7768640582155664,10762.900000000001,1076.2900000000002,0.8581140582155663,8629.45,862.945,0.8862390582155664
cost-p512-q256-s58,512,256,512,58,100,4741,406,4335,0.9143640582155663,75856.0,758.56,0.0,16926.2,169.262,0.7768640582155664,10762.900000000001,107.62900000000002,0.8581140582155663,8629.45,86.29450000000001,0.8862390582155664
cost-p512-q256-s58,512,256,512,58,1000,4741,406,4335,0.9143640582155663,75856.0,75.856,0.0,16926.2,16.9262,0.7768640582155664,10762.900000000001,10.762900000000002,0.8581140582155663,8629.45,8.62945,0.8862390582155664
cost-p512-q256-s59,512,256,512,59,1,5301,406,4895,0.9234106772307112,84816.0,84816.0,0.0,18158.2,18158.2,0.7859106772307112,11266.900000000001,11266.900000000001,0.8671606772307112,8881.45,8881.45,0.8952856772307112
cost-p512-q256-s59,512,256,512,59,10,5301,406,4895,0.9234106772307112,84816.0,8481.6,0.0,18158.2,1815.8200000000002,0.7859106772307112,11266.900000000001,1126.69,0.8671606772307112,8881.45,888.1450000000001,0.8952856772307112
cost-p512-q256-s59,512,256,512,59,100,5301,406,4895,0.9234106772307112,84816.0,848.16,0.0,18158.2,181.582,0.7859106772307112,11266.900000000001,112.66900000000001,0.8671606772307112,8881.45,88.81450000000001,0.8952856772307112
cost-p512-q256-s59,512,256,512,59,1000,5301,406,4895,0.9234106772307112,84816.0,84.816,0.0,18158.2,18.1582,0.7859106772307112,11266.900000000001,11.266900000000001,0.8671606772307112,8881.45,8.881450000000001,0.8952856772307112
cost-p512-q256-s60,512,256,512,60,1,3061,406,2655,0.8673636066644888,48976.0,48976.0,0.0,13230.2,13230.2,0.7298636066644888,9250.9,9250.9,0.8111136066644887,7873.45,7873.45,0.8392386066644888
cost-p512-q256-s60,512,256,512,60,10,3061,406,2655,0.8673636066644888,48976.0,4897.6,0.0,13230.2,1323.02,0.7298636066644888,9250.9,925.0899999999999,0.8111136066644887,7873.45,787.345,0.8392386066644888
cost-p512-q256-s60,512,256,512,60,100,3061,406,2655,0.8673636066644888,48976.0,489.76,0.0,13230.2,132.30200000000002,0.7298636066644888,9250.9,92.509,0.8111136066644887,7873.45,78.7345,0.8392386066644888
cost-p512-q256-s60,512,256,512,60,1000,3061,406,2655,0.8673636066644888,48976.0,48.976,0.0,13230.2,13.2302,0.7298636066644888,9250.9,9.2509,0.8111136066644887,7873.45,7.87345,0.8392386066644888
cost-p512-q256-s61,512,256,512,61,1,3621,406,3215,0.887876277271472,57936.0,57936.0,0.0,14462.2,14462.2,0.750376277271472,9754.9,9754.9,0.831626277271472,8125.45,8125.45,0.859751277271472
cost-p512-q256-s61,512,256,512,61,10,3621,406,3215,0.887876277271472,57936.0,5793.6,0.0,14462.2,1446.22,0.750376277271472,9754.9,975.49,0.831626277271472,8125.45,812.545,0.859751277271472
cost-p512-q256-s61,512,256,512,61,100,3621,406,3215,0.887876277271472,57936.0,579.36,0.0,14462.2,144.622,0.750376277271472,9754.9,97.54899999999999,0.831626277271472,8125.45,81.2545,0.859751277271472
cost-p512-q256-s61,512,256,512,61,1000,3621,406,3215,0.887876277271472,57936.0,57.936,0.0,14462.2,14.462200000000001,0.750376277271472,9754.9,9.7549,0.831626277271472,8125.45,8.125449999999999,0.859751277271472
cost-p512-q256-s62,512,256,512,62,1,4181,406,3775,0.9028940444869649,66896.0,66896.0,0.0,15694.2,15694.2,0.7653940444869649,10258.9,10258.9,0.8466440444869648,8377.45,8377.45,0.8747690444869649
cost-p512-q256-s62,512,256,512,62,10,4181,406,3775,0.9028940444869649,66896.0,6689.6,0.0,15694.2,1569.42,0.7653940444869649,10258.9,1025.8899999999999,0.8466440444869648,8377.45,837.7450000000001,0.8747690444869649
cost-p512-q256-s62,512,256,512,62,100,4181,406,3775,0.9028940444869649,66896.0,668.96,0.0,15694.2,156.942,0.7653940444869649,10258.9,102.589,0.8466440444869648,8377.45,83.7745,0.8747690444869649
cost-p512-q256-s62,512,256,512,62,1000,4181,406,3775,0.9028940444869649,66896.0,66.896,0.0,15694.2,15.6942,0.7653940444869649,10258.9,10.258899999999999,0.8466440444869648,8377.45,8.377450000000001,0.8747690444869649
cost-p512-q256-s63,512,256,512,63,1,4741,406,4335,0.9143640582155663,75856.0,75856.0,0.0,16926.2,16926.2,0.7768640582155664,10762.900000000001,10762.900000000001,0.8581140582155663,8629.45,8629.45,0.8862390582155664
cost-p512-q256-s63,512,256,512,63,10,4741,406,4335,0.9143640582155663,75856.0,7585.6,0.0,16926.2,1692.6200000000001,0.7768640582155664,10762.900000000001,1076.2900000000002,0.8581140582155663,8629.45,862.945,0.8862390582155664
cost-p512-q256-s63,512,256,512,63,100,4741,406,4335,0.9143640582155663,75856.0,758.56,0.0,16926.2,169.262,0.7768640582155664,10762.900000000001,107.62900000000002,0.8581140582155663,8629.45,86.29450000000001,0.8862390582155664
cost-p512-q256-s63,512,256,512,63,1000,4741,406,4335,0.9143640582155663,75856.0,75.856,0.0,16926.2,16.9262,0.7768640582155664,10762.900000000001,10.762900000000002,0.8581140582155663,8629.45,8.62945,0.8862390582155664
cost-p512-q256-s64,512,256,512,64,1,5301,406,4895,0.9234106772307112,84816.0,84816.0,0.0,18158.2,18158.2,0.7859106772307112,11266.900000000001,11266.900000000001,0.8671606772307112,8881.45,8881.45,0.8952856772307112
cost-p512-q256-s64,512,256,512,64,10,5301,406,4895,0.9234106772307112,84816.0,8481.6,0.0,18158.2,1815.8200000000002,0.7859106772307112,11266.900000000001,1126.69,0.8671606772307112,8881.45,888.1450000000001,0.8952856772307112
cost-p512-q256-s64,512,256,512,64,100,5301,406,4895,0.9234106772307112,84816.0,848.16,0.0,18158.2,181.582,0.7859106772307112,11266.900000000001,112.66900000000001,0.8671606772307112,8881.45,88.81450000000001,0.8952856772307112
cost-p512-q256-s64,512,256,512,64,1000,5301,406,4895,0.9234106772307112,84816.0,84.816,0.0,18158.2,18.1582,0.7859106772307112,11266.900000000001,11.266900000000001,0.8671606772307112,8881.45,8.881450000000001,0.8952856772307112
cost-p512-q256-s65,512,256,512,65,1,3061,406,2655,0.8673636066644888,48976.0,48976.0,0.0,13230.2,13230.2,0.7298636066644888,9250.9,9250.9,0.8111136066644887,7873.45,7873.45,0.8392386066644888
cost-p512-q256-s65,512,256,512,65,10,3061,406,2655,0.8673636066644888,48976.0,4897.6,0.0,13230.2,1323.02,0.7298636066644888,9250.9,925.0899999999999,0.8111136066644887,7873.45,787.345,0.8392386066644888
cost-p512-q256-s65,512,256,512,65,100,3061,406,2655,0.8673636066644888,48976.0,489.76,0.0,13230.2,132.30200000000002,0.7298636066644888,9250.9,92.509,0.8111136066644887,7873.45,78.7345,0.8392386066644888
cost-p512-q256-s65,512,256,512,65,1000,3061,406,2655,0.8673636066644888,48976.0,48.976,0.0,13230.2,13.2302,0.7298636066644888,9250.9,9.2509,0.8111136066644887,7873.45,7.87345,0.8392386066644888
cost-p512-q256-s66,512,256,512,66,1,3621,406,3215,0.887876277271472,57936.0,57936.0,0.0,14462.2,14462.2,0.750376277271472,9754.9,9754.9,0.831626277271472,8125.45,8125.45,0.859751277271472
cost-p512-q256-s66,512,256,512,66,10,3621,406,3215,0.887876277271472,57936.0,5793.6,0.0,14462.2,1446.22,0.750376277271472,9754.9,975.49,0.831626277271472,8125.45,812.545,0.859751277271472
cost-p512-q256-s66,512,256,512,66,100,3621,406,3215,0.887876277271472,57936.0,579.36,0.0,14462.2,144.622,0.750376277271472,9754.9,97.54899999999999,0.831626277271472,8125.45,81.2545,0.859751277271472
cost-p512-q256-s66,512,256,512,66,1000,3621,406,3215,0.887876277271472,57936.0,57.936,0.0,14462.2,14.462200000000001,0.750376277271472,9754.9,9.7549,0.831626277271472,8125.45,8.125449999999999,0.859751277271472
cost-p512-q256-s67,512,256,512,67,1,4181,406,3775,0.9028940444869649,66896.0,66896.0,0.0,15694.2,15694.2,0.7653940444869649,10258.9,10258.9,0.8466440444869648,8377.45,8377.45,0.8747690444869649
cost-p512-q256-s67,512,256,512,67,10,4181,406,3775,0.9028940444869649,66896.0,6689.6,0.0,15694.2,1569.42,0.7653940444869649,10258.9,1025.8899999999999,0.8466440444869648,8377.45,837.7450000000001,0.8747690444869649
cost-p512-q256-s67,512,256,512,67,100,4181,406,3775,0.9028940444869649,66896.0,668.96,0.0,15694.2,156.942,0.7653940444869649,10258.9,102.589,0.8466440444869648,8377.45,83.7745,0.8747690444869649
cost-p512-q256-s67,512,256,512,67,1000,4181,406,3775,0.9028940444869649,66896.0,66.896,0.0,15694.2,15.6942,0.7653940444869649,10258.9,10.258899999999999,0.8466440444869648,8377.45,8.377450000000001,0.8747690444869649
cost-p512-q256-s68,512,256,512,68,1,4741,406,4335,0.9143640582155663,75856.0,75856.0,0.0,16926.2,16926.2,0.7768640582155664,10762.900000000001,10762.900000000001,0.8581140582155663,8629.45,8629.45,0.8862390582155664
cost-p512-q256-s68,512,256,512,68,10,4741,406,4335,0.9143640582155663,75856.0,7585.6,0.0,16926.2,1692.6200000000001,0.7768640582155664,10762.900000000001,1076.2900000000002,0.8581140582155663,8629.45,862.945,0.8862390582155664
cost-p512-q256-s68,512,256,512,68,100,4741,406,4335,0.9143640582155663,75856.0,758.56,0.0,16926.2,169.262,0.7768640582155664,10762.900000000001,107.62900000000002,0.8581140582155663,8629.45,86.29450000000001,0.8862390582155664
cost-p512-q256-s68,512,256,512,68,1000,4741,406,4335,0.9143640582155663,75856.0,75.856,0.0,16926.2,16.9262,0.7768640582155664,10762.900000000001,10.762900000000002,0.8581140582155663,8629.45,8.62945,0.8862390582155664
cost-p512-q256-s69,512,256,512,69,1,5301,406,4895,0.9234106772307112,84816.0,84816.0,0.0,18158.2,18158.2,0.7859106772307112,11266.900000000001,11266.900000000001,0.8671606772307112,8881.45,8881.45,0.8952856772307112
cost-p512-q256-s69,512,256,512,69,10,5301,406,4895,0.9234106772307112,84816.0,8481.6,0.0,18158.2,1815.8200000000002,0.7859106772307112,11266.900000000001,1126.69,0.8671606772307112,8881.45,888.1450000000001,0.8952856772307112
cost-p512-q256-s69,512,256,512,69,100,5301,406,4895,0.9234106772307112,84816.0,848.16,0.0,18158.2,181.582,0.7859106772307112,11266.900000000001,112.66900000000001,0.8671606772307112,8881.45,88.81450000000001,0.8952856772307112
cost-p512-q256-s69,512,256,512,69,1000,5301,406,4895,0.9234106772307112,84816.0,84.816,0.0,18158.2,18.1582,0.7859106772307112,11266.900000000001,11.266900000000001,0.8671606772307112,8881.45,8.881450000000001,0.8952856772307112
cost-p512-q256-s70,512,256,512,70,1,3061,406,2655,0.8673636066644888,48976.0,48976.0,0.0,13230.2,13230.2,0.7298636066644888,9250.9,9250.9,0.8111136066644887,7873.45,7873.45,0.8392386066644888
cost-p512-q256-s70,512,256,512,70,10,3061,406,2655,0.8673636066644888,48976.0,4897.6,0.0,13230.2,1323.02,0.7298636066644888,9250.9,925.0899999999999,0.8111136066644887,7873.45,787.345,0.8392386066644888
cost-p512-q256-s70,512,256,512,70,100,3061,406,2655,0.8673636066644888,48976.0,489.76,0.0,13230.2,132.30200000000002,0.7298636066644888,9250.9,92.509,0.8111136066644887,7873.45,78.7345,0.8392386066644888
cost-p512-q256-s70,512,256,512,70,1000,3061,406,2655,0.8673636066644888,48976.0,48.976,0.0,13230.2,13.2302,0.7298636066644888,9250.9,9.2509,0.8111136066644887,7873.45,7.87345,0.8392386066644888
cost-p512-q256-s71,512,256,512,71,1,3621,406,3215,0.887876277271472,57936.0,57936.0,0.0,14462.2,14462.2,0.750376277271472,9754.9,9754.9,0.831626277271472,8125.45,8125.45,0.859751277271472
cost-p512-q256-s71,512,256,512,71,10,3621,406,3215,0.887876277271472,57936.0,5793.6,0.0,14462.2,1446.22,0.750376277271472,9754.9,975.49,0.831626277271472,8125.45,812.545,0.859751277271472
cost-p512-q256-s71,512,256,512,71,100,3621,406,3215,0.887876277271472,57936.0,579.36,0.0,14462.2,144.622,0.750376277271472,9754.9,97.54899999999999,0.831626277271472,8125.45,81.2545,0.859751277271472
cost-p512-q256-s71,512,256,512,71,1000,3621,406,3215,0.887876277271472,57936.0,57.936,0.0,14462.2,14.462200000000001,0.750376277271472,9754.9,9.7549,0.831626277271472,8125.45,8.125449999999999,0.859751277271472
cost-p512-q256-s72,512,256,512,72,1,4181,406,3775,0.9028940444869649,66896.0,66896.0,0.0,15694.2,15694.2,0.7653940444869649,10258.9,10258.9,0.8466440444869648,8377.45,8377.45,0.8747690444869649
cost-p512-q256-s72,512,256,512,72,10,4181,406,3775,0.9028940444869649,66896.0,6689.6,0.0,15694.2,1569.42,0.7653940444869649,10258.9,1025.8899999999999,0.8466440444869648,8377.45,837.7450000000001,0.8747690444869649
cost-p512-q256-s72,512,256,512,72,100,4181,406,3775,0.9028940444869649,66896.0,668.96,0.0,15694.2,156.942,0.7653940444869649,10258.9,102.589,0.8466440444869648,8377.45,83.7745,0.8747690444869649
cost-p512-q256-s72,512,256,512,72,1000,4181,406,3775,0.9028940444869649,66896.0,66.896,0.0,15694.2,15.6942,0.7653940444869649,10258.9,10.258899999999999,0.8466440444869648,8377.45,8.377450000000001,0.8747690444869649
cost-p512-q256-s73,512,256,512,73,1,4741,406,4335,0.9143640582155663,75856.0,75856.0,0.0,16926.2,16926.2,0.7768640582155664,10762.900000000001,10762.900000000001,0.8581140582155663,8629.45,8629.45,0.8862390582155664
cost-p512-q256-s73,512,256,512,73,10,4741,406,4335,0.9143640582155663,75856.0,7585.6,0.0,16926.2,1692.6200000000001,0.7768640582155664,10762.900000000001,1076.2900000000002,0.8581140582155663,8629.45,862.945,0.8862390582155664
cost-p512-q256-s73,512,256,512,73,100,4741,406,4335,0.9143640582155663,75856.0,758.56,0.0,16926.2,169.262,0.7768640582155664,10762.900000000001,107.62900000000002,0.8581140582155663,8629.45,86.29450000000001,0.8862390582155664
cost-p512-q256-s73,512,256,512,73,1000,4741,406,4335,0.9143640582155663,75856.0,75.856,0.0,16926.2,16.9262,0.7768640582155664,10762.900000000001,10.762900000000002,0.8581140582155663,8629.45,8.62945,0.8862390582155664
cost-p512-q256-s74,512,256,512,74,1,5301,406,4895,0.9234106772307112,84816.0,84816.0,0.0,18158.2,18158.2,0.7859106772307112,11266.900000000001,11266.900000000001,0.8671606772307112,8881.45,8881.45,0.8952856772307112
cost-p512-q256-s74,512,256,512,74,10,5301,406,4895,0.9234106772307112,84816.0,8481.6,0.0,18158.2,1815.8200000000002,0.7859106772307112,11266.900000000001,1126.69,0.8671606772307112,8881.45,888.1450000000001,0.8952856772307112
cost-p512-q256-s74,512,256,512,74,100,5301,406,4895,0.9234106772307112,84816.0,848.16,0.0,18158.2,181.582,0.7859106772307112,11266.900000000001,112.66900000000001,0.8671606772307112,8881.45,88.81450000000001,0.8952856772307112
cost-p512-q256-s74,512,256,512,74,1000,5301,406,4895,0.9234106772307112,84816.0,84.816,0.0,18158.2,18.1582,0.7859106772307112,11266.900000000001,11.266900000000001,0.8671606772307112,8881.45,8.881450000000001,0.8952856772307112
cost-p512-q256-s75,512,256,512,75,1,3061,406,2655,0.8673636066644888,48976.0,48976.0,0.0,13230.2,13230.2,0.7298636066644888,9250.9,9250.9,0.8111136066644887,7873.45,7873.45,0.8392386066644888
cost-p512-q256-s75,512,256,512,75,10,3061,406,2655,0.8673636066644888,48976.0,4897.6,0.0,13230.2,1323.02,0.7298636066644888,9250.9,925.0899999999999,0.8111136066644887,7873.45,787.345,0.8392386066644888
cost-p512-q256-s75,512,256,512,75,100,3061,406,2655,0.8673636066644888,48976.0,489.76,0.0,13230.2,132.30200000000002,0.7298636066644888,9250.9,92.509,0.8111136066644887,7873.45,78.7345,0.8392386066644888
cost-p512-q256-s75,512,256,512,75,1000,3061,406,2655,0.8673636066644888,48976.0,48.976,0.0,13230.2,13.2302,0.7298636066644888,9250.9,9.2509,0.8111136066644887,7873.45,7.87345,0.8392386066644888
cost-p512-q256-s76,512,256,512,76,1,3621,406,3215,0.887876277271472,57936.0,57936.0,0.0,14462.2,14462.2,0.750376277271472,9754.9,9754.9,0.831626277271472,8125.45,8125.45,0.859751277271472
cost-p512-q256-s76,512,256,512,76,10,3621,406,3215,0.887876277271472,57936.0,5793.6,0.0,14462.2,1446.22,0.750376277271472,9754.9,975.49,0.831626277271472,8125.45,812.545,0.859751277271472
cost-p512-q256-s76,512,256,512,76,100,3621,406,3215,0.887876277271472,57936.0,579.36,0.0,14462.2,144.622,0.750376277271472,9754.9,97.54899999999999,0.831626277271472,8125.45,81.2545,0.859751277271472
cost-p512-q256-s76,512,256,512,76,1000,3621,406,3215,0.887876277271472,57936.0,57.936,0.0,14462.2,14.462200000000001,0.750376277271472,9754.9,9.7549,0.831626277271472,8125.45,8.125449999999999,0.859751277271472
cost-p512-q256-s77,512,256,512,77,1,4181,406,3775,0.9028940444869649,66896.0,66896.0,0.0,15694.2,15694.2,0.7653940444869649,10258.9,10258.9,0.8466440444869648,8377.45,8377.45,0.8747690444869649
cost-p512-q256-s77,512,256,512,77,10,4181,406,3775,0.9028940444869649,66896.0,6689.6,0.0,15694.2,1569.42,0.7653940444869649,10258.9,1025.8899999999999,0.8466440444869648,8377.45,837.7450000000001,0.8747690444869649
cost-p512-q256-s77,512,256,512,77,100,4181,406,3775,0.9028940444869649,66896.0,668.96,0.0,15694.2,156.942,0.7653940444869649,10258.9,102.589,0.8466440444869648,8377.45,83.7745,0.8747690444869649
cost-p512-q256-s77,512,256,512,77,1000,4181,406,3775,0.9028940444869649,66896.0,66.896,0.0,15694.2,15.6942,0.7653940444869649,10258.9,10.258899999999999,0.8466440444869648,8377.45,8.377450000000001,0.8747690444869649
cost-p512-q256-s78,512,256,512,78,1,4741,406,4335,0.9143640582155663,75856.0,75856.0,0.0,16926.2,16926.2,0.7768640582155664,10762.900000000001,10762.900000000001,0.8581140582155663,8629.45,8629.45,0.8862390582155664
cost-p512-q256-s78,512,256,512,78,10,4741,406,4335,0.9143640582155663,75856.0,7585.6,0.0,16926.2,1692.6200000000001,0.7768640582155664,10762.900000000001,1076.2900000000002,0.8581140582155663,8629.45,862.945,0.8862390582155664
cost-p512-q256-s78,512,256,512,78,100,4741,406,4335,0.9143640582155663,75856.0,758.56,0.0,16926.2,169.262,0.7768640582155664,10762.900000000001,107.62900000000002,0.8581140582155663,8629.45,86.29450000000001,0.8862390582155664
cost-p512-q256-s78,512,256,512,78,1000,4741,406,4335,0.9143640582155663,75856.0,75.856,0.0,16926.2,16.9262,0.7768640582155664,10762.900000000001,10.762900000000002,0.8581140582155663,8629.45,8.62945,0.8862390582155664
cost-p512-q256-s79,512,256,512,79,1,5301,406,4895,0.9234106772307112,84816.0,84816.0,0.0,18158.2,18158.2,0.7859106772307112,11266.900000000001,11266.900000000001,0.8671606772307112,8881.45,8881.45,0.8952856772307112
cost-p512-q256-s79,512,256,512,79,10,5301,406,4895,0.9234106772307112,84816.0,8481.6,0.0,18158.2,1815.8200000000002,0.7859106772307112,11266.900000000001,1126.69,0.8671606772307112,8881.45,888.1450000000001,0.8952856772307112
cost-p512-q256-s79,512,256,512,79,100,5301,406,4895,0.9234106772307112,84816.0,848.16,0.0,18158.2,181.582,0.7859106772307112,11266.900000000001,112.66900000000001,0.8671606772307112,8881.45,88.81450000000001,0.8952856772307112
cost-p512-q256-s79,512,256,512,79,1000,5301,406,4895,0.9234106772307112,84816.0,84.816,0.0,18158.2,18.1582,0.7859106772307112,11266.900000000001,11.266900000000001,0.8671606772307112,8881.45,8.881450000000001,0.8952856772307112
cost-p512-q256-s80,512,256,512,80,1,3061,406,2655,0.8673636066644888,48976.0,48976.0,0.0,13230.2,13230.2,0.7298636066644888,9250.9,9250.9,0.8111136066644887,7873.45,7873.45,0.8392386066644888
cost-p512-q256-s80,512,256,512,80,10,3061,406,2655,0.8673636066644888,48976.0,4897.6,0.0,13230.2,1323.02,0.7298636066644888,9250.9,925.0899999999999,0.8111136066644887,7873.45,787.345,0.8392386066644888
cost-p512-q256-s80,512,256,512,80,100,3061,406,2655,0.8673636066644888,48976.0,489.76,0.0,13230.2,132.30200000000002,0.7298636066644888,9250.9,92.509,0.8111136066644887,7873.45,78.7345,0.8392386066644888
cost-p512-q256-s80,512,256,512,80,1000,3061,406,2655,0.8673636066644888,48976.0,48.976,0.0,13230.2,13.2302,0.7298636066644888,9250.9,9.2509,0.8111136066644887,7873.45,7.87345,0.8392386066644888
cost-p512-q256-s81,512,256,512,81,1,3621,406,3215,0.887876277271472,57936.0,57936.0,0.0,14462.2,14462.2,0.750376277271472,9754.9,9754.9,0.831626277271472,8125.45,8125.45,0.859751277271472
cost-p512-q256-s81,512,256,512,81,10,3621,406,3215,0.887876277271472,57936.0,5793.6,0.0,14462.2,1446.22,0.750376277271472,9754.9,975.49,0.831626277271472,8125.45,812.545,0.859751277271472
cost-p512-q256-s81,512,256,512,81,100,3621,406,3215,0.887876277271472,57936.0,579.36,0.0,14462.2,144.622,0.750376277271472,9754.9,97.54899999999999,0.831626277271472,8125.45,81.2545,0.859751277271472
cost-p512-q256-s81,512,256,512,81,1000,3621,406,3215,0.887876277271472,57936.0,57.936,0.0,14462.2,14.462200000000001,0.750376277271472,9754.9,9.7549,0.831626277271472,8125.45,8.125449999999999,0.859751277271472
cost-p512-q256-s82,512,256,512,82,1,4181,406,3775,0.9028940444869649,66896.0,66896.0,0.0,15694.2,15694.2,0.7653940444869649,10258.9,10258.9,0.8466440444869648,8377.45,8377.45,0.8747690444869649
cost-p512-q256-s82,512,256,512,82,10,4181,406,3775,0.9028940444869649,66896.0,6689.6,0.0,15694.2,1569.42,0.7653940444869649,10258.9,1025.8899999999999,0.8466440444869648,8377.45,837.7450000000001,0.8747690444869649
cost-p512-q256-s82,512,256,512,82,100,4181,406,3775,0.9028940444869649,66896.0,668.96,0.0,15694.2,156.942,0.7653940444869649,10258.9,102.589,0.8466440444869648,8377.45,83.7745,0.8747690444869649
cost-p512-q256-s82,512,256,512,82,1000,4181,406,3775,0.9028940444869649,66896.0,66.896,0.0,15694.2,15.6942,0.7653940444869649,10258.9,10.258899999999999,0.8466440444869648,8377.45,8.377450000000001,0.8747690444869649
cost-p512-q256-s83,512,256,512,83,1,4741,406,4335,0.9143640582155663,75856.0,75856.0,0.0,16926.2,16926.2,0.7768640582155664,10762.900000000001,10762.900000000001,0.8581140582155663,8629.45,8629.45,0.8862390582155664
cost-p512-q256-s83,512,256,512,83,10,4741,406,4335,0.9143640582155663,75856.0,7585.6,0.0,16926.2,1692.6200000000001,0.7768640582155664,10762.900000000001,1076.2900000000002,0.8581140582155663,8629.45,862.945,0.8862390582155664
cost-p512-q256-s83,512,256,512,83,100,4741,406,4335,0.9143640582155663,75856.0,758.56,0.0,16926.2,169.262,0.7768640582155664,10762.900000000001,107.62900000000002,0.8581140582155663,8629.45,86.29450000000001,0.8862390582155664
cost-p512-q256-s83,512,256,512,83,1000,4741,406,4335,0.9143640582155663,75856.0,75.856,0.0,16926.2,16.9262,0.7768640582155664,10762.900000000001,10.762900000000002,0.8581140582155663,8629.45,8.62945,0.8862390582155664
cost-p512-q256-s84,512,256,512,84,1,5301,406,4895,0.9234106772307112,84816.0,84816.0,0.0,18158.2,18158.2,0.7859106772307112,11266.900000000001,11266.900000000001,0.8671606772307112,8881.45,8881.45,0.8952856772307112
cost-p512-q256-s84,512,256,512,84,10,5301,406,4895,0.9234106772307112,84816.0,8481.6,0.0,18158.2,1815.8200000000002,0.7859106772307112,11266.900000000001,1126.69,0.8671606772307112,8881.45,888.1450000000001,0.8952856772307112
cost-p512-q256-s84,512,256,512,84,100,5301,406,4895,0.9234106772307112,84816.0,848.16,0.0,18158.2,181.582,0.7859106772307112,11266.900000000001,112.66900000000001,0.8671606772307112,8881.45,88.81450000000001,0.8952856772307112
cost-p512-q256-s84,512,256,512,84,1000,5301,406,4895,0.9234106772307112,84816.0,84.816,0.0,18158.2,18.1582,0.7859106772307112,11266.900000000001,11.266900000000001,0.8671606772307112,8881.45,8.881450000000001,0.8952856772307112
cost-p512-q256-s85,512,256,512,85,1,3061,406,2655,0.8673636066644888,48976.0,48976.0,0.0,13230.2,13230.2,0.7298636066644888,9250.9,9250.9,0.8111136066644887,7873.45,7873.45,0.8392386066644888
cost-p512-q256-s85,512,256,512,85,10,3061,406,2655,0.8673636066644888,48976.0,4897.6,0.0,13230.2,1323.02,0.7298636066644888,9250.9,925.0899999999999,0.8111136066644887,7873.45,787.345,0.8392386066644888
cost-p512-q256-s85,512,256,512,85,100,3061,406,2655,0.8673636066644888,48976.0,489.76,0.0,13230.2,132.30200000000002,0.7298636066644888,9250.9,92.509,0.8111136066644887,7873.45,78.7345,0.8392386066644888
cost-p512-q256-s85,512,256,512,85,1000,3061,406,2655,0.8673636066644888,48976.0,48.976,0.0,13230.2,13.2302,0.7298636066644888,9250.9,9.2509,0.8111136066644887,7873.45,7.87345,0.8392386066644888
cost-p512-q256-s86,512,256,512,86,1,3621,406,3215,0.887876277271472,57936.0,57936.0,0.0,14462.2,14462.2,0.750376277271472,9754.9,9754.9,0.831626277271472,8125.45,8125.45,0.859751277271472
cost-p512-q256-s86,512,256,512,86,10,3621,406,3215,0.887876277271472,57936.0,5793.6,0.0,14462.2,1446.22,0.750376277271472,9754.9,975.49,0.831626277271472,8125.45,812.545,0.859751277271472
cost-p512-q256-s86,512,256,512,86,100,3621,406,3215,0.887876277271472,57936.0,579.36,0.0,14462.2,144.622,0.750376277271472,9754.9,97.54899999999999,0.831626277271472,8125.45,81.2545,0.859751277271472
cost-p512-q256-s86,512,256,512,86,1000,3621,406,3215,0.887876277271472,57936.0,57.936,0.0,14462.2,14.462200000000001,0.750376277271472,9754.9,9.7549,0.831626277271472,8125.45,8.125449999999999,0.859751277271472
cost-p512-q256-s87,512,256,512,87,1,4181,406,3775,0.9028940444869649,66896.0,66896.0,0.0,15694.2,15694.2,0.7653940444869649,10258.9,10258.9,0.8466440444869648,8377.45,8377.45,0.8747690444869649
cost-p512-q256-s87,512,256,512,87,10,4181,406,3775,0.9028940444869649,66896.0,6689.6,0.0,15694.2,1569.42,0.7653940444869649,10258.9,1025.8899999999999,0.8466440444869648,8377.45,837.7450000000001,0.8747690444869649
cost-p512-q256-s87,512,256,512,87,100,4181,406,3775,0.9028940444869649,66896.0,668.96,0.0,15694.2,156.942,0.7653940444869649,10258.9,102.589,0.8466440444869648,8377.45,83.7745,0.8747690444869649
cost-p512-q256-s87,512,256,512,87,1000,4181,406,3775,0.9028940444869649,66896.0,66.896,0.0,15694.2,15.6942,0.7653940444869649,10258.9,10.258899999999999,0.8466440444869648,8377.45,8.377450000000001,0.8747690444869649
cost-p512-q256-s88,512,256,512,88,1,4741,406,4335,0.9143640582155663,75856.0,75856.0,0.0,16926.2,16926.2,0.7768640582155664,10762.900000000001,10762.900000000001,0.8581140582155663,8629.45,8629.45,0.8862390582155664
cost-p512-q256-s88,512,256,512,88,10,4741,406,4335,0.9143640582155663,75856.0,7585.6,0.0,16926.2,1692.6200000000001,0.7768640582155664,10762.900000000001,1076.2900000000002,0.8581140582155663,8629.45,862.945,0.8862390582155664
cost-p512-q256-s88,512,256,512,88,100,4741,406,4335,0.9143640582155663,75856.0,758.56,0.0,16926.2,169.262,0.7768640582155664,10762.900000000001,107.62900000000002,0.8581140582155663,8629.45,86.29450000000001,0.8862390582155664
cost-p512-q256-s88,512,256,512,88,1000,4741,406,4335,0.9143640582155663,75856.0,75.856,0.0,16926.2,16.9262,0.7768640582155664,10762.900000000001,10.762900000000002,0.8581140582155663,8629.45,8.62945,0.8862390582155664
cost-p512-q256-s89,512,256,512,89,1,5301,406,4895,0.9234106772307112,84816.0,84816.0,0.0,18158.2,18158.2,0.7859106772307112,11266.900000000001,11266.900000000001,0.8671606772307112,8881.45,8881.45,0.8952856772307112
cost-p512-q256-s89,512,256,512,89,10,5301,406,4895,0.9234106772307112,84816.0,8481.6,0.0,18158.2,1815.8200000000002,0.7859106772307112,11266.900000000001,1126.69,0.8671606772307112,8881.45,888.1450000000001,0.8952856772307112
cost-p512-q256-s89,512,256,512,89,100,5301,406,4895,0.9234106772307112,84816.0,848.16,0.0,18158.2,181.582,0.7859106772307112,11266.900000000001,112.66900000000001,0.8671606772307112,8881.45,88.81450000000001,0.8952856772307112
cost-p512-q256-s89,512,256,512,89,1000,5301,406,4895,0.9234106772307112,84816.0,84.816,0.0,18158.2,18.1582,0.7859106772307112,11266.900000000001,11.266900000000001,0.8671606772307112,8881.45,8.881450000000001,0.8952856772307112
cost-p512-q256-s90,512,256,512,90,1,3061,406,2655,0.8673636066644888,48976.0,48976.0,0.0,13230.2,13230.2,0.7298636066644888,9250.9,9250.9,0.8111136066644887,7873.45,7873.45,0.8392386066644888
cost-p512-q256-s90,512,256,512,90,10,3061,406,2655,0.8673636066644888,48976.0,4897.6,0.0,13230.2,1323.02,0.7298636066644888,9250.9,925.0899999999999,0.8111136066644887,7873.45,787.345,0.8392386066644888
cost-p512-q256-s90,512,256,512,90,100,3061,406,2655,0.8673636066644888,48976.0,489.76,0.0,13230.2,132.30200000000002,0.7298636066644888,9250.9,92.509,0.8111136066644887,7873.45,78.7345,0.8392386066644888
cost-p512-q256-s90,512,256,512,90,1000,3061,406,2655,0.8673636066644888,48976.0,48.976,0.0,13230.2,13.2302,0.7298636066644888,9250.9,9.2509,0.8111136066644887,7873.45,7.87345,0.8392386066644888
cost-p512-q256-s91,512,256,512,91,1,3621,406,3215,0.887876277271472,57936.0,57936.0,0.0,14462.2,14462.2,0.750376277271472,9754.9,9754.9,0.831626277271472,8125.45,8125.45,0.859751277271472
cost-p512-q256-s91,512,256,512,91,10,3621,406,3215,0.887876277271472,57936.0,5793.6,0.0,14462.2,1446.22,0.750376277271472,9754.9,975.49,0.831626277271472,8125.45,812.545,0.859751277271472
cost-p512-q256-s91,512,256,512,91,100,3621,406,3215,0.887876277271472,57936.0,579.36,0.0,14462.2,144.622,0.750376277271472,9754.9,97.54899999999999,0.831626277271472,8125.45,81.2545,0.859751277271472
cost-p512-q256-s91,512,256,512,91,1000,3621,406,3215,0.887876277271472,57936.0,57.936,0.0,14462.2,14.462200000000001,0.750376277271472,9754.9,9.7549,0.831626277271472,8125.45,8.125449999999999,0.859751277271472
cost-p512-q256-s92,512,256,512,92,1,4181,406,3775,0.9028940444869649,66896.0,66896.0,0.0,15694.2,15694.2,0.7653940444869649,10258.9,10258.9,0.8466440444869648,8377.45,8377.45,0.8747690444869649
cost-p512-q256-s92,512,256,512,92,10,4181,406,3775,0.9028940444869649,66896.0,6689.6,0.0,15694.2,1569.42,0.7653940444869649,10258.9,1025.8899999999999,0.8466440444869648,8377.45,837.7450000000001,0.8747690444869649
cost-p512-q256-s92,512,256,512,92,100,4181,406,3775,0.9028940444869649,66896.0,668.96,0.0,15694.2,156.942,0.7653940444869649,10258.9,102.589,0.8466440444869648,8377.45,83.7745,0.8747690444869649
cost-p512-q256-s92,512,256,512,92,1000,4181,406,3775,0.9028940444869649,66896.0,66.896,0.0,15694.2,15.6942,0.7653940444869649,10258.9,10.258899999999999,0.8466440444869648,8377.45,8.377450000000001,0.8747690444869649
cost-p512-q256-s93,512,256,512,93,1,4741,406,4335,0.9143640582155663,75856.0,75856.0,0.0,16926.2,16926.2,0.7768640582155664,10762.900000000001,10762.900000000001,0.8581140582155663,8629.45,8629.45,0.8862390582155664
cost-p512-q256-s93,512,256,512,93,10,4741,406,4335,0.9143640582155663,75856.0,7585.6,0.0,16926.2,1692.6200000000001,0.7768640582155664,10762.900000000001,1076.2900000000002,0.8581140582155663,8629.45,862.945,0.8862390582155664
cost-p512-q256-s93,512,256,512,93,100,4741,406,4335,0.9143640582155663,75856.0,758.56,0.0,16926.2,169.262,0.7768640582155664,10762.900000000001,107.62900000000002,0.8581140582155663,8629.45,86.29450000000001,0.8862390582155664
cost-p512-q256-s93,512,256,512,93,1000,4741,406,4335,0.9143640582155663,75856.0,75.856,0.0,16926.2,16.9262,0.7768640582155664,10762.900000000001,10.762900000000002,0.8581140582155663,8629.45,8.62945,0.8862390582155664
cost-p512-q256-s94,512,256,512,94,1,5301,406,4895,0.9234106772307112,84816.0,84816.0,0.0,18158.2,18158.2,0.7859106772307112,11266.900000000001,11266.900000000001,0.8671606772307112,8881.45,8881.45,0.8952856772307112
cost-p512-q256-s94,512,256,512,94,10,5301,406,4895,0.9234106772307112,84816.0,8481.6,0.0,18158.2,1815.8200000000002,0.7859106772307112,11266.900000000001,1126.69,0.8671606772307112,8881.45,888.1450000000001,0.8952856772307112
cost-p512-q256-s94,512,256,512,94,100,5301,406,4895,0.9234106772307112,84816.0,848.16,0.0,18158.2,181.582,0.7859106772307112,11266.900000000001,112.66900000000001,0.8671606772307112,8881.45,88.81450000000001,0.8952856772307112
cost-p512-q256-s94,512,256,512,94,1000,5301,406,4895,0.9234106772307112,84816.0,84.816,0.0,18158.2,18.1582,0.7859106772307112,11266.900000000001,11.266900000000001,0.8671606772307112,8881.45,8.881450000000001,0.8952856772307112
cost-p512-q256-s95,512,256,512,95,1,3061,406,2655,0.8673636066644888,48976.0,48976.0,0.0,13230.2,13230.2,0.7298636066644888,9250.9,9250.9,0.8111136066644887,7873.45,7873.45,0.8392386066644888
cost-p512-q256-s95,512,256,512,95,10,3061,406,2655,0.8673636066644888,48976.0,4897.6,0.0,13230.2,1323.02,0.7298636066644888,9250.9,925.0899999999999,0.8111136066644887,7873.45,787.345,0.8392386066644888
cost-p512-q256-s95,512,256,512,95,100,3061,406,2655,0.8673636066644888,48976.0,489.76,0.0,13230.2,132.30200000000002,0.7298636066644888,9250.9,92.509,0.8111136066644887,7873.45,78.7345,0.8392386066644888
cost-p512-q256-s95,512,256,512,95,1000,3061,406,2655,0.8673636066644888,48976.0,48.976,0.0,13230.2,13.2302,0.7298636066644888,9250.9,9.2509,0.8111136066644887,7873.45,7.87345,0.8392386066644888
cost-p512-q256-s96,512,256,512,96,1,3621,406,3215,0.887876277271472,57936.0,57936.0,0.0,14462.2,14462.2,0.750376277271472,9754.9,9754.9,0.831626277271472,8125.45,8125.45,0.859751277271472
cost-p512-q256-s96,512,256,512,96,10,3621,406,3215,0.887876277271472,57936.0,5793.6,0.0,14462.2,1446.22,0.750376277271472,9754.9,975.49,0.831626277271472,8125.45,812.545,0.859751277271472
cost-p512-q256-s96,512,256,512,96,100,3621,406,3215,0.887876277271472,57936.0,579.36,0.0,14462.2,144.622,0.750376277271472,9754.9,97.54899999999999,0.831626277271472,8125.45,81.2545,0.859751277271472
cost-p512-q256-s96,512,256,512,96,1000,3621,406,3215,0.887876277271472,57936.0,57.936,0.0,14462.2,14.462200000000001,0.750376277271472,9754.9,9.7549,0.831626277271472,8125.45,8.125449999999999,0.859751277271472
cost-p512-q256-s97,512,256,512,97,1,4181,406,3775,0.9028940444869649,66896.0,66896.0,0.0,15694.2,15694.2,0.7653940444869649,10258.9,10258.9,0.8466440444869648,8377.45,8377.45,0.8747690444869649
cost-p512-q256-s97,512,256,512,97,10,4181,406,3775,0.9028940444869649,66896.0,6689.6,0.0,15694.2,1569.42,0.7653940444869649,10258.9,1025.8899999999999,0.8466440444869648,8377.45,837.7450000000001,0.8747690444869649
cost-p512-q256-s97,512,256,512,97,100,4181,406,3775,0.9028940444869649,66896.0,668.96,0.0,15694.2,156.942,0.7653940444869649,10258.9,102.589,0.8466440444869648,8377.45,83.7745,0.8747690444869649
cost-p512-q256-s97,512,256,512,97,1000,4181,406,3775,0.9028940444869649,66896.0,66.896,0.0,15694.2,15.6942,0.7653940444869649,10258.9,10.258899999999999,0.8466440444869648,8377.45,8.377450000000001,0.8747690444869649
cost-p512-q256-s98,512,256,512,98,1,4741,406,4335,0.9143640582155663,75856.0,75856.0,0.0,16926.2,16926.2,0.7768640582155664,10762.900000000001,10762.900000000001,0.8581140582155663,8629.45,8629.45,0.8862390582155664
cost-p512-q256-s98,512,256,512,98,10,4741,406,4335,0.9143640582155663,75856.0,7585.6,0.0,16926.2,1692.6200000000001,0.7768640582155664,10762.900000000001,1076.2900000000002,0.8581140582155663,8629.45,862.945,0.8862390582155664
cost-p512-q256-s98,512,256,512,98,100,4741,406,4335,0.9143640582155663,75856.0,758.56,0.0,16926.2,169.262,0.7768640582155664,10762.900000000001,107.62900000000002,0.8581140582155663,8629.45,86.29450000000001,0.8862390582155664
cost-p512-q256-s98,512,256,512,98,1000,4741,406,4335,0.9143640582155663,75856.0,75.856,0.0,16926.2,16.9262,0.7768640582155664,10762.900000000001,10.762900000000002,0.8581140582155663,8629.45,8.62945,0.8862390582155664
cost-p512-q256-s99,512,256,512,99,1,5301,406,4895,0.9234106772307112,84816.0,84816.0,0.0,18158.2,18158.2,0.7859106772307112,11266.900000000001,11266.900000000001,0.8671606772307112,8881.45,8881.45,0.8952856772307112
cost-p512-q256-s99,512,256,512,99,10,5301,406,4895,0.9234106772307112,84816.0,8481.6,0.0,18158.2,1815.8200000000002,0.7859106772307112,11266.900000000001,1126.69,0.8671606772307112,8881.45,888.1450000000001,0.8952856772307112
cost-p512-q256-s99,512,256,512,99,100,5301,406,4895,0.9234106772307112,84816.0,848.16,0.0,18158.2,181.582,0.7859106772307112,11266.900000000001,112.66900000000001,0.8671606772307112,8881.45,88.81450000000001,0.8952856772307112
cost-p512-q256-s99,512,256,512,99,1000,5301,406,4895,0.9234106772307112,84816.0,84.816,0.0,18158.2,18.1582,0.7859106772307112,11266.900000000001,11.266900000000001,0.8671606772307112,8881.45,8.881450000000001,0.8952856772307112
cost-p512-q256-s100,512,256,512,100,1,3063,406,2657,0.8674502122102514,49008.0,49008.0,0.0,13234.6,13234.6,0.7299502122102515,9252.7,9252.7,0.8112002122102514,7874.35,7874.35,0.8393252122102515
cost-p512-q256-s100,512,256,512,100,10,3063,406,2657,0.8674502122102514,49008.0,4900.8,0.0,13234.6,1323.46,0.7299502122102515,9252.7,925.2700000000001,0.8112002122102514,7874.35,787.4350000000001,0.8393252122102515
cost-p512-q256-s100,512,256,512,100,100,3063,406,2657,0.8674502122102514,49008.0,490.08,0.0,13234.6,132.346,0.7299502122102515,9252.7,92.527,0.8112002122102514,7874.35,78.7435,0.8393252122102515
cost-p512-q256-s100,512,256,512,100,1000,3063,406,2657,0.8674502122102514,49008.0,49.008,0.0,13234.6,13.2346,0.7299502122102515,9252.7,9.2527,0.8112002122102514,7874.35,7.874350000000001,0.8393252122102515
cost-p2048-q64-s1,2048,64,2048,1,1,11107,406,10701,0.9634464751958225,177712.0,177712.0,0.0,30931.4,30931.4,0.8259464751958225,16492.300000000003,16492.300000000003,0.9071964751958225,11494.150000000001,11494.150000000001,0.9353214751958225
cost-p2048-q64-s1,2048,64,2048,1,10,11107,406,10701,0.9634464751958225,177712.0,17771.2,0.0,30931.4,3093.1400000000003,0.8259464751958225,16492.300000000003,1649.2300000000002,0.9071964751958225,11494.150000000001,1149.4150000000002,0.9353214751958225
cost-p2048-q64-s1,2048,64,2048,1,100,11107,406,10701,0.9634464751958225,177712.0,1777.12,0.0,30931.4,309.314,0.8259464751958225,16492.300000000003,164.92300000000003,0.9071964751958225,11494.150000000001,114.94150000000002,0.9353214751958225
cost-p2048-q64-s1,2048,64,2048,1,1000,11107,406,10701,0.9634464751958225,177712.0,177.712,0.0,30931.4,30.9314,0.8259464751958225,16492.300000000003,16.492300000000004,0.9071964751958225,11494.150000000001,11.494150000000001,0.9353214751958225
cost-p2048-q64-s2,2048,64,2048,2,1,13203,406,12797,0.9692494130121942,211248.0,211248.0,0.0,35542.600000000006,35542.600000000006,0.8317494130121942,18378.7,18378.7,0.9129994130121941,12437.35,12437.35,0.9411244130121942
cost-p2048-q64-s2,2048,64,2048,2,10,13203,406,12797,0.9692494130121942,211248.0,21124.8,0.0,35542.600000000006,3554.2600000000007,0.8317494130121942,18378.7,1837.8700000000001,0.9129994130121941,12437.35,1243.7350000000001,0.9411244130121942
cost-p2048-q64-s2,2048,64,2048,2,100,13203,406,12797,0.9692494130121942,211248.0,2112.48,0.0,35542.600000000006,355.42600000000004,0.8317494130121942,18378.7,183.787,0.9129994130121941,12437.35,124.3735,0.9411244130121942
cost-p2048-q64-s2,2048,64,2048,2,1000,13203,406,12797,0.9692494130121942,211248.0,211.248,0.0,35542.600000000006,35.54260000000001,0.8317494130121942,18378.7,18.378700000000002,0.9129994130121941,12437.35,12.43735,0.9411244130121942
cost-p2048-q64-s3,2048,64,2048,3,1,15299,406,14893,0.973462317798549,244784.0,244784.0,0.0,40153.8,40153.8,0.835962317798549,20265.1,20265.1,0.917212317798549,13380.55,13380.55,0.945337317798549
cost-p2048-q64-s3,2048,64,2048,3,10,15299,406,14893,0.973462317798549,244784.0,24478.4,0.0,40153.8,4015.38,0.835962317798549,20265.1,2026.5099999999998,0.917212317798549,13380.55,1338.0549999999998,0.945337317798549
cost-p2048-q64-s3,2048,64,2048,3,100,15299,406,14893,0.973462317798549,244784.0,2447.84,0.0,40153.8,401.538,0.835962317798549,20265.1,202.65099999999998,0.917212317798549,13380.55,133.8055,0.945337317798549
cost-p2048-q64-s3,2048,64,2048,3,1000,15299,406,14893,0.973462317798549,244784.0,244.784,0.0,40153.8,40.153800000000004,0.835962317798549,20265.1,20.265099999999997,0.917212317798549,13380.55,13.38055,0.945337317798549
cost-p2048-q64-s4,2048,64,2048,4,1,17395,406,16989,0.9766599597585514,278320.0,278320.0,0.0,44765.0,44765.0,0.8391599597585513,22151.5,22151.5,0.9204099597585513,14323.75,14323.75,0.9485349597585513
cost-p2048-q64-s4,2048,64,2048,4,10,17395,406,16989,0.9766599597585514,278320.0,27832.0,0.0,44765.0,4476.5,0.8391599597585513,22151.5,2215.15,0.9204099597585513,14323.75,1432.375,0.9485349597585513
cost-p2048-q64-s4,2048,64,2048,4,100,17395,406,16989,0.9766599597585514,278320.0,2783.2,0.0,44765.0,447.65,0.8391599597585513,22151.5,221.515,0.9204099597585513,14323.75,143.2375,0.9485349597585513
cost-p2048-q64-s4,2048,64,2048,4,1000,17395,406,16989,0.9766599597585514,278320.0,278.32,0.0,44765.0,44.765,0.8391599597585513,22151.5,22.1515,0.9204099597585513,14323.75,14.32375,0.9485349597585513
cost-p2048-q64-s5,2048,64,2048,5,1,9011,406,8605,0.9549439573854178,144176.0,144176.0,0.0,26320.2,26320.2,0.8174439573854179,14605.900000000001,14605.900000000001,0.8986939573854179,10550.95,10550.95,0.9268189573854178
cost-p2048-q64-s5,2048,64,2048,5,10,9011,406,8605,0.9549439573854178,144176.0,14417.6,0.0,26320.2,2632.02,0.8174439573854179,14605.900000000001,1460.5900000000001,0.8986939573854179,10550.95,1055.095,0.9268189573854178
cost-p2048-q64-s5,2048,64,2048,5,100,9011,406,8605,0.9549439573854178,144176.0,1441.76,0.0,26320.2,263.202,0.8174439573854179,14605.900000000001,146.05900000000003,0.8986939573854179,10550.95,105.5095,0.9268189573854178
cost-p2048-q64-s5,2048,64,2048,5,1000,9011,406,8605,0.9549439573854178,144176.0,144.176,0.0,26320.2,26.3202,0.8174439573854179,14605.900000000001,14.605900000000002,0.8986939573854179,10550.95,10.55095,0.9268189573854178
cost-p2048-q64-s6,2048,64,2048,6,1,11107,406,10701,0.9634464751958225,177712.0,177712.0,0.0,30931.4,30931.4,0.8259464751958225,16492.300000000003,16492.300000000003,0.9071964751958225,11494.150000000001,11494.150000000001,0.9353214751958225
cost-p2048-q64-s6,2048,64,2048,6,10,11107,406,10701,0.9634464751958225,177712.0,17771.2,0.0,30931.4,3093.1400000000003,0.8259464751958225,16492.300000000003,1649.2300000000002,0.9071964751958225,11494.150000000001,1149.4150000000002,0.9353214751958225
cost-p2048-q64-s6,2048,64,2048,6,100,11107,406,10701,0.9634464751958225,177712.0,1777.12,0.0,30931.4,309.314,0.8259464751958225,16492.300000000003,164.92300000000003,0.9071964751958225,11494.150000000001,114.94150000000002,0.9353214751958225
cost-p2048-q64-s6,2048,64,2048,6,1000,11107,406,10701,0.9634464751958225,177712.0,177.712,0.0,30931.4,30.9314,0.8259464751958225,16492.300000000003,16.492300000000004,0.9071964751958225,11494.150000000001,11.494150000000001,0.9353214751958225
cost-p2048-q64-s7,2048,64,2048,7,1,13203,406,12797,0.9692494130121942,211248.0,211248.0,0.0,35542.600000000006,35542.600000000006,0.8317494130121942,18378.7,18378.7,0.9129994130121941,12437.35,12437.35,0.9411244130121942
cost-p2048-q64-s7,2048,64,2048,7,10,13203,406,12797,0.9692494130121942,211248.0,21124.8,0.0,35542.600000000006,3554.2600000000007,0.8317494130121942,18378.7,1837.8700000000001,0.9129994130121941,12437.35,1243.7350000000001,0.9411244130121942
cost-p2048-q64-s7,2048,64,2048,7,100,13203,406,12797,0.9692494130121942,211248.0,2112.48,0.0,35542.600000000006,355.42600000000004,0.8317494130121942,18378.7,183.787,0.9129994130121941,12437.35,124.3735,0.9411244130121942
cost-p2048-q64-s7,2048,64,2048,7,1000,13203,406,12797,0.9692494130121942,211248.0,211.248,0.0,35542.600000000006,35.54260000000001,0.8317494130121942,18378.7,18.378700000000002,0.9129994130121941,12437.35,12.43735,0.9411244130121942
cost-p2048-q64-s8,2048,64,2048,8,1,15299,406,14893,0.973462317798549,244784.0,244784.0,0.0,40153.8,40153.8,0.835962317798549,20265.1,20265.1,0.917212317798549,13380.55,13380.55,0.945337317798549
cost-p2048-q64-s8,2048,64,2048,8,10,15299,406,14893,0.973462317798549,244784.0,24478.4,0.0,40153.8,4015.38,0.835962317798549,20265.1,2026.5099999999998,0.917212317798549,13380.55,1338.0549999999998,0.945337317798549
cost-p2048-q64-s8,2048,64,2048,8,100,15299,406,14893,0.973462317798549,244784.0,2447.84,0.0,40153.8,401.538,0.835962317798549,20265.1,202.65099999999998,0.917212317798549,13380.55,133.8055,0.945337317798549
cost-p2048-q64-s8,2048,64,2048,8,1000,15299,406,14893,0.973462317798549,244784.0,244.784,0.0,40153.8,40.153800000000004,0.835962317798549,20265.1,20.265099999999997,0.917212317798549,13380.55,13.38055,0.945337317798549
cost-p2048-q64-s9,2048,64,2048,9,1,17395,406,16989,0.9766599597585514,278320.0,278320.0,0.0,44765.0,44765.0,0.8391599597585513,22151.5,22151.5,0.9204099597585513,14323.75,14323.75,0.9485349597585513
cost-p2048-q64-s9,2048,64,2048,9,10,17395,406,16989,0.9766599597585514,278320.0,27832.0,0.0,44765.0,4476.5,0.8391599597585513,22151.5,2215.15,0.9204099597585513,14323.75,1432.375,0.9485349597585513
cost-p2048-q64-s9,2048,64,2048,9,100,17395,406,16989,0.9766599597585514,278320.0,2783.2,0.0,44765.0,447.65,0.8391599597585513,22151.5,221.515,0.9204099597585513,14323.75,143.2375,0.9485349597585513
cost-p2048-q64-s9,2048,64,2048,9,1000,17395,406,16989,0.9766599597585514,278320.0,278.32,0.0,44765.0,44.765,0.8391599597585513,22151.5,22.1515,0.9204099597585513,14323.75,14.32375,0.9485349597585513
cost-p2048-q64-s10,2048,64,2048,10,1,9013,406,8607,0.9549539553977588,144208.0,144208.0,0.0,26324.600000000002,26324.600000000002,0.8174539553977588,14607.7,14607.7,0.8987039553977588,10551.85,10551.85,0.9268289553977588
cost-p2048-q64-s10,2048,64,2048,10,10,9013,406,8607,0.9549539553977588,144208.0,14420.8,0.0,26324.600000000002,2632.46,0.8174539553977588,14607.7,1460.77,0.8987039553977588,10551.85,1055.185,0.9268289553977588
cost-p2048-q64-s10,2048,64,2048,10,100,9013,406,8607,0.9549539553977588,144208.0,1442.08,0.0,26324.600000000002,263.24600000000004,0.8174539553977588,14607.7,146.077,0.8987039553977588,10551.85,105.5185,0.9268289553977588
cost-p2048-q64-s10,2048,64,2048,10,1000,9013,406,8607,0.9549539553977588,144208.0,144.208,0.0,26324.600000000002,26.324600000000004,0.8174539553977588,14607.7,14.607700000000001,0.8987039553977588,10551.85,10.55185,0.9268289553977588
cost-p2048-q64-s11,2048,64,2048,11,1,11109,406,10703,0.9634530560806553,177744.0,177744.0,0.0,30935.800000000003,30935.800000000003,0.8259530560806554,16494.1,16494.1,0.9072030560806553,11495.05,11495.05,0.9353280560806554
cost-p2048-q64-s11,2048,64,2048,11,10,11109,406,10703,0.9634530560806553,177744.0,17774.4,0.0,30935.800000000003,3093.5800000000004,0.8259530560806554,16494.1,1649.4099999999999,0.9072030560806553,11495.05,1149.5049999999999,0.9353280560806554
cost-p2048-q64-s11,2048,64,2048,11,100,11109,406,10703,0.9634530560806553,177744.0,1777.44,0.0,30935.800000000003,309.358,0.8259530560806554,16494.1,164.94099999999997,0.9072030560806553,11495.05,114.95049999999999,0.9353280560806554
cost-p2048-q64-s11,2048,64,2048,11,1000,11109,406,10703,0.9634530560806553,177744.0,177.744,0.0,30935.800000000003,30.935800000000004,0.8259530560806554,16494.1,16.4941,0.9072030560806553,11495.05,11.495049999999999,0.9353280560806554
cost-p2048-q64-s12,2048,64,2048,12,1,13205,406,12799,0.9692540704278683,211280.0,211280.0,0.0,35547.0,35547.0,0.8317540704278682,18380.5,18380.5,0.9130040704278682,12438.25,12438.25,0.9411290704278682
cost-p2048-q64-s12,2048,64,2048,12,10,13205,406,12799,0.9692540704278683,211280.0,21128.0,0.0,35547.0,3554.7,0.8317540704278682,18380.5,1838.05,0.9130040704278682,12438.25,1243.825,0.9411290704278682
cost-p2048-q64-s12,2048,64,2048,12,100,13205,406,12799,0.9692540704278683,211280.0,2112.8,0.0,35547.0,355.47,0.8317540704278682,18380.5,183.805,0.9130040704278682,12438.25,124.3825,0.9411290704278682
cost-p2048-q64-s12,2048,64,2048,12,1000,13205,406,12799,0.9692540704278683,211280.0,211.28,0.0,35547.0,35.547,0.8317540704278682,18380.5,18.3805,0.9130040704278682,12438.25,12.43825,0.9411290704278682
cost-p2048-q64-s13,2048,64,2048,13,1,15301,406,14895,0.9734657865498987,244816.0,244816.0,0.0,40158.200000000004,40158.200000000004,0.8359657865498986,20266.9,20266.9,0.9172157865498988,13381.45,13381.45,0.9453407865498986
cost-p2048-q64-s13,2048,64,2048,13,10,15301,406,14895,0.9734657865498987,244816.0,24481.6,0.0,40158.200000000004,4015.8200000000006,0.8359657865498986,20266.9,2026.69,0.9172157865498988,13381.45,1338.145,0.9453407865498986
cost-p2048-q64-s13,2048,64,2048,13,100,15301,406,14895,0.9734657865498987,244816.0,2448.16,0.0,40158.200000000004,401.58200000000005,0.8359657865498986,20266.9,202.669,0.9172157865498988,13381.45,133.8145,0.9453407865498986
cost-p2048-q64-s13,2048,64,2048,13,1000,15301,406,14895,0.9734657865498987,244816.0,244.816,0.0,40158.200000000004,40.15820000000001,0.8359657865498986,20266.9,20.2669,0.9172157865498988,13381.45,13.381450000000001,0.9453407865498986
cost-p2048-q64-s14,2048,64,2048,14,1,17397,406,16991,0.9766626429844226,278352.0,278352.0,0.0,44769.4,44769.4,0.8391626429844227,22153.300000000003,22153.300000000003,0.9204126429844226,14324.650000000001,14324.650000000001,0.9485376429844226
cost-p2048-q64-s14,2048,64,2048,14,10,17397,406,16991,0.9766626429844226,278352.0,27835.2,0.0,44769.4,4476.9400000000005,0.8391626429844227,22153.300000000003,2215.3300000000004,0.9204126429844226,14324.650000000001,1432.4650000000001,0.9485376429844226
cost-p2048-q64-s14,2048,64,2048,14,100,17397,406,16991,0.9766626429844226,278352.0,2783.52,0.0,44769.4,447.694,0.8391626429844227,22153.300000000003,221.53300000000002,0.9204126429844226,14324.650000000001,143.24650000000003,0.9485376429844226
cost-p2048-q64-s14,2048,64,2048,14,1000,17397,406,16991,0.9766626429844226,278352.0,278.352,0.0,44769.4,44.769400000000005,0.8391626429844227,22153.300000000003,22.1533,0.9204126429844226,14324.650000000001,14.324650000000002,0.9485376429844226
cost-p2048-q64-s15,2048,64,2048,15,1,9013,406,8607,0.9549539553977588,144208.0,144208.0,0.0,26324.600000000002,26324.600000000002,0.8174539553977588,14607.7,14607.7,0.8987039553977588,10551.85,10551.85,0.9268289553977588
cost-p2048-q64-s15,2048,64,2048,15,10,9013,406,8607,0.9549539553977588,144208.0,14420.8,0.0,26324.600000000002,2632.46,0.8174539553977588,14607.7,1460.77,0.8987039553977588,10551.85,1055.185,0.9268289553977588
cost-p2048-q64-s15,2048,64,2048,15,100,9013,406,8607,0.9549539553977588,144208.0,1442.08,0.0,26324.600000000002,263.24600000000004,0.8174539553977588,14607.7,146.077,0.8987039553977588,10551.85,105.5185,0.9268289553977588
cost-p2048-q64-s15,2048,64,2048,15,1000,9013,406,8607,0.9549539553977588,144208.0,144.208,0.0,26324.600000000002,26.324600000000004,0.8174539553977588,14607.7,14.607700000000001,0.8987039553977588,10551.85,10.55185,0.9268289553977588
cost-p2048-q64-s16,2048,64,2048,16,1,11109,406,10703,0.9634530560806553,177744.0,177744.0,0.0,30935.800000000003,30935.800000000003,0.8259530560806554,16494.1,16494.1,0.9072030560806553,11495.05,11495.05,0.9353280560806554
cost-p2048-q64-s16,2048,64,2048,16,10,11109,406,10703,0.9634530560806553,177744.0,17774.4,0.0,30935.800000000003,3093.5800000000004,0.8259530560806554,16494.1,1649.4099999999999,0.9072030560806553,11495.05,1149.5049999999999,0.9353280560806554
cost-p2048-q64-s16,2048,64,2048,16,100,11109,406,10703,0.9634530560806553,177744.0,1777.44,0.0,30935.800000000003,309.358,0.8259530560806554,16494.1,164.94099999999997,0.9072030560806553,11495.05,114.95049999999999,0.9353280560806554
cost-p2048-q64-s16,2048,64,2048,16,1000,11109,406,10703,0.9634530560806553,177744.0,177.744,0.0,30935.800000000003,30.935800000000004,0.8259530560806554,16494.1,16.4941,0.9072030560806553,11495.05,11.495049999999999,0.9353280560806554
cost-p2048-q64-s17,2048,64,2048,17,1,13205,406,12799,0.9692540704278683,211280.0,211280.0,0.0,35547.0,35547.0,0.8317540704278682,18380.5,18380.5,0.9130040704278682,12438.25,12438.25,0.9411290704278682
cost-p2048-q64-s17,2048,64,2048,17,10,13205,406,12799,0.9692540704278683,211280.0,21128.0,0.0,35547.0,3554.7,0.8317540704278682,18380.5,1838.05,0.9130040704278682,12438.25,1243.825,0.9411290704278682
cost-p2048-q64-s17,2048,64,2048,17,100,13205,406,12799,0.9692540704278683,211280.0,2112.8,0.0,35547.0,355.47,0.8317540704278682,18380.5,183.805,0.9130040704278682,12438.25,124.3825,0.9411290704278682
cost-p2048-q64-s17,2048,64,2048,17,1000,13205,406,12799,0.9692540704278683,211280.0,211.28,0.0,35547.0,35.547,0.8317540704278682,18380.5,18.3805,0.9130040704278682,12438.25,12.43825,0.9411290704278682
cost-p2048-q64-s18,2048,64,2048,18,1,15301,406,14895,0.9734657865498987,244816.0,244816.0,0.0,40158.200000000004,40158.200000000004,0.8359657865498986,20266.9,20266.9,0.9172157865498988,13381.45,13381.45,0.9453407865498986
cost-p2048-q64-s18,2048,64,2048,18,10,15301,406,14895,0.9734657865498987,244816.0,24481.6,0.0,40158.200000000004,4015.8200000000006,0.8359657865498986,20266.9,2026.69,0.9172157865498988,13381.45,1338.145,0.9453407865498986
cost-p2048-q64-s18,2048,64,2048,18,100,15301,406,14895,0.9734657865498987,244816.0,2448.16,0.0,40158.200000000004,401.58200000000005,0.8359657865498986,20266.9,202.669,0.9172157865498988,13381.45,133.8145,0.9453407865498986
cost-p2048-q64-s18,2048,64,2048,18,1000,15301,406,14895,0.9734657865498987,244816.0,244.816,0.0,40158.200000000004,40.15820000000001,0.8359657865498986,20266.9,20.2669,0.9172157865498988,13381.45,13.381450000000001,0.9453407865498986
cost-p2048-q64-s19,2048,64,2048,19,1,17397,406,16991,0.9766626429844226,278352.0,278352.0,0.0,44769.4,44769.4,0.8391626429844227,22153.300000000003,22153.300000000003,0.9204126429844226,14324.650000000001,14324.650000000001,0.9485376429844226
cost-p2048-q64-s19,2048,64,2048,19,10,17397,406,16991,0.9766626429844226,278352.0,27835.2,0.0,44769.4,4476.9400000000005,0.8391626429844227,22153.300000000003,2215.3300000000004,0.9204126429844226,14324.650000000001,1432.4650000000001,0.9485376429844226
cost-p2048-q64-s19,2048,64,2048,19,100,17397,406,16991,0.9766626429844226,278352.0,2783.52,0.0,44769.4,447.694,0.8391626429844227,22153.300000000003,221.53300000000002,0.9204126429844226,14324.650000000001,143.24650000000003,0.9485376429844226
cost-p2048-q64-s19,2048,64,2048,19,1000,17397,406,16991,0.9766626429844226,278352.0,278.352,0.0,44769.4,44.769400000000005,0.8391626429844227,22153.300000000003,22.1533,0.9204126429844226,14324.650000000001,14.324650000000002,0.9485376429844226
cost-p2048-q64-s20,2048,64,2048,20,1,9013,406,8607,0.9549539553977588,144208.0,144208.0,0.0,26324.600000000002,26324.600000000002,0.8174539553977588,14607.7,14607.7,0.8987039553977588,10551.85,10551.85,0.9268289553977588
cost-p2048-q64-s20,2048,64,2048,20,10,9013,406,8607,0.9549539553977588,144208.0,14420.8,0.0,26324.600000000002,2632.46,0.8174539553977588,14607.7,1460.77,0.8987039553977588,10551.85,1055.185,0.9268289553977588
cost-p2048-q64-s20,2048,64,2048,20,100,9013,406,8607,0.9549539553977588,144208.0,1442.08,0.0,26324.600000000002,263.24600000000004,0.8174539553977588,14607.7,146.077,0.8987039553977588,10551.85,105.5185,0.9268289553977588
cost-p2048-q64-s20,2048,64,2048,20,1000,9013,406,8607,0.9549539553977588,144208.0,144.208,0.0,26324.600000000002,26.324600000000004,0.8174539553977588,14607.7,14.607700000000001,0.8987039553977588,10551.85,10.55185,0.9268289553977588
cost-p2048-q64-s21,2048,64,2048,21,1,11109,406,10703,0.9634530560806553,177744.0,177744.0,0.0,30935.800000000003,30935.800000000003,0.8259530560806554,16494.1,16494.1,0.9072030560806553,11495.05,11495.05,0.9353280560806554
cost-p2048-q64-s21,2048,64,2048,21,10,11109,406,10703,0.9634530560806553,177744.0,17774.4,0.0,30935.800000000003,3093.5800000000004,0.8259530560806554,16494.1,1649.4099999999999,0.9072030560806553,11495.05,1149.5049999999999,0.9353280560806554
cost-p2048-q64-s21,2048,64,2048,21,100,11109,406,10703,0.9634530560806553,177744.0,1777.44,0.0,30935.800000000003,309.358,0.8259530560806554,16494.1,164.94099999999997,0.9072030560806553,11495.05,114.95049999999999,0.9353280560806554
cost-p2048-q64-s21,2048,64,2048,21,1000,11109,406,10703,0.9634530560806553,177744.0,177.744,0.0,30935.800000000003,30.935800000000004,0.8259530560806554,16494.1,16.4941,0.9072030560806553,11495.05,11.495049999999999,0.9353280560806554
cost-p2048-q64-s22,2048,64,2048,22,1,13205,406,12799,0.9692540704278683,211280.0,211280.0,0.0,35547.0,35547.0,0.8317540704278682,18380.5,18380.5,0.9130040704278682,12438.25,12438.25,0.9411290704278682
cost-p2048-q64-s22,2048,64,2048,22,10,13205,406,12799,0.9692540704278683,211280.0,21128.0,0.0,35547.0,3554.7,0.8317540704278682,18380.5,1838.05,0.9130040704278682,12438.25,1243.825,0.9411290704278682
cost-p2048-q64-s22,2048,64,2048,22,100,13205,406,12799,0.9692540704278683,211280.0,2112.8,0.0,35547.0,355.47,0.8317540704278682,18380.5,183.805,0.9130040704278682,12438.25,124.3825,0.9411290704278682
cost-p2048-q64-s22,2048,64,2048,22,1000,13205,406,12799,0.9692540704278683,211280.0,211.28,0.0,35547.0,35.547,0.8317540704278682,18380.5,18.3805,0.9130040704278682,12438.25,12.43825,0.9411290704278682
cost-p2048-q64-s23,2048,64,2048,23,1,15301,406,14895,0.9734657865498987,244816.0,244816.0,0.0,40158.200000000004,40158.200000000004,0.8359657865498986,20266.9,20266.9,0.9172157865498988,13381.45,13381.45,0.9453407865498986
cost-p2048-q64-s23,2048,64,2048,23,10,15301,406,14895,0.9734657865498987,244816.0,24481.6,0.0,40158.200000000004,4015.8200000000006,0.8359657865498986,20266.9,2026.69,0.9172157865498988,13381.45,1338.145,0.9453407865498986
cost-p2048-q64-s23,2048,64,2048,23,100,15301,406,14895,0.9734657865498987,244816.0,2448.16,0.0,40158.200000000004,401.58200000000005,0.8359657865498986,20266.9,202.669,0.9172157865498988,13381.45,133.8145,0.9453407865498986
cost-p2048-q64-s23,2048,64,2048,23,1000,15301,406,14895,0.9734657865498987,244816.0,244.816,0.0,40158.200000000004,40.15820000000001,0.8359657865498986,20266.9,20.2669,0.9172157865498988,13381.45,13.381450000000001,0.9453407865498986
cost-p2048-q64-s24,2048,64,2048,24,1,17397,406,16991,0.9766626429844226,278352.0,278352.0,0.0,44769.4,44769.4,0.8391626429844227,22153.300000000003,22153.300000000003,0.9204126429844226,14324.650000000001,14324.650000000001,0.9485376429844226
cost-p2048-q64-s24,2048,64,2048,24,10,17397,406,16991,0.9766626429844226,278352.0,27835.2,0.0,44769.4,4476.9400000000005,0.8391626429844227,22153.300000000003,2215.3300000000004,0.9204126429844226,14324.650000000001,1432.4650000000001,0.9485376429844226
cost-p2048-q64-s24,2048,64,2048,24,100,17397,406,16991,0.9766626429844226,278352.0,2783.52,0.0,44769.4,447.694,0.8391626429844227,22153.300000000003,221.53300000000002,0.9204126429844226,14324.650000000001,143.24650000000003,0.9485376429844226
cost-p2048-q64-s24,2048,64,2048,24,1000,17397,406,16991,0.9766626429844226,278352.0,278.352,0.0,44769.4,44.769400000000005,0.8391626429844227,22153.300000000003,22.1533,0.9204126429844226,14324.650000000001,14.324650000000002,0.9485376429844226
cost-p2048-q64-s25,2048,64,2048,25,1,9013,406,8607,0.9549539553977588,144208.0,144208.0,0.0,26324.600000000002,26324.600000000002,0.8174539553977588,14607.7,14607.7,0.8987039553977588,10551.85,10551.85,0.9268289553977588
cost-p2048-q64-s25,2048,64,2048,25,10,9013,406,8607,0.9549539553977588,144208.0,14420.8,0.0,26324.600000000002,2632.46,0.8174539553977588,14607.7,1460.77,0.8987039553977588,10551.85,1055.185,0.9268289553977588
cost-p2048-q64-s25,2048,64,2048,25,100,9013,406,8607,0.9549539553977588,144208.0,1442.08,0.0,26324.600000000002,263.24600000000004,0.8174539553977588,14607.7,146.077,0.8987039553977588,10551.85,105.5185,0.9268289553977588
cost-p2048-q64-s25,2048,64,2048,25,1000,9013,406,8607,0.9549539553977588,144208.0,144.208,0.0,26324.600000000002,26.324600000000004,0.8174539553977588,14607.7,14.607700000000001,0.8987039553977588,10551.85,10.55185,0.9268289553977588
cost-p2048-q64-s26,2048,64,2048,26,1,11109,406,10703,0.9634530560806553,177744.0,177744.0,0.0,30935.800000000003,30935.800000000003,0.8259530560806554,16494.1,16494.1,0.9072030560806553,11495.05,11495.05,0.9353280560806554
cost-p2048-q64-s26,2048,64,2048,26,10,11109,406,10703,0.9634530560806553,177744.0,17774.4,0.0,30935.800000000003,3093.5800000000004,0.8259530560806554,16494.1,1649.4099999999999,0.9072030560806553,11495.05,1149.5049999999999,0.9353280560806554
cost-p2048-q64-s26,2048,64,2048,26,100,11109,406,10703,0.9634530560806553,177744.0,1777.44,0.0,30935.800000000003,309.358,0.8259530560806554,16494.1,164.94099999999997,0.9072030560806553,11495.05,114.95049999999999,0.9353280560806554
cost-p2048-q64-s26,2048,64,2048,26,1000,11109,406,10703,0.9634530560806553,177744.0,177.744,0.0,30935.800000000003,30.935800000000004,0.8259530560806554,16494.1,16.4941,0.9072030560806553,11495.05,11.495049999999999,0.9353280560806554
cost-p2048-q64-s27,2048,64,2048,27,1,13205,406,12799,0.9692540704278683,211280.0,211280.0,0.0,35547.0,35547.0,0.8317540704278682,18380.5,18380.5,0.9130040704278682,12438.25,12438.25,0.9411290704278682
cost-p2048-q64-s27,2048,64,2048,27,10,13205,406,12799,0.9692540704278683,211280.0,21128.0,0.0,35547.0,3554.7,0.8317540704278682,18380.5,1838.05,0.9130040704278682,12438.25,1243.825,0.9411290704278682
cost-p2048-q64-s27,2048,64,2048,27,100,13205,406,12799,0.9692540704278683,211280.0,2112.8,0.0,35547.0,355.47,0.8317540704278682,18380.5,183.805,0.9130040704278682,12438.25,124.3825,0.9411290704278682
cost-p2048-q64-s27,2048,64,2048,27,1000,13205,406,12799,0.9692540704278683,211280.0,211.28,0.0,35547.0,35.547,0.8317540704278682,18380.5,18.3805,0.9130040704278682,12438.25,12.43825,0.9411290704278682
cost-p2048-q64-s28,2048,64,2048,28,1,15301,406,14895,0.9734657865498987,244816.0,244816.0,0.0,40158.200000000004,40158.200000000004,0.8359657865498986,20266.9,20266.9,0.9172157865498988,13381.45,13381.45,0.9453407865498986
cost-p2048-q64-s28,2048,64,2048,28,10,15301,406,14895,0.9734657865498987,244816.0,24481.6,0.0,40158.200000000004,4015.8200000000006,0.8359657865498986,20266.9,2026.69,0.9172157865498988,13381.45,1338.145,0.9453407865498986
cost-p2048-q64-s28,2048,64,2048,28,100,15301,406,14895,0.9734657865498987,244816.0,2448.16,0.0,40158.200000000004,401.58200000000005,0.8359657865498986,20266.9,202.669,0.9172157865498988,13381.45,133.8145,0.9453407865498986
cost-p2048-q64-s28,2048,64,2048,28,1000,15301,406,14895,0.9734657865498987,244816.0,244.816,0.0,40158.200000000004,40.15820000000001,0.8359657865498986,20266.9,20.2669,0.9172157865498988,13381.45,13.381450000000001,0.9453407865498986
cost-p2048-q64-s29,2048,64,2048,29,1,17397,406,16991,0.9766626429844226,278352.0,278352.0,0.0,44769.4,44769.4,0.8391626429844227,22153.300000000003,22153.300000000003,0.9204126429844226,14324.650000000001,14324.650000000001,0.9485376429844226
cost-p2048-q64-s29,2048,64,2048,29,10,17397,406,16991,0.9766626429844226,278352.0,27835.2,0.0,44769.4,4476.9400000000005,0.8391626429844227,22153.300000000003,2215.3300000000004,0.9204126429844226,14324.650000000001,1432.4650000000001,0.9485376429844226
cost-p2048-q64-s29,2048,64,2048,29,100,17397,406,16991,0.9766626429844226,278352.0,2783.52,0.0,44769.4,447.694,0.8391626429844227,22153.300000000003,221.53300000000002,0.9204126429844226,14324.650000000001,143.24650000000003,0.9485376429844226
cost-p2048-q64-s29,2048,64,2048,29,1000,17397,406,16991,0.9766626429844226,278352.0,278.352,0.0,44769.4,44.769400000000005,0.8391626429844227,22153.300000000003,22.1533,0.9204126429844226,14324.650000000001,14.324650000000002,0.9485376429844226
cost-p2048-q64-s30,2048,64,2048,30,1,9013,406,8607,0.9549539553977588,144208.0,144208.0,0.0,26324.600000000002,26324.600000000002,0.8174539553977588,14607.7,14607.7,0.8987039553977588,10551.85,10551.85,0.9268289553977588
cost-p2048-q64-s30,2048,64,2048,30,10,9013,406,8607,0.9549539553977588,144208.0,14420.8,0.0,26324.600000000002,2632.46,0.8174539553977588,14607.7,1460.77,0.8987039553977588,10551.85,1055.185,0.9268289553977588
cost-p2048-q64-s30,2048,64,2048,30,100,9013,406,8607,0.9549539553977588,144208.0,1442.08,0.0,26324.600000000002,263.24600000000004,0.8174539553977588,14607.7,146.077,0.8987039553977588,10551.85,105.5185,0.9268289553977588
cost-p2048-q64-s30,2048,64,2048,30,1000,9013,406,8607,0.9549539553977588,144208.0,144.208,0.0,26324.600000000002,26.324600000000004,0.8174539553977588,14607.7,14.607700000000001,0.8987039553977588,10551.85,10.55185,0.9268289553977588
cost-p2048-q64-s31,2048,64,2048,31,1,11109,406,10703,0.9634530560806553,177744.0,177744.0,0.0,30935.800000000003,30935.800000000003,0.8259530560806554,16494.1,16494.1,0.9072030560806553,11495.05,11495.05,0.9353280560806554
cost-p2048-q64-s31,2048,64,2048,31,10,11109,406,10703,0.9634530560806553,177744.0,17774.4,0.0,30935.800000000003,3093.5800000000004,0.8259530560806554,16494.1,1649.4099999999999,0.9072030560806553,11495.05,1149.5049999999999,0.9353280560806554
cost-p2048-q64-s31,2048,64,2048,31,100,11109,406,10703,0.9634530560806553,177744.0,1777.44,0.0,30935.800000000003,309.358,0.8259530560806554,16494.1,164.94099999999997,0.9072030560806553,11495.05,114.95049999999999,0.9353280560806554
cost-p2048-q64-s31,2048,64,2048,31,1000,11109,406,10703,0.9634530560806553,177744.0,177.744,0.0,30935.800000000003,30.935800000000004,0.8259530560806554,16494.1,16.4941,0.9072030560806553,11495.05,11.495049999999999,0.9353280560806554
cost-p2048-q64-s32,2048,64,2048,32,1,13205,406,12799,0.9692540704278683,211280.0,211280.0,0.0,35547.0,35547.0,0.8317540704278682,18380.5,18380.5,0.9130040704278682,12438.25,12438.25,0.9411290704278682
cost-p2048-q64-s32,2048,64,2048,32,10,13205,406,12799,0.9692540704278683,211280.0,21128.0,0.0,35547.0,3554.7,0.8317540704278682,18380.5,1838.05,0.9130040704278682,12438.25,1243.825,0.9411290704278682
cost-p2048-q64-s32,2048,64,2048,32,100,13205,406,12799,0.9692540704278683,211280.0,2112.8,0.0,35547.0,355.47,0.8317540704278682,18380.5,183.805,0.9130040704278682,12438.25,124.3825,0.9411290704278682
cost-p2048-q64-s32,2048,64,2048,32,1000,13205,406,12799,0.9692540704278683,211280.0,211.28,0.0,35547.0,35.547,0.8317540704278682,18380.5,18.3805,0.9130040704278682,12438.25,12.43825,0.9411290704278682
cost-p2048-q64-s33,2048,64,2048,33,1,15301,406,14895,0.9734657865498987,244816.0,244816.0,0.0,40158.200000000004,40158.200000000004,0.8359657865498986,20266.9,20266.9,0.9172157865498988,13381.45,13381.45,0.9453407865498986
cost-p2048-q64-s33,2048,64,2048,33,10,15301,406,14895,0.9734657865498987,244816.0,24481.6,0.0,40158.200000000004,4015.8200000000006,0.8359657865498986,20266.9,2026.69,0.9172157865498988,13381.45,1338.145,0.9453407865498986
cost-p2048-q64-s33,2048,64,2048,33,100,15301,406,14895,0.9734657865498987,244816.0,2448.16,0.0,40158.200000000004,401.58200000000005,0.8359657865498986,20266.9,202.669,0.9172157865498988,13381.45,133.8145,0.9453407865498986
cost-p2048-q64-s33,2048,64,2048,33,1000,15301,406,14895,0.9734657865498987,244816.0,244.816,0.0,40158.200000000004,40.15820000000001,0.8359657865498986,20266.9,20.2669,0.9172157865498988,13381.45,13.381450000000001,0.9453407865498986
cost-p2048-q64-s34,2048,64,2048,34,1,17397,406,16991,0.9766626429844226,278352.0,278352.0,0.0,44769.4,44769.4,0.8391626429844227,22153.300000000003,22153.300000000003,0.9204126429844226,14324.650000000001,14324.650000000001,0.9485376429844226
cost-p2048-q64-s34,2048,64,2048,34,10,17397,406,16991,0.9766626429844226,278352.0,27835.2,0.0,44769.4,4476.9400000000005,0.8391626429844227,22153.300000000003,2215.3300000000004,0.9204126429844226,14324.650000000001,1432.4650000000001,0.9485376429844226
cost-p2048-q64-s34,2048,64,2048,34,100,17397,406,16991,0.9766626429844226,278352.0,2783.52,0.0,44769.4,447.694,0.8391626429844227,22153.300000000003,221.53300000000002,0.9204126429844226,14324.650000000001,143.24650000000003,0.9485376429844226
cost-p2048-q64-s34,2048,64,2048,34,1000,17397,406,16991,0.9766626429844226,278352.0,278.352,0.0,44769.4,44.769400000000005,0.8391626429844227,22153.300000000003,22.1533,0.9204126429844226,14324.650000000001,14.324650000000002,0.9485376429844226
cost-p2048-q64-s35,2048,64,2048,35,1,9013,406,8607,0.9549539553977588,144208.0,144208.0,0.0,26324.600000000002,26324.600000000002,0.8174539553977588,14607.7,14607.7,0.8987039553977588,10551.85,10551.85,0.9268289553977588
cost-p2048-q64-s35,2048,64,2048,35,10,9013,406,8607,0.9549539553977588,144208.0,14420.8,0.0,26324.600000000002,2632.46,0.8174539553977588,14607.7,1460.77,0.8987039553977588,10551.85,1055.185,0.9268289553977588
cost-p2048-q64-s35,2048,64,2048,35,100,9013,406,8607,0.9549539553977588,144208.0,1442.08,0.0,26324.600000000002,263.24600000000004,0.8174539553977588,14607.7,146.077,0.8987039553977588,10551.85,105.5185,0.9268289553977588
cost-p2048-q64-s35,2048,64,2048,35,1000,9013,406,8607,0.9549539553977588,144208.0,144.208,0.0,26324.600000000002,26.324600000000004,0.8174539553977588,14607.7,14.607700000000001,0.8987039553977588,10551.85,10.55185,0.9268289553977588
cost-p2048-q64-s36,2048,64,2048,36,1,11109,406,10703,0.9634530560806553,177744.0,177744.0,0.0,30935.800000000003,30935.800000000003,0.8259530560806554,16494.1,16494.1,0.9072030560806553,11495.05,11495.05,0.9353280560806554
cost-p2048-q64-s36,2048,64,2048,36,10,11109,406,10703,0.9634530560806553,177744.0,17774.4,0.0,30935.800000000003,3093.5800000000004,0.8259530560806554,16494.1,1649.4099999999999,0.9072030560806553,11495.05,1149.5049999999999,0.9353280560806554
cost-p2048-q64-s36,2048,64,2048,36,100,11109,406,10703,0.9634530560806553,177744.0,1777.44,0.0,30935.800000000003,309.358,0.8259530560806554,16494.1,164.94099999999997,0.9072030560806553,11495.05,114.95049999999999,0.9353280560806554
cost-p2048-q64-s36,2048,64,2048,36,1000,11109,406,10703,0.9634530560806553,177744.0,177.744,0.0,30935.800000000003,30.935800000000004,0.8259530560806554,16494.1,16.4941,0.9072030560806553,11495.05,11.495049999999999,0.9353280560806554
cost-p2048-q64-s37,2048,64,2048,37,1,13205,406,12799,0.9692540704278683,211280.0,211280.0,0.0,35547.0,35547.0,0.8317540704278682,18380.5,18380.5,0.9130040704278682,12438.25,12438.25,0.9411290704278682
cost-p2048-q64-s37,2048,64,2048,37,10,13205,406,12799,0.9692540704278683,211280.0,21128.0,0.0,35547.0,3554.7,0.8317540704278682,18380.5,1838.05,0.9130040704278682,12438.25,1243.825,0.9411290704278682
cost-p2048-q64-s37,2048,64,2048,37,100,13205,406,12799,0.9692540704278683,211280.0,2112.8,0.0,35547.0,355.47,0.8317540704278682,18380.5,183.805,0.9130040704278682,12438.25,124.3825,0.9411290704278682
cost-p2048-q64-s37,2048,64,2048,37,1000,13205,406,12799,0.9692540704278683,211280.0,211.28,0.0,35547.0,35.547,0.8317540704278682,18380.5,18.3805,0.9130040704278682,12438.25,12.43825,0.9411290704278682
cost-p2048-q64-s38,2048,64,2048,38,1,15301,406,14895,0.9734657865498987,244816.0,244816.0,0.0,40158.200000000004,40158.200000000004,0.8359657865498986,20266.9,20266.9,0.9172157865498988,13381.45,13381.45,0.9453407865498986
cost-p2048-q64-s38,2048,64,2048,38,10,15301,406,14895,0.9734657865498987,244816.0,24481.6,0.0,40158.200000000004,4015.8200000000006,0.8359657865498986,20266.9,2026.69,0.9172157865498988,13381.45,1338.145,0.9453407865498986
cost-p2048-q64-s38,2048,64,2048,38,100,15301,406,14895,0.9734657865498987,244816.0,2448.16,0.0,40158.200000000004,401.58200000000005,0.8359657865498986,20266.9,202.669,0.9172157865498988,13381.45,133.8145,0.9453407865498986
cost-p2048-q64-s38,2048,64,2048,38,1000,15301,406,14895,0.9734657865498987,244816.0,244.816,0.0,40158.200000000004,40.15820000000001,0.8359657865498986,20266.9,20.2669,0.9172157865498988,13381.45,13.381450000000001,0.9453407865498986
cost-p2048-q64-s39,2048,64,2048,39,1,17397,406,16991,0.9766626429844226,278352.0,278352.0,0.0,44769.4,44769.4,0.8391626429844227,22153.300000000003,22153.300000000003,0.9204126429844226,14324.650000000001,14324.650000000001,0.9485376429844226
cost-p2048-q64-s39,2048,64,2048,39,10,17397,406,16991,0.9766626429844226,278352.0,27835.2,0.0,44769.4,4476.9400000000005,0.8391626429844227,22153.300000000003,2215.3300000000004,0.9204126429844226,14324.650000000001,1432.4650000000001,0.9485376429844226
cost-p2048-q64-s39,2048,64,2048,39,100,17397,406,16991,0.9766626429844226,278352.0,2783.52,0.0,44769.4,447.694,0.8391626429844227,22153.300000000003,221.53300000000002,0.9204126429844226,14324.650000000001,143.24650000000003,0.9485376429844226
cost-p2048-q64-s39,2048,64,2048,39,1000,17397,406,16991,0.9766626429844226,278352.0,278.352,0.0,44769.4,44.769400000000005,0.8391626429844227,22153.300000000003,22.1533,0.9204126429844226,14324.650000000001,14.324650000000002,0.9485376429844226
cost-p2048-q64-s40,2048,64,2048,40,1,9013,406,8607,0.9549539553977588,144208.0,144208.0,0.0,26324.600000000002,26324.600000000002,0.8174539553977588,14607.7,14607.7,0.8987039553977588,10551.85,10551.85,0.9268289553977588
cost-p2048-q64-s40,2048,64,2048,40,10,9013,406,8607,0.9549539553977588,144208.0,14420.8,0.0,26324.600000000002,2632.46,0.8174539553977588,14607.7,1460.77,0.8987039553977588,10551.85,1055.185,0.9268289553977588
cost-p2048-q64-s40,2048,64,2048,40,100,9013,406,8607,0.9549539553977588,144208.0,1442.08,0.0,26324.600000000002,263.24600000000004,0.8174539553977588,14607.7,146.077,0.8987039553977588,10551.85,105.5185,0.9268289553977588
cost-p2048-q64-s40,2048,64,2048,40,1000,9013,406,8607,0.9549539553977588,144208.0,144.208,0.0,26324.600000000002,26.324600000000004,0.8174539553977588,14607.7,14.607700000000001,0.8987039553977588,10551.85,10.55185,0.9268289553977588
cost-p2048-q64-s41,2048,64,2048,41,1,11109,406,10703,0.9634530560806553,177744.0,177744.0,0.0,30935.800000000003,30935.800000000003,0.8259530560806554,16494.1,16494.1,0.9072030560806553,11495.05,11495.05,0.9353280560806554
cost-p2048-q64-s41,2048,64,2048,41,10,11109,406,10703,0.9634530560806553,177744.0,17774.4,0.0,30935.800000000003,3093.5800000000004,0.8259530560806554,16494.1,1649.4099999999999,0.9072030560806553,11495.05,1149.5049999999999,0.9353280560806554
cost-p2048-q64-s41,2048,64,2048,41,100,11109,406,10703,0.9634530560806553,177744.0,1777.44,0.0,30935.800000000003,309.358,0.8259530560806554,16494.1,164.94099999999997,0.9072030560806553,11495.05,114.95049999999999,0.9353280560806554
cost-p2048-q64-s41,2048,64,2048,41,1000,11109,406,10703,0.9634530560806553,177744.0,177.744,0.0,30935.800000000003,30.935800000000004,0.8259530560806554,16494.1,16.4941,0.9072030560806553,11495.05,11.495049999999999,0.9353280560806554
cost-p2048-q64-s42,2048,64,2048,42,1,13205,406,12799,0.9692540704278683,211280.0,211280.0,0.0,35547.0,35547.0,0.8317540704278682,18380.5,18380.5,0.9130040704278682,12438.25,12438.25,0.9411290704278682
cost-p2048-q64-s42,2048,64,2048,42,10,13205,406,12799,0.9692540704278683,211280.0,21128.0,0.0,35547.0,3554.7,0.8317540704278682,18380.5,1838.05,0.9130040704278682,12438.25,1243.825,0.9411290704278682
cost-p2048-q64-s42,2048,64,2048,42,100,13205,406,12799,0.9692540704278683,211280.0,2112.8,0.0,35547.0,355.47,0.8317540704278682,18380.5,183.805,0.9130040704278682,12438.25,124.3825,0.9411290704278682
cost-p2048-q64-s42,2048,64,2048,42,1000,13205,406,12799,0.9692540704278683,211280.0,211.28,0.0,35547.0,35.547,0.8317540704278682,18380.5,18.3805,0.9130040704278682,12438.25,12.43825,0.9411290704278682
cost-p2048-q64-s43,2048,64,2048,43,1,15301,406,14895,0.9734657865498987,244816.0,244816.0,0.0,40158.200000000004,40158.200000000004,0.8359657865498986,20266.9,20266.9,0.9172157865498988,13381.45,13381.45,0.9453407865498986
cost-p2048-q64-s43,2048,64,2048,43,10,15301,406,14895,0.9734657865498987,244816.0,24481.6,0.0,40158.200000000004,4015.8200000000006,0.8359657865498986,20266.9,2026.69,0.9172157865498988,13381.45,1338.145,0.9453407865498986
cost-p2048-q64-s43,2048,64,2048,43,100,15301,406,14895,0.9734657865498987,244816.0,2448.16,0.0,40158.200000000004,401.58200000000005,0.8359657865498986,20266.9,202.669,0.9172157865498988,13381.45,133.8145,0.9453407865498986
cost-p2048-q64-s43,2048,64,2048,43,1000,15301,406,14895,0.9734657865498987,244816.0,244.816,0.0,40158.200000000004,40.15820000000001,0.8359657865498986,20266.9,20.2669,0.9172157865498988,13381.45,13.381450000000001,0.9453407865498986
cost-p2048-q64-s44,2048,64,2048,44,1,17397,406,16991,0.9766626429844226,278352.0,278352.0,0.0,44769.4,44769.4,0.8391626429844227,22153.300000000003,22153.300000000003,0.9204126429844226,14324.650000000001,14324.650000000001,0.9485376429844226
cost-p2048-q64-s44,2048,64,2048,44,10,17397,406,16991,0.9766626429844226,278352.0,27835.2,0.0,44769.4,4476.9400000000005,0.8391626429844227,22153.300000000003,2215.3300000000004,0.9204126429844226,14324.650000000001,1432.4650000000001,0.9485376429844226
cost-p2048-q64-s44,2048,64,2048,44,100,17397,406,16991,0.9766626429844226,278352.0,2783.52,0.0,44769.4,447.694,0.8391626429844227,22153.300000000003,221.53300000000002,0.9204126429844226,14324.650000000001,143.24650000000003,0.9485376429844226
cost-p2048-q64-s44,2048,64,2048,44,1000,17397,406,16991,0.9766626429844226,278352.0,278.352,0.0,44769.4,44.769400000000005,0.8391626429844227,22153.300000000003,22.1533,0.9204126429844226,14324.650000000001,14.324650000000002,0.9485376429844226
cost-p2048-q64-s45,2048,64,2048,45,1,9013,406,8607,0.9549539553977588,144208.0,144208.0,0.0,26324.600000000002,26324.600000000002,0.8174539553977588,14607.7,14607.7,0.8987039553977588,10551.85,10551.85,0.9268289553977588
cost-p2048-q64-s45,2048,64,2048,45,10,9013,406,8607,0.9549539553977588,144208.0,14420.8,0.0,26324.600000000002,2632.46,0.8174539553977588,14607.7,1460.77,0.8987039553977588,10551.85,1055.185,0.9268289553977588
cost-p2048-q64-s45,2048,64,2048,45,100,9013,406,8607,0.9549539553977588,144208.0,1442.08,0.0,26324.600000000002,263.24600000000004,0.8174539553977588,14607.7,146.077,0.8987039553977588,10551.85,105.5185,0.9268289553977588
cost-p2048-q64-s45,2048,64,2048,45,1000,9013,406,8607,0.9549539553977588,144208.0,144.208,0.0,26324.600000000002,26.324600000000004,0.8174539553977588,14607.7,14.607700000000001,0.8987039553977588,10551.85,10.55185,0.9268289553977588
cost-p2048-q64-s46,2048,64,2048,46,1,11109,406,10703,0.9634530560806553,177744.0,177744.0,0.0,30935.800000000003,30935.800000000003,0.8259530560806554,16494.1,16494.1,0.9072030560806553,11495.05,11495.05,0.9353280560806554
cost-p2048-q64-s46,2048,64,2048,46,10,11109,406,10703,0.9634530560806553,177744.0,17774.4,0.0,30935.800000000003,3093.5800000000004,0.8259530560806554,16494.1,1649.4099999999999,0.9072030560806553,11495.05,1149.5049999999999,0.9353280560806554
cost-p2048-q64-s46,2048,64,2048,46,100,11109,406,10703,0.9634530560806553,177744.0,1777.44,0.0,30935.800000000003,309.358,0.8259530560806554,16494.1,164.94099999999997,0.9072030560806553,11495.05,114.95049999999999,0.9353280560806554
cost-p2048-q64-s46,2048,64,2048,46,1000,11109,406,10703,0.9634530560806553,177744.0,177.744,0.0,30935.800000000003,30.935800000000004,0.8259530560806554,16494.1,16.4941,0.9072030560806553,11495.05,11.495049999999999,0.9353280560806554
cost-p2048-q64-s47,2048,64,2048,47,1,13205,406,12799,0.9692540704278683,211280.0,211280.0,0.0,35547.0,35547.0,0.8317540704278682,18380.5,18380.5,0.9130040704278682,12438.25,12438.25,0.9411290704278682
cost-p2048-q64-s47,2048,64,2048,47,10,13205,406,12799,0.9692540704278683,211280.0,21128.0,0.0,35547.0,3554.7,0.8317540704278682,18380.5,1838.05,0.9130040704278682,12438.25,1243.825,0.9411290704278682
cost-p2048-q64-s47,2048,64,2048,47,100,13205,406,12799,0.9692540704278683,211280.0,2112.8,0.0,35547.0,355.47,0.8317540704278682,18380.5,183.805,0.9130040704278682,12438.25,124.3825,0.9411290704278682
cost-p2048-q64-s47,2048,64,2048,47,1000,13205,406,12799,0.9692540704278683,211280.0,211.28,0.0,35547.0,35.547,0.8317540704278682,18380.5,18.3805,0.9130040704278682,12438.25,12.43825,0.9411290704278682
cost-p2048-q64-s48,2048,64,2048,48,1,15301,406,14895,0.9734657865498987,244816.0,244816.0,0.0,40158.200000000004,40158.200000000004,0.8359657865498986,20266.9,20266.9,0.9172157865498988,13381.45,13381.45,0.9453407865498986
cost-p2048-q64-s48,2048,64,2048,48,10,15301,406,14895,0.9734657865498987,244816.0,24481.6,0.0,40158.200000000004,4015.8200000000006,0.8359657865498986,20266.9,2026.69,0.9172157865498988,13381.45,1338.145,0.9453407865498986
cost-p2048-q64-s48,2048,64,2048,48,100,15301,406,14895,0.9734657865498987,244816.0,2448.16,0.0,40158.200000000004,401.58200000000005,0.8359657865498986,20266.9,202.669,0.9172157865498988,13381.45,133.8145,0.9453407865498986
cost-p2048-q64-s48,2048,64,2048,48,1000,15301,406,14895,0.9734657865498987,244816.0,244.816,0.0,40158.200000000004,40.15820000000001,0.8359657865498986,20266.9,20.2669,0.9172157865498988,13381.45,13.381450000000001,0.9453407865498986
cost-p2048-q64-s49,2048,64,2048,49,1,17397,406,16991,0.9766626429844226,278352.0,278352.0,0.0,44769.4,44769.4,0.8391626429844227,22153.300000000003,22153.300000000003,0.9204126429844226,14324.650000000001,14324.650000000001,0.9485376429844226
cost-p2048-q64-s49,2048,64,2048,49,10,17397,406,16991,0.9766626429844226,278352.0,27835.2,0.0,44769.4,4476.9400000000005,0.8391626429844227,22153.300000000003,2215.3300000000004,0.9204126429844226,14324.650000000001,1432.4650000000001,0.9485376429844226
cost-p2048-q64-s49,2048,64,2048,49,100,17397,406,16991,0.9766626429844226,278352.0,2783.52,0.0,44769.4,447.694,0.8391626429844227,22153.300000000003,221.53300000000002,0.9204126429844226,14324.650000000001,143.24650000000003,0.9485376429844226
cost-p2048-q64-s49,2048,64,2048,49,1000,17397,406,16991,0.9766626429844226,278352.0,278.352,0.0,44769.4,44.769400000000005,0.8391626429844227,22153.300000000003,22.1533,0.9204126429844226,14324.650000000001,14.324650000000002,0.9485376429844226
cost-p2048-q64-s50,2048,64,2048,50,1,9013,406,8607,0.9549539553977588,144208.0,144208.0,0.0,26324.600000000002,26324.600000000002,0.8174539553977588,14607.7,14607.7,0.8987039553977588,10551.85,10551.85,0.9268289553977588
cost-p2048-q64-s50,2048,64,2048,50,10,9013,406,8607,0.9549539553977588,144208.0,14420.8,0.0,26324.600000000002,2632.46,0.8174539553977588,14607.7,1460.77,0.8987039553977588,10551.85,1055.185,0.9268289553977588
cost-p2048-q64-s50,2048,64,2048,50,100,9013,406,8607,0.9549539553977588,144208.0,1442.08,0.0,26324.600000000002,263.24600000000004,0.8174539553977588,14607.7,146.077,0.8987039553977588,10551.85,105.5185,0.9268289553977588
cost-p2048-q64-s50,2048,64,2048,50,1000,9013,406,8607,0.9549539553977588,144208.0,144.208,0.0,26324.600000000002,26.324600000000004,0.8174539553977588,14607.7,14.607700000000001,0.8987039553977588,10551.85,10.55185,0.9268289553977588
cost-p2048-q64-s51,2048,64,2048,51,1,11109,406,10703,0.9634530560806553,177744.0,177744.0,0.0,30935.800000000003,30935.800000000003,0.8259530560806554,16494.1,16494.1,0.9072030560806553,11495.05,11495.05,0.9353280560806554
cost-p2048-q64-s51,2048,64,2048,51,10,11109,406,10703,0.9634530560806553,177744.0,17774.4,0.0,30935.800000000003,3093.5800000000004,0.8259530560806554,16494.1,1649.4099999999999,0.9072030560806553,11495.05,1149.5049999999999,0.9353280560806554
cost-p2048-q64-s51,2048,64,2048,51,100,11109,406,10703,0.9634530560806553,177744.0,1777.44,0.0,30935.800000000003,309.358,0.8259530560806554,16494.1,164.94099999999997,0.9072030560806553,11495.05,114.95049999999999,0.9353280560806554
cost-p2048-q64-s51,2048,64,2048,51,1000,11109,406,10703,0.9634530560806553,177744.0,177.744,0.0,30935.800000000003,30.935800000000004,0.8259530560806554,16494.1,16.4941,0.9072030560806553,11495.05,11.495049999999999,0.9353280560806554
cost-p2048-q64-s52,2048,64,2048,52,1,13205,406,12799,0.9692540704278683,211280.0,211280.0,0.0,35547.0,35547.0,0.8317540704278682,18380.5,18380.5,0.9130040704278682,12438.25,12438.25,0.9411290704278682
cost-p2048-q64-s52,2048,64,2048,52,10,13205,406,12799,0.9692540704278683,211280.0,21128.0,0.0,35547.0,3554.7,0.8317540704278682,18380.5,1838.05,0.9130040704278682,12438.25,1243.825,0.9411290704278682
cost-p2048-q64-s52,2048,64,2048,52,100,13205,406,12799,0.9692540704278683,211280.0,2112.8,0.0,35547.0,355.47,0.8317540704278682,18380.5,183.805,0.9130040704278682,12438.25,124.3825,0.9411290704278682
cost-p2048-q64-s52,2048,64,2048,52,1000,13205,406,12799,0.9692540704278683,211280.0,211.28,0.0,35547.0,35.547,0.8317540704278682,18380.5,18.3805,0.9130040704278682,12438.25,12.43825,0.9411290704278682
cost-p2048-q64-s53,2048,64,2048,53,1,15301,406,14895,0.9734657865498987,244816.0,244816.0,0.0,40158.200000000004,40158.200000000004,0.8359657865498986,20266.9,20266.9,0.9172157865498988,13381.45,13381.45,0.9453407865498986
cost-p2048-q64-s53,2048,64,2048,53,10,15301,406,14895,0.9734657865498987,244816.0,24481.6,0.0,40158.200000000004,4015.8200000000006,0.8359657865498986,20266.9,2026.69,0.9172157865498988,13381.45,1338.145,0.9453407865498986
cost-p2048-q64-s53,2048,64,2048,53,100,15301,406,14895,0.9734657865498987,244816.0,2448.16,0.0,40158.200000000004,401.58200000000005,0.8359657865498986,20266.9,202.669,0.9172157865498988,13381.45,133.8145,0.9453407865498986
cost-p2048-q64-s53,2048,64,2048,53,1000,15301,406,14895,0.9734657865498987,244816.0,244.816,0.0,40158.200000000004,40.15820000000001,0.8359657865498986,20266.9,20.2669,0.9172157865498988,13381.45,13.381450000000001,0.9453407865498986
cost-p2048-q64-s54,2048,64,2048,54,1,17397,406,16991,0.9766626429844226,278352.0,278352.0,0.0,44769.4,44769.4,0.8391626429844227,22153.300000000003,22153.300000000003,0.9204126429844226,14324.650000000001,14324.650000000001,0.9485376429844226
cost-p2048-q64-s54,2048,64,2048,54,10,17397,406,16991,0.9766626429844226,278352.0,27835.2,0.0,44769.4,4476.9400000000005,0.8391626429844227,22153.300000000003,2215.3300000000004,0.9204126429844226,14324.650000000001,1432.4650000000001,0.9485376429844226
cost-p2048-q64-s54,2048,64,2048,54,100,17397,406,16991,0.9766626429844226,278352.0,2783.52,0.0,44769.4,447.694,0.8391626429844227,22153.300000000003,221.53300000000002,0.9204126429844226,14324.650000000001,143.24650000000003,0.9485376429844226
cost-p2048-q64-s54,2048,64,2048,54,1000,17397,406,16991,0.9766626429844226,278352.0,278.352,0.0,44769.4,44.769400000000005,0.8391626429844227,22153.300000000003,22.1533,0.9204126429844226,14324.650000000001,14.324650000000002,0.9485376429844226
cost-p2048-q64-s55,2048,64,2048,55,1,9013,406,8607,0.9549539553977588,144208.0,144208.0,0.0,26324.600000000002,26324.600000000002,0.8174539553977588,14607.7,14607.7,0.8987039553977588,10551.85,10551.85,0.9268289553977588
cost-p2048-q64-s55,2048,64,2048,55,10,9013,406,8607,0.9549539553977588,144208.0,14420.8,0.0,26324.600000000002,2632.46,0.8174539553977588,14607.7,1460.77,0.8987039553977588,10551.85,1055.185,0.9268289553977588
cost-p2048-q64-s55,2048,64,2048,55,100,9013,406,8607,0.9549539553977588,144208.0,1442.08,0.0,26324.600000000002,263.24600000000004,0.8174539553977588,14607.7,146.077,0.8987039553977588,10551.85,105.5185,0.9268289553977588
cost-p2048-q64-s55,2048,64,2048,55,1000,9013,406,8607,0.9549539553977588,144208.0,144.208,0.0,26324.600000000002,26.324600000000004,0.8174539553977588,14607.7,14.607700000000001,0.8987039553977588,10551.85,10.55185,0.9268289553977588
cost-p2048-q64-s56,2048,64,2048,56,1,11109,406,10703,0.9634530560806553,177744.0,177744.0,0.0,30935.800000000003,30935.800000000003,0.8259530560806554,16494.1,16494.1,0.9072030560806553,11495.05,11495.05,0.9353280560806554
cost-p2048-q64-s56,2048,64,2048,56,10,11109,406,10703,0.9634530560806553,177744.0,17774.4,0.0,30935.800000000003,3093.5800000000004,0.8259530560806554,16494.1,1649.4099999999999,0.9072030560806553,11495.05,1149.5049999999999,0.9353280560806554
cost-p2048-q64-s56,2048,64,2048,56,100,11109,406,10703,0.9634530560806553,177744.0,1777.44,0.0,30935.800000000003,309.358,0.8259530560806554,16494.1,164.94099999999997,0.9072030560806553,11495.05,114.95049999999999,0.9353280560806554
cost-p2048-q64-s56,2048,64,2048,56,1000,11109,406,10703,0.9634530560806553,177744.0,177.744,0.0,30935.800000000003,30.935800000000004,0.8259530560806554,16494.1,16.4941,0.9072030560806553,11495.05,11.495049999999999,0.9353280560806554
cost-p2048-q64-s57,2048,64,2048,57,1,13205,406,12799,0.9692540704278683,211280.0,211280.0,0.0,35547.0,35547.0,0.8317540704278682,18380.5,18380.5,0.9130040704278682,12438.25,12438.25,0.9411290704278682
cost-p2048-q64-s57,2048,64,2048,57,10,13205,406,12799,0.9692540704278683,211280.0,21128.0,0.0,35547.0,3554.7,0.8317540704278682,18380.5,1838.05,0.9130040704278682,12438.25,1243.825,0.9411290704278682
cost-p2048-q64-s57,2048,64,2048,57,100,13205,406,12799,0.9692540704278683,211280.0,2112.8,0.0,35547.0,355.47,0.8317540704278682,18380.5,183.805,0.9130040704278682,12438.25,124.3825,0.9411290704278682
cost-p2048-q64-s57,2048,64,2048,57,1000,13205,406,12799,0.9692540704278683,211280.0,211.28,0.0,35547.0,35.547,0.8317540704278682,18380.5,18.3805,0.9130040704278682,12438.25,12.43825,0.9411290704278682
cost-p2048-q64-s58,2048,64,2048,58,1,15301,406,14895,0.9734657865498987,244816.0,244816.0,0.0,40158.200000000004,40158.200000000004,0.8359657865498986,20266.9,20266.9,0.9172157865498988,13381.45,13381.45,0.9453407865498986
cost-p2048-q64-s58,2048,64,2048,58,10,15301,406,14895,0.9734657865498987,244816.0,24481.6,0.0,40158.200000000004,4015.8200000000006,0.8359657865498986,20266.9,2026.69,0.9172157865498988,13381.45,1338.145,0.9453407865498986
cost-p2048-q64-s58,2048,64,2048,58,100,15301,406,14895,0.9734657865498987,244816.0,2448.16,0.0,40158.200000000004,401.58200000000005,0.8359657865498986,20266.9,202.669,0.9172157865498988,13381.45,133.8145,0.9453407865498986
cost-p2048-q64-s58,2048,64,2048,58,1000,15301,406,14895,0.9734657865498987,244816.0,244.816,0.0,40158.200000000004,40.15820000000001,0.8359657865498986,20266.9,20.2669,0.9172157865498988,13381.45,13.381450000000001,0.9453407865498986
cost-p2048-q64-s59,2048,64,2048,59,1,17397,406,16991,0.9766626429844226,278352.0,278352.0,0.0,44769.4,44769.4,0.8391626429844227,22153.300000000003,22153.300000000003,0.9204126429844226,14324.650000000001,14324.650000000001,0.9485376429844226
cost-p2048-q64-s59,2048,64,2048,59,10,17397,406,16991,0.9766626429844226,278352.0,27835.2,0.0,44769.4,4476.9400000000005,0.8391626429844227,22153.300000000003,2215.3300000000004,0.9204126429844226,14324.650000000001,1432.4650000000001,0.9485376429844226
cost-p2048-q64-s59,2048,64,2048,59,100,17397,406,16991,0.9766626429844226,278352.0,2783.52,0.0,44769.4,447.694,0.8391626429844227,22153.300000000003,221.53300000000002,0.9204126429844226,14324.650000000001,143.24650000000003,0.9485376429844226
cost-p2048-q64-s59,2048,64,2048,59,1000,17397,406,16991,0.9766626429844226,278352.0,278.352,0.0,44769.4,44.769400000000005,0.8391626429844227,22153.300000000003,22.1533,0.9204126429844226,14324.650000000001,14.324650000000002,0.9485376429844226
cost-p2048-q64-s60,2048,64,2048,60,1,9013,406,8607,0.9549539553977588,144208.0,144208.0,0.0,26324.600000000002,26324.600000000002,0.8174539553977588,14607.7,14607.7,0.8987039553977588,10551.85,10551.85,0.9268289553977588
cost-p2048-q64-s60,2048,64,2048,60,10,9013,406,8607,0.9549539553977588,144208.0,14420.8,0.0,26324.600000000002,2632.46,0.8174539553977588,14607.7,1460.77,0.8987039553977588,10551.85,1055.185,0.9268289553977588
cost-p2048-q64-s60,2048,64,2048,60,100,9013,406,8607,0.9549539553977588,144208.0,1442.08,0.0,26324.600000000002,263.24600000000004,0.8174539553977588,14607.7,146.077,0.8987039553977588,10551.85,105.5185,0.9268289553977588
cost-p2048-q64-s60,2048,64,2048,60,1000,9013,406,8607,0.9549539553977588,144208.0,144.208,0.0,26324.600000000002,26.324600000000004,0.8174539553977588,14607.7,14.607700000000001,0.8987039553977588,10551.85,10.55185,0.9268289553977588
cost-p2048-q64-s61,2048,64,2048,61,1,11109,406,10703,0.9634530560806553,177744.0,177744.0,0.0,30935.800000000003,30935.800000000003,0.8259530560806554,16494.1,16494.1,0.9072030560806553,11495.05,11495.05,0.9353280560806554
cost-p2048-q64-s61,2048,64,2048,61,10,11109,406,10703,0.9634530560806553,177744.0,17774.4,0.0,30935.800000000003,3093.5800000000004,0.8259530560806554,16494.1,1649.4099999999999,0.9072030560806553,11495.05,1149.5049999999999,0.9353280560806554
cost-p2048-q64-s61,2048,64,2048,61,100,11109,406,10703,0.9634530560806553,177744.0,1777.44,0.0,30935.800000000003,309.358,0.8259530560806554,16494.1,164.94099999999997,0.9072030560806553,11495.05,114.95049999999999,0.9353280560806554
cost-p2048-q64-s61,2048,64,2048,61,1000,11109,406,10703,0.9634530560806553,177744.0,177.744,0.0,30935.800000000003,30.935800000000004,0.8259530560806554,16494.1,16.4941,0.9072030560806553,11495.05,11.495049999999999,0.9353280560806554
cost-p2048-q64-s62,2048,64,2048,62,1,13205,406,12799,0.9692540704278683,211280.0,211280.0,0.0,35547.0,35547.0,0.8317540704278682,18380.5,18380.5,0.9130040704278682,12438.25,12438.25,0.9411290704278682
cost-p2048-q64-s62,2048,64,2048,62,10,13205,406,12799,0.9692540704278683,211280.0,21128.0,0.0,35547.0,3554.7,0.8317540704278682,18380.5,1838.05,0.9130040704278682,12438.25,1243.825,0.9411290704278682
cost-p2048-q64-s62,2048,64,2048,62,100,13205,406,12799,0.9692540704278683,211280.0,2112.8,0.0,35547.0,355.47,0.8317540704278682,18380.5,183.805,0.9130040704278682,12438.25,124.3825,0.9411290704278682
cost-p2048-q64-s62,2048,64,2048,62,1000,13205,406,12799,0.9692540704278683,211280.0,211.28,0.0,35547.0,35.547,0.8317540704278682,18380.5,18.3805,0.9130040704278682,12438.25,12.43825,0.9411290704278682
cost-p2048-q64-s63,2048,64,2048,63,1,15301,406,14895,0.9734657865498987,244816.0,244816.0,0.0,40158.200000000004,40158.200000000004,0.8359657865498986,20266.9,20266.9,0.9172157865498988,13381.45,13381.45,0.9453407865498986
cost-p2048-q64-s63,2048,64,2048,63,10,15301,406,14895,0.9734657865498987,244816.0,24481.6,0.0,40158.200000000004,4015.8200000000006,0.8359657865498986,20266.9,2026.69,0.9172157865498988,13381.45,1338.145,0.9453407865498986
cost-p2048-q64-s63,2048,64,2048,63,100,15301,406,14895,0.9734657865498987,244816.0,2448.16,0.0,40158.200000000004,401.58200000000005,0.8359657865498986,20266.9,202.669,0.9172157865498988,13381.45,133.8145,0.9453407865498986
cost-p2048-q64-s63,2048,64,2048,63,1000,15301,406,14895,0.9734657865498987,244816.0,244.816,0.0,40158.200000000004,40.15820000000001,0.8359657865498986,20266.9,20.2669,0.9172157865498988,13381.45,13.381450000000001,0.9453407865498986
cost-p2048-q64-s64,2048,64,2048,64,1,17397,406,16991,0.9766626429844226,278352.0,278352.0,0.0,44769.4,44769.4,0.8391626429844227,22153.300000000003,22153.300000000003,0.9204126429844226,14324.650000000001,14324.650000000001,0.9485376429844226
cost-p2048-q64-s64,2048,64,2048,64,10,17397,406,16991,0.9766626429844226,278352.0,27835.2,0.0,44769.4,4476.9400000000005,0.8391626429844227,22153.300000000003,2215.3300000000004,0.9204126429844226,14324.650000000001,1432.4650000000001,0.9485376429844226
cost-p2048-q64-s64,2048,64,2048,64,100,17397,406,16991,0.9766626429844226,278352.0,2783.52,0.0,44769.4,447.694,0.8391626429844227,22153.300000000003,221.53300000000002,0.9204126429844226,14324.650000000001,143.24650000000003,0.9485376429844226
cost-p2048-q64-s64,2048,64,2048,64,1000,17397,406,16991,0.9766626429844226,278352.0,278.352,0.0,44769.4,44.769400000000005,0.8391626429844227,22153.300000000003,22.1533,0.9204126429844226,14324.650000000001,14.324650000000002,0.9485376429844226
cost-p2048-q64-s65,2048,64,2048,65,1,9013,406,8607,0.9549539553977588,144208.0,144208.0,0.0,26324.600000000002,26324.600000000002,0.8174539553977588,14607.7,14607.7,0.8987039553977588,10551.85,10551.85,0.9268289553977588
cost-p2048-q64-s65,2048,64,2048,65,10,9013,406,8607,0.9549539553977588,144208.0,14420.8,0.0,26324.600000000002,2632.46,0.8174539553977588,14607.7,1460.77,0.8987039553977588,10551.85,1055.185,0.9268289553977588
cost-p2048-q64-s65,2048,64,2048,65,100,9013,406,8607,0.9549539553977588,144208.0,1442.08,0.0,26324.600000000002,263.24600000000004,0.8174539553977588,14607.7,146.077,0.8987039553977588,10551.85,105.5185,0.9268289553977588
cost-p2048-q64-s65,2048,64,2048,65,1000,9013,406,8607,0.9549539553977588,144208.0,144.208,0.0,26324.600000000002,26.324600000000004,0.8174539553977588,14607.7,14.607700000000001,0.8987039553977588,10551.85,10.55185,0.9268289553977588
cost-p2048-q64-s66,2048,64,2048,66,1,11109,406,10703,0.9634530560806553,177744.0,177744.0,0.0,30935.800000000003,30935.800000000003,0.8259530560806554,16494.1,16494.1,0.9072030560806553,11495.05,11495.05,0.9353280560806554
cost-p2048-q64-s66,2048,64,2048,66,10,11109,406,10703,0.9634530560806553,177744.0,17774.4,0.0,30935.800000000003,3093.5800000000004,0.8259530560806554,16494.1,1649.4099999999999,0.9072030560806553,11495.05,1149.5049999999999,0.9353280560806554
cost-p2048-q64-s66,2048,64,2048,66,100,11109,406,10703,0.9634530560806553,177744.0,1777.44,0.0,30935.800000000003,309.358,0.8259530560806554,16494.1,164.94099999999997,0.9072030560806553,11495.05,114.95049999999999,0.9353280560806554
cost-p2048-q64-s66,2048,64,2048,66,1000,11109,406,10703,0.9634530560806553,177744.0,177.744,0.0,30935.800000000003,30.935800000000004,0.8259530560806554,16494.1,16.4941,0.9072030560806553,11495.05,11.495049999999999,0.9353280560806554
cost-p2048-q64-s67,2048,64,2048,67,1,13205,406,12799,0.9692540704278683,211280.0,211280.0,0.0,35547.0,35547.0,0.8317540704278682,18380.5,18380.5,0.9130040704278682,12438.25,12438.25,0.9411290704278682
cost-p2048-q64-s67,2048,64,2048,67,10,13205,406,12799,0.9692540704278683,211280.0,21128.0,0.0,35547.0,3554.7,0.8317540704278682,18380.5,1838.05,0.9130040704278682,12438.25,1243.825,0.9411290704278682
cost-p2048-q64-s67,2048,64,2048,67,100,13205,406,12799,0.9692540704278683,211280.0,2112.8,0.0,35547.0,355.47,0.8317540704278682,18380.5,183.805,0.9130040704278682,12438.25,124.3825,0.9411290704278682
cost-p2048-q64-s67,2048,64,2048,67,1000,13205,406,12799,0.9692540704278683,211280.0,211.28,0.0,35547.0,35.547,0.8317540704278682,18380.5,18.3805,0.9130040704278682,12438.25,12.43825,0.9411290704278682
cost-p2048-q64-s68,2048,64,2048,68,1,15301,406,14895,0.9734657865498987,244816.0,244816.0,0.0,40158.200000000004,40158.200000000004,0.8359657865498986,20266.9,20266.9,0.9172157865498988,13381.45,13381.45,0.9453407865498986
cost-p2048-q64-s68,2048,64,2048,68,10,15301,406,14895,0.9734657865498987,244816.0,24481.6,0.0,40158.200000000004,4015.8200000000006,0.8359657865498986,20266.9,2026.69,0.9172157865498988,13381.45,1338.145,0.9453407865498986
cost-p2048-q64-s68,2048,64,2048,68,100,15301,406,14895,0.9734657865498987,244816.0,2448.16,0.0,40158.200000000004,401.58200000000005,0.8359657865498986,20266.9,202.669,0.9172157865498988,13381.45,133.8145,0.9453407865498986
cost-p2048-q64-s68,2048,64,2048,68,1000,15301,406,14895,0.9734657865498987,244816.0,244.816,0.0,40158.200000000004,40.15820000000001,0.8359657865498986,20266.9,20.2669,0.9172157865498988,13381.45,13.381450000000001,0.9453407865498986
cost-p2048-q64-s69,2048,64,2048,69,1,17397,406,16991,0.9766626429844226,278352.0,278352.0,0.0,44769.4,44769.4,0.8391626429844227,22153.300000000003,22153.300000000003,0.9204126429844226,14324.650000000001,14324.650000000001,0.9485376429844226
cost-p2048-q64-s69,2048,64,2048,69,10,17397,406,16991,0.9766626429844226,278352.0,27835.2,0.0,44769.4,4476.9400000000005,0.8391626429844227,22153.300000000003,2215.3300000000004,0.9204126429844226,14324.650000000001,1432.4650000000001,0.9485376429844226
cost-p2048-q64-s69,2048,64,2048,69,100,17397,406,16991,0.9766626429844226,278352.0,2783.52,0.0,44769.4,447.694,0.8391626429844227,22153.300000000003,221.53300000000002,0.9204126429844226,14324.650000000001,143.24650000000003,0.9485376429844226
cost-p2048-q64-s69,2048,64,2048,69,1000,17397,406,16991,0.9766626429844226,278352.0,278.352,0.0,44769.4,44.769400000000005,0.8391626429844227,22153.300000000003,22.1533,0.9204126429844226,14324.650000000001,14.324650000000002,0.9485376429844226
cost-p2048-q64-s70,2048,64,2048,70,1,9013,406,8607,0.9549539553977588,144208.0,144208.0,0.0,26324.600000000002,26324.600000000002,0.8174539553977588,14607.7,14607.7,0.8987039553977588,10551.85,10551.85,0.9268289553977588
cost-p2048-q64-s70,2048,64,2048,70,10,9013,406,8607,0.9549539553977588,144208.0,14420.8,0.0,26324.600000000002,2632.46,0.8174539553977588,14607.7,1460.77,0.8987039553977588,10551.85,1055.185,0.9268289553977588
cost-p2048-q64-s70,2048,64,2048,70,100,9013,406,8607,0.9549539553977588,144208.0,1442.08,0.0,26324.600000000002,263.24600000000004,0.8174539553977588,14607.7,146.077,0.8987039553977588,10551.85,105.5185,0.9268289553977588
cost-p2048-q64-s70,2048,64,2048,70,1000,9013,406,8607,0.9549539553977588,144208.0,144.208,0.0,26324.600000000002,26.324600000000004,0.8174539553977588,14607.7,14.607700000000001,0.8987039553977588,10551.85,10.55185,0.9268289553977588
cost-p2048-q64-s71,2048,64,2048,71,1,11109,406,10703,0.9634530560806553,177744.0,177744.0,0.0,30935.800000000003,30935.800000000003,0.8259530560806554,16494.1,16494.1,0.9072030560806553,11495.05,11495.05,0.9353280560806554
cost-p2048-q64-s71,2048,64,2048,71,10,11109,406,10703,0.9634530560806553,177744.0,17774.4,0.0,30935.800000000003,3093.5800000000004,0.8259530560806554,16494.1,1649.4099999999999,0.9072030560806553,11495.05,1149.5049999999999,0.9353280560806554
cost-p2048-q64-s71,2048,64,2048,71,100,11109,406,10703,0.9634530560806553,177744.0,1777.44,0.0,30935.800000000003,309.358,0.8259530560806554,16494.1,164.94099999999997,0.9072030560806553,11495.05,114.95049999999999,0.9353280560806554
cost-p2048-q64-s71,2048,64,2048,71,1000,11109,406,10703,0.9634530560806553,177744.0,177.744,0.0,30935.800000000003,30.935800000000004,0.8259530560806554,16494.1,16.4941,0.9072030560806553,11495.05,11.495049999999999,0.9353280560806554
cost-p2048-q64-s72,2048,64,2048,72,1,13205,406,12799,0.9692540704278683,211280.0,211280.0,0.0,35547.0,35547.0,0.8317540704278682,18380.5,18380.5,0.9130040704278682,12438.25,12438.25,0.9411290704278682
cost-p2048-q64-s72,2048,64,2048,72,10,13205,406,12799,0.9692540704278683,211280.0,21128.0,0.0,35547.0,3554.7,0.8317540704278682,18380.5,1838.05,0.9130040704278682,12438.25,1243.825,0.9411290704278682
cost-p2048-q64-s72,2048,64,2048,72,100,13205,406,12799,0.9692540704278683,211280.0,2112.8,0.0,35547.0,355.47,0.8317540704278682,18380.5,183.805,0.9130040704278682,12438.25,124.3825,0.9411290704278682
cost-p2048-q64-s72,2048,64,2048,72,1000,13205,406,12799,0.9692540704278683,211280.0,211.28,0.0,35547.0,35.547,0.8317540704278682,18380.5,18.3805,0.9130040704278682,12438.25,12.43825,0.9411290704278682
cost-p2048-q64-s73,2048,64,2048,73,1,15301,406,14895,0.9734657865498987,244816.0,244816.0,0.0,40158.200000000004,40158.200000000004,0.8359657865498986,20266.9,20266.9,0.9172157865498988,13381.45,13381.45,0.9453407865498986
cost-p2048-q64-s73,2048,64,2048,73,10,15301,406,14895,0.9734657865498987,244816.0,24481.6,0.0,40158.200000000004,4015.8200000000006,0.8359657865498986,20266.9,2026.69,0.9172157865498988,13381.45,1338.145,0.9453407865498986
cost-p2048-q64-s73,2048,64,2048,73,100,15301,406,14895,0.9734657865498987,244816.0,2448.16,0.0,40158.200000000004,401.58200000000005,0.8359657865498986,20266.9,202.669,0.9172157865498988,13381.45,133.8145,0.9453407865498986
cost-p2048-q64-s73,2048,64,2048,73,1000,15301,406,14895,0.9734657865498987,244816.0,244.816,0.0,40158.200000000004,40.15820000000001,0.8359657865498986,20266.9,20.2669,0.9172157865498988,13381.45,13.381450000000001,0.9453407865498986
cost-p2048-q64-s74,2048,64,2048,74,1,17397,406,16991,0.9766626429844226,278352.0,278352.0,0.0,44769.4,44769.4,0.8391626429844227,22153.300000000003,22153.300000000003,0.9204126429844226,14324.650000000001,14324.650000000001,0.9485376429844226
cost-p2048-q64-s74,2048,64,2048,74,10,17397,406,16991,0.9766626429844226,278352.0,27835.2,0.0,44769.4,4476.9400000000005,0.8391626429844227,22153.300000000003,2215.3300000000004,0.9204126429844226,14324.650000000001,1432.4650000000001,0.9485376429844226
cost-p2048-q64-s74,2048,64,2048,74,100,17397,406,16991,0.9766626429844226,278352.0,2783.52,0.0,44769.4,447.694,0.8391626429844227,22153.300000000003,221.53300000000002,0.9204126429844226,14324.650000000001,143.24650000000003,0.9485376429844226
cost-p2048-q64-s74,2048,64,2048,74,1000,17397,406,16991,0.9766626429844226,278352.0,278.352,0.0,44769.4,44.769400000000005,0.8391626429844227,22153.300000000003,22.1533,0.9204126429844226,14324.650000000001,14.324650000000002,0.9485376429844226
cost-p2048-q64-s75,2048,64,2048,75,1,9013,406,8607,0.9549539553977588,144208.0,144208.0,0.0,26324.600000000002,26324.600000000002,0.8174539553977588,14607.7,14607.7,0.8987039553977588,10551.85,10551.85,0.9268289553977588
cost-p2048-q64-s75,2048,64,2048,75,10,9013,406,8607,0.9549539553977588,144208.0,14420.8,0.0,26324.600000000002,2632.46,0.8174539553977588,14607.7,1460.77,0.8987039553977588,10551.85,1055.185,0.9268289553977588
cost-p2048-q64-s75,2048,64,2048,75,100,9013,406,8607,0.9549539553977588,144208.0,1442.08,0.0,26324.600000000002,263.24600000000004,0.8174539553977588,14607.7,146.077,0.8987039553977588,10551.85,105.5185,0.9268289553977588
cost-p2048-q64-s75,2048,64,2048,75,1000,9013,406,8607,0.9549539553977588,144208.0,144.208,0.0,26324.600000000002,26.324600000000004,0.8174539553977588,14607.7,14.607700000000001,0.8987039553977588,10551.85,10.55185,0.9268289553977588
cost-p2048-q64-s76,2048,64,2048,76,1,11109,406,10703,0.9634530560806553,177744.0,177744.0,0.0,30935.800000000003,30935.800000000003,0.8259530560806554,16494.1,16494.1,0.9072030560806553,11495.05,11495.05,0.9353280560806554
cost-p2048-q64-s76,2048,64,2048,76,10,11109,406,10703,0.9634530560806553,177744.0,17774.4,0.0,30935.800000000003,3093.5800000000004,0.8259530560806554,16494.1,1649.4099999999999,0.9072030560806553,11495.05,1149.5049999999999,0.9353280560806554
cost-p2048-q64-s76,2048,64,2048,76,100,11109,406,10703,0.9634530560806553,177744.0,1777.44,0.0,30935.800000000003,309.358,0.8259530560806554,16494.1,164.94099999999997,0.9072030560806553,11495.05,114.95049999999999,0.9353280560806554
cost-p2048-q64-s76,2048,64,2048,76,1000,11109,406,10703,0.9634530560806553,177744.0,177.744,0.0,30935.800000000003,30.935800000000004,0.8259530560806554,16494.1,16.4941,0.9072030560806553,11495.05,11.495049999999999,0.9353280560806554
cost-p2048-q64-s77,2048,64,2048,77,1,13205,406,12799,0.9692540704278683,211280.0,211280.0,0.0,35547.0,35547.0,0.8317540704278682,18380.5,18380.5,0.9130040704278682,12438.25,12438.25,0.9411290704278682
cost-p2048-q64-s77,2048,64,2048,77,10,13205,406,12799,0.9692540704278683,211280.0,21128.0,0.0,35547.0,3554.7,0.8317540704278682,18380.5,1838.05,0.9130040704278682,12438.25,1243.825,0.9411290704278682
cost-p2048-q64-s77,2048,64,2048,77,100,13205,406,12799,0.9692540704278683,211280.0,2112.8,0.0,35547.0,355.47,0.8317540704278682,18380.5,183.805,0.9130040704278682,12438.25,124.3825,0.9411290704278682
cost-p2048-q64-s77,2048,64,2048,77,1000,13205,406,12799,0.9692540704278683,211280.0,211.28,0.0,35547.0,35.547,0.8317540704278682,18380.5,18.3805,0.9130040704278682,12438.25,12.43825,0.9411290704278682
cost-p2048-q64-s78,2048,64,2048,78,1,15301,406,14895,0.9734657865498987,244816.0,244816.0,0.0,40158.200000000004,40158.200000000004,0.8359657865498986,20266.9,20266.9,0.9172157865498988,13381.45,13381.45,0.9453407865498986
cost-p2048-q64-s78,2048,64,2048,78,10,15301,406,14895,0.9734657865498987,244816.0,24481.6,0.0,40158.200000000004,4015.8200000000006,0.8359657865498986,20266.9,2026.69,0.9172157865498988,13381.45,1338.145,0.9453407865498986
cost-p2048-q64-s78,2048,64,2048,78,100,15301,406,14895,0.9734657865498987,244816.0,2448.16,0.0,40158.200000000004,401.58200000000005,0.8359657865498986,20266.9,202.669,0.9172157865498988,13381.45,133.8145,0.9453407865498986
cost-p2048-q64-s78,2048,64,2048,78,1000,15301,406,14895,0.9734657865498987,244816.0,244.816,0.0,40158.200000000004,40.15820000000001,0.8359657865498986,20266.9,20.2669,0.9172157865498988,13381.45,13.381450000000001,0.9453407865498986
cost-p2048-q64-s79,2048,64,2048,79,1,17397,406,16991,0.9766626429844226,278352.0,278352.0,0.0,44769.4,44769.4,0.8391626429844227,22153.300000000003,22153.300000000003,0.9204126429844226,14324.650000000001,14324.650000000001,0.9485376429844226
cost-p2048-q64-s79,2048,64,2048,79,10,17397,406,16991,0.9766626429844226,278352.0,27835.2,0.0,44769.4,4476.9400000000005,0.8391626429844227,22153.300000000003,2215.3300000000004,0.9204126429844226,14324.650000000001,1432.4650000000001,0.9485376429844226
cost-p2048-q64-s79,2048,64,2048,79,100,17397,406,16991,0.9766626429844226,278352.0,2783.52,0.0,44769.4,447.694,0.8391626429844227,22153.300000000003,221.53300000000002,0.9204126429844226,14324.650000000001,143.24650000000003,0.9485376429844226
cost-p2048-q64-s79,2048,64,2048,79,1000,17397,406,16991,0.9766626429844226,278352.0,278.352,0.0,44769.4,44.769400000000005,0.8391626429844227,22153.300000000003,22.1533,0.9204126429844226,14324.650000000001,14.324650000000002,0.9485376429844226
cost-p2048-q64-s80,2048,64,2048,80,1,9013,406,8607,0.9549539553977588,144208.0,144208.0,0.0,26324.600000000002,26324.600000000002,0.8174539553977588,14607.7,14607.7,0.8987039553977588,10551.85,10551.85,0.9268289553977588
cost-p2048-q64-s80,2048,64,2048,80,10,9013,406,8607,0.9549539553977588,144208.0,14420.8,0.0,26324.600000000002,2632.46,0.8174539553977588,14607.7,1460.77,0.8987039553977588,10551.85,1055.185,0.9268289553977588
cost-p2048-q64-s80,2048,64,2048,80,100,9013,406,8607,0.9549539553977588,144208.0,1442.08,0.0,26324.600000000002,263.24600000000004,0.8174539553977588,14607.7,146.077,0.8987039553977588,10551.85,105.5185,0.9268289553977588
cost-p2048-q64-s80,2048,64,2048,80,1000,9013,406,8607,0.9549539553977588,144208.0,144.208,0.0,26324.600000000002,26.324600000000004,0.8174539553977588,14607.7,14.607700000000001,0.8987039553977588,10551.85,10.55185,0.9268289553977588
cost-p2048-q64-s81,2048,64,2048,81,1,11109,406,10703,0.9634530560806553,177744.0,177744.0,0.0,30935.800000000003,30935.800000000003,0.8259530560806554,16494.1,16494.1,0.9072030560806553,11495.05,11495.05,0.9353280560806554
cost-p2048-q64-s81,2048,64,2048,81,10,11109,406,10703,0.9634530560806553,177744.0,17774.4,0.0,30935.800000000003,3093.5800000000004,0.8259530560806554,16494.1,1649.4099999999999,0.9072030560806553,11495.05,1149.5049999999999,0.9353280560806554
cost-p2048-q64-s81,2048,64,2048,81,100,11109,406,10703,0.9634530560806553,177744.0,1777.44,0.0,30935.800000000003,309.358,0.8259530560806554,16494.1,164.94099999999997,0.9072030560806553,11495.05,114.95049999999999,0.9353280560806554
cost-p2048-q64-s81,2048,64,2048,81,1000,11109,406,10703,0.9634530560806553,177744.0,177.744,0.0,30935.800000000003,30.935800000000004,0.8259530560806554,16494.1,16.4941,0.9072030560806553,11495.05,11.495049999999999,0.9353280560806554
cost-p2048-q64-s82,2048,64,2048,82,1,13205,406,12799,0.9692540704278683,211280.0,211280.0,0.0,35547.0,35547.0,0.8317540704278682,18380.5,18380.5,0.9130040704278682,12438.25,12438.25,0.9411290704278682
cost-p2048-q64-s82,2048,64,2048,82,10,13205,406,12799,0.9692540704278683,211280.0,21128.0,0.0,35547.0,3554.7,0.8317540704278682,18380.5,1838.05,0.9130040704278682,12438.25,1243.825,0.9411290704278682
cost-p2048-q64-s82,2048,64,2048,82,100,13205,406,12799,0.9692540704278683,211280.0,2112.8,0.0,35547.0,355.47,0.8317540704278682,18380.5,183.805,0.9130040704278682,12438.25,124.3825,0.9411290704278682
cost-p2048-q64-s82,2048,64,2048,82,1000,13205,406,12799,0.9692540704278683,211280.0,211.28,0.0,35547.0,35.547,0.8317540704278682,18380.5,18.3805,0.9130040704278682,12438.25,12.43825,0.9411290704278682
cost-p2048-q64-s83,2048,64,2048,83,1,15301,406,14895,0.9734657865498987,244816.0,244816.0,0.0,40158.200000000004,40158.200000000004,0.8359657865498986,20266.9,20266.9,0.9172157865498988,13381.45,13381.45,0.9453407865498986
cost-p2048-q64-s83,2048,64,2048,83,10,15301,406,14895,0.9734657865498987,244816.0,24481.6,0.0,40158.200000000004,4015.8200000000006,0.8359657865498986,20266.9,2026.69,0.9172157865498988,13381.45,1338.145,0.9453407865498986
cost-p2048-q64-s83,2048,64,2048,83,100,15301,406,14895,0.9734657865498987,244816.0,2448.16,0.0,40158.200000000004,401.58200000000005,0.8359657865498986,20266.9,202.669,0.9172157865498988,13381.45,133.8145,0.9453407865498986
cost-p2048-q64-s83,2048,64,2048,83,1000,15301,406,14895,0.9734657865498987,244816.0,244.816,0.0,40158.200000000004,40.15820000000001,0.8359657865498986,20266.9,20.2669,0.9172157865498988,13381.45,13.381450000000001,0.9453407865498986
cost-p2048-q64-s84,2048,64,2048,84,1,17397,406,16991,0.9766626429844226,278352.0,278352.0,0.0,44769.4,44769.4,0.8391626429844227,22153.300000000003,22153.300000000003,0.9204126429844226,14324.650000000001,14324.650000000001,0.9485376429844226
cost-p2048-q64-s84,2048,64,2048,84,10,17397,406,16991,0.9766626429844226,278352.0,27835.2,0.0,44769.4,4476.9400000000005,0.8391626429844227,22153.300000000003,2215.3300000000004,0.9204126429844226,14324.650000000001,1432.4650000000001,0.9485376429844226
cost-p2048-q64-s84,2048,64,2048,84,100,17397,406,16991,0.9766626429844226,278352.0,2783.52,0.0,44769.4,447.694,0.8391626429844227,22153.300000000003,221.53300000000002,0.9204126429844226,14324.650000000001,143.24650000000003,0.9485376429844226
cost-p2048-q64-s84,2048,64,2048,84,1000,17397,406,16991,0.9766626429844226,278352.0,278.352,0.0,44769.4,44.769400000000005,0.8391626429844227,22153.300000000003,22.1533,0.9204126429844226,14324.650000000001,14.324650000000002,0.9485376429844226
cost-p2048-q64-s85,2048,64,2048,85,1,9013,406,8607,0.9549539553977588,144208.0,144208.0,0.0,26324.600000000002,26324.600000000002,0.8174539553977588,14607.7,14607.7,0.8987039553977588,10551.85,10551.85,0.9268289553977588
cost-p2048-q64-s85,2048,64,2048,85,10,9013,406,8607,0.9549539553977588,144208.0,14420.8,0.0,26324.600000000002,2632.46,0.8174539553977588,14607.7,1460.77,0.8987039553977588,10551.85,1055.185,0.9268289553977588
cost-p2048-q64-s85,2048,64,2048,85,100,9013,406,8607,0.9549539553977588,144208.0,1442.08,0.0,26324.600000000002,263.24600000000004,0.8174539553977588,14607.7,146.077,0.8987039553977588,10551.85,105.5185,0.9268289553977588
cost-p2048-q64-s85,2048,64,2048,85,1000,9013,406,8607,0.9549539553977588,144208.0,144.208,0.0,26324.600000000002,26.324600000000004,0.8174539553977588,14607.7,14.607700000000001,0.8987039553977588,10551.85,10.55185,0.9268289553977588
cost-p2048-q64-s86,2048,64,2048,86,1,11109,406,10703,0.9634530560806553,177744.0,177744.0,0.0,30935.800000000003,30935.800000000003,0.8259530560806554,16494.1,16494.1,0.9072030560806553,11495.05,11495.05,0.9353280560806554
cost-p2048-q64-s86,2048,64,2048,86,10,11109,406,10703,0.9634530560806553,177744.0,17774.4,0.0,30935.800000000003,3093.5800000000004,0.8259530560806554,16494.1,1649.4099999999999,0.9072030560806553,11495.05,1149.5049999999999,0.9353280560806554
cost-p2048-q64-s86,2048,64,2048,86,100,11109,406,10703,0.9634530560806553,177744.0,1777.44,0.0,30935.800000000003,309.358,0.8259530560806554,16494.1,164.94099999999997,0.9072030560806553,11495.05,114.95049999999999,0.9353280560806554
cost-p2048-q64-s86,2048,64,2048,86,1000,11109,406,10703,0.9634530560806553,177744.0,177.744,0.0,30935.800000000003,30.935800000000004,0.8259530560806554,16494.1,16.4941,0.9072030560806553,11495.05,11.495049999999999,0.9353280560806554
cost-p2048-q64-s87,2048,64,2048,87,1,13205,406,12799,0.9692540704278683,211280.0,211280.0,0.0,35547.0,35547.0,0.8317540704278682,18380.5,18380.5,0.9130040704278682,12438.25,12438.25,0.9411290704278682
cost-p2048-q64-s87,2048,64,2048,87,10,13205,406,12799,0.9692540704278683,211280.0,21128.0,0.0,35547.0,3554.7,0.8317540704278682,18380.5,1838.05,0.9130040704278682,12438.25,1243.825,0.9411290704278682
cost-p2048-q64-s87,2048,64,2048,87,100,13205,406,12799,0.9692540704278683,211280.0,2112.8,0.0,35547.0,355.47,0.8317540704278682,18380.5,183.805,0.9130040704278682,12438.25,124.3825,0.9411290704278682
cost-p2048-q64-s87,2048,64,2048,87,1000,13205,406,12799,0.9692540704278683,211280.0,211.28,0.0,35547.0,35.547,0.8317540704278682,18380.5,18.3805,0.9130040704278682,12438.25,12.43825,0.9411290704278682
cost-p2048-q64-s88,2048,64,2048,88,1,15301,406,14895,0.9734657865498987,244816.0,244816.0,0.0,40158.200000000004,40158.200000000004,0.8359657865498986,20266.9,20266.9,0.9172157865498988,13381.45,13381.45,0.9453407865498986
cost-p2048-q64-s88,2048,64,2048,88,10,15301,406,14895,0.9734657865498987,244816.0,24481.6,0.0,40158.200000000004,4015.8200000000006,0.8359657865498986,20266.9,2026.69,0.9172157865498988,13381.45,1338.145,0.9453407865498986
cost-p2048-q64-s88,2048,64,2048,88,100,15301,406,14895,0.9734657865498987,244816.0,2448.16,0.0,40158.200000000004,401.58200000000005,0.8359657865498986,20266.9,202.669,0.9172157865498988,13381.45,133.8145,0.9453407865498986
cost-p2048-q64-s88,2048,64,2048,88,1000,15301,406,14895,0.9734657865498987,244816.0,244.816,0.0,40158.200000000004,40.15820000000001,0.8359657865498986,20266.9,20.2669,0.9172157865498988,13381.45,13.381450000000001,0.9453407865498986
cost-p2048-q64-s89,2048,64,2048,89,1,17397,406,16991,0.9766626429844226,278352.0,278352.0,0.0,44769.4,44769.4,0.8391626429844227,22153.300000000003,22153.300000000003,0.9204126429844226,14324.650000000001,14324.650000000001,0.9485376429844226
cost-p2048-q64-s89,2048,64,2048,89,10,17397,406,16991,0.9766626429844226,278352.0,27835.2,0.0,44769.4,4476.9400000000005,0.8391626429844227,22153.300000000003,2215.3300000000004,0.9204126429844226,14324.650000000001,1432.4650000000001,0.9485376429844226
cost-p2048-q64-s89,2048,64,2048,89,100,17397,406,16991,0.9766626429844226,278352.0,2783.52,0.0,44769.4,447.694,0.8391626429844227,22153.300000000003,221.53300000000002,0.9204126429844226,14324.650000000001,143.24650000000003,0.9485376429844226
cost-p2048-q64-s89,2048,64,2048,89,1000,17397,406,16991,0.9766626429844226,278352.0,278.352,0.0,44769.4,44.769400000000005,0.8391626429844227,22153.300000000003,22.1533,0.9204126429844226,14324.650000000001,14.324650000000002,0.9485376429844226
cost-p2048-q64-s90,2048,64,2048,90,1,9013,406,8607,0.9549539553977588,144208.0,144208.0,0.0,26324.600000000002,26324.600000000002,0.8174539553977588,14607.7,14607.7,0.8987039553977588,10551.85,10551.85,0.9268289553977588
cost-p2048-q64-s90,2048,64,2048,90,10,9013,406,8607,0.9549539553977588,144208.0,14420.8,0.0,26324.600000000002,2632.46,0.8174539553977588,14607.7,1460.77,0.8987039553977588,10551.85,1055.185,0.9268289553977588
cost-p2048-q64-s90,2048,64,2048,90,100,9013,406,8607,0.9549539553977588,144208.0,1442.08,0.0,26324.600000000002,263.24600000000004,0.8174539553977588,14607.7,146.077,0.8987039553977588,10551.85,105.5185,0.9268289553977588
cost-p2048-q64-s90,2048,64,2048,90,1000,9013,406,8607,0.9549539553977588,144208.0,144.208,0.0,26324.600000000002,26.324600000000004,0.8174539553977588,14607.7,14.607700000000001,0.8987039553977588,10551.85,10.55185,0.9268289553977588
cost-p2048-q64-s91,2048,64,2048,91,1,11109,406,10703,0.9634530560806553,177744.0,177744.0,0.0,30935.800000000003,30935.800000000003,0.8259530560806554,16494.1,16494.1,0.9072030560806553,11495.05,11495.05,0.9353280560806554
cost-p2048-q64-s91,2048,64,2048,91,10,11109,406,10703,0.9634530560806553,177744.0,17774.4,0.0,30935.800000000003,3093.5800000000004,0.8259530560806554,16494.1,1649.4099999999999,0.9072030560806553,11495.05,1149.5049999999999,0.9353280560806554
cost-p2048-q64-s91,2048,64,2048,91,100,11109,406,10703,0.9634530560806553,177744.0,1777.44,0.0,30935.800000000003,309.358,0.8259530560806554,16494.1,164.94099999999997,0.9072030560806553,11495.05,114.95049999999999,0.9353280560806554
cost-p2048-q64-s91,2048,64,2048,91,1000,11109,406,10703,0.9634530560806553,177744.0,177.744,0.0,30935.800000000003,30.935800000000004,0.8259530560806554,16494.1,16.4941,0.9072030560806553,11495.05,11.495049999999999,0.9353280560806554
cost-p2048-q64-s92,2048,64,2048,92,1,13205,406,12799,0.9692540704278683,211280.0,211280.0,0.0,35547.0,35547.0,0.8317540704278682,18380.5,18380.5,0.9130040704278682,12438.25,12438.25,0.9411290704278682
cost-p2048-q64-s92,2048,64,2048,92,10,13205,406,12799,0.9692540704278683,211280.0,21128.0,0.0,35547.0,3554.7,0.8317540704278682,18380.5,1838.05,0.9130040704278682,12438.25,1243.825,0.9411290704278682
cost-p2048-q64-s92,2048,64,2048,92,100,13205,406,12799,0.9692540704278683,211280.0,2112.8,0.0,35547.0,355.47,0.8317540704278682,18380.5,183.805,0.9130040704278682,12438.25,124.3825,0.9411290704278682
cost-p2048-q64-s92,2048,64,2048,92,1000,13205,406,12799,0.9692540704278683,211280.0,211.28,0.0,35547.0,35.547,0.8317540704278682,18380.5,18.3805,0.9130040704278682,12438.25,12.43825,0.9411290704278682
cost-p2048-q64-s93,2048,64,2048,93,1,15301,406,14895,0.9734657865498987,244816.0,244816.0,0.0,40158.200000000004,40158.200000000004,0.8359657865498986,20266.9,20266.9,0.9172157865498988,13381.45,13381.45,0.9453407865498986
cost-p2048-q64-s93,2048,64,2048,93,10,15301,406,14895,0.9734657865498987,244816.0,24481.6,0.0,40158.200000000004,4015.8200000000006,0.8359657865498986,20266.9,2026.69,0.9172157865498988,13381.45,1338.145,0.9453407865498986
cost-p2048-q64-s93,2048,64,2048,93,100,15301,406,14895,0.9734657865498987,244816.0,2448.16,0.0,40158.200000000004,401.58200000000005,0.8359657865498986,20266.9,202.669,0.9172157865498988,13381.45,133.8145,0.9453407865498986
cost-p2048-q64-s93,2048,64,2048,93,1000,15301,406,14895,0.9734657865498987,244816.0,244.816,0.0,40158.200000000004,40.15820000000001,0.8359657865498986,20266.9,20.2669,0.9172157865498988,13381.45,13.381450000000001,0.9453407865498986
cost-p2048-q64-s94,2048,64,2048,94,1,17397,406,16991,0.9766626429844226,278352.0,278352.0,0.0,44769.4,44769.4,0.8391626429844227,22153.300000000003,22153.300000000003,0.9204126429844226,14324.650000000001,14324.650000000001,0.9485376429844226
cost-p2048-q64-s94,2048,64,2048,94,10,17397,406,16991,0.9766626429844226,278352.0,27835.2,0.0,44769.4,4476.9400000000005,0.8391626429844227,22153.300000000003,2215.3300000000004,0.9204126429844226,14324.650000000001,1432.4650000000001,0.9485376429844226
cost-p2048-q64-s94,2048,64,2048,94,100,17397,406,16991,0.9766626429844226,278352.0,2783.52,0.0,44769.4,447.694,0.8391626429844227,22153.300000000003,221.53300000000002,0.9204126429844226,14324.650000000001,143.24650000000003,0.9485376429844226
cost-p2048-q64-s94,2048,64,2048,94,1000,17397,406,16991,0.9766626429844226,278352.0,278.352,0.0,44769.4,44.769400000000005,0.8391626429844227,22153.300000000003,22.1533,0.9204126429844226,14324.650000000001,14.324650000000002,0.9485376429844226
cost-p2048-q64-s95,2048,64,2048,95,1,9013,406,8607,0.9549539553977588,144208.0,144208.0,0.0,26324.600000000002,26324.600000000002,0.8174539553977588,14607.7,14607.7,0.8987039553977588,10551.85,10551.85,0.9268289553977588
cost-p2048-q64-s95,2048,64,2048,95,10,9013,406,8607,0.9549539553977588,144208.0,14420.8,0.0,26324.600000000002,2632.46,0.8174539553977588,14607.7,1460.77,0.8987039553977588,10551.85,1055.185,0.9268289553977588
cost-p2048-q64-s95,2048,64,2048,95,100,9013,406,8607,0.9549539553977588,144208.0,1442.08,0.0,26324.600000000002,263.24600000000004,0.8174539553977588,14607.7,146.077,0.8987039553977588,10551.85,105.5185,0.9268289553977588
cost-p2048-q64-s95,2048,64,2048,95,1000,9013,406,8607,0.9549539553977588,144208.0,144.208,0.0,26324.600000000002,26.324600000000004,0.8174539553977588,14607.7,14.607700000000001,0.8987039553977588,10551.85,10.55185,0.9268289553977588
cost-p2048-q64-s96,2048,64,2048,96,1,11109,406,10703,0.9634530560806553,177744.0,177744.0,0.0,30935.800000000003,30935.800000000003,0.8259530560806554,16494.1,16494.1,0.9072030560806553,11495.05,11495.05,0.9353280560806554
cost-p2048-q64-s96,2048,64,2048,96,10,11109,406,10703,0.9634530560806553,177744.0,17774.4,0.0,30935.800000000003,3093.5800000000004,0.8259530560806554,16494.1,1649.4099999999999,0.9072030560806553,11495.05,1149.5049999999999,0.9353280560806554
cost-p2048-q64-s96,2048,64,2048,96,100,11109,406,10703,0.9634530560806553,177744.0,1777.44,0.0,30935.800000000003,309.358,0.8259530560806554,16494.1,164.94099999999997,0.9072030560806553,11495.05,114.95049999999999,0.9353280560806554
cost-p2048-q64-s96,2048,64,2048,96,1000,11109,406,10703,0.9634530560806553,177744.0,177.744,0.0,30935.800000000003,30.935800000000004,0.8259530560806554,16494.1,16.4941,0.9072030560806553,11495.05,11.495049999999999,0.9353280560806554
cost-p2048-q64-s97,2048,64,2048,97,1,13205,406,12799,0.9692540704278683,211280.0,211280.0,0.0,35547.0,35547.0,0.8317540704278682,18380.5,18380.5,0.9130040704278682,12438.25,12438.25,0.9411290704278682
cost-p2048-q64-s97,2048,64,2048,97,10,13205,406,12799,0.9692540704278683,211280.0,21128.0,0.0,35547.0,3554.7,0.8317540704278682,18380.5,1838.05,0.9130040704278682,12438.25,1243.825,0.9411290704278682
cost-p2048-q64-s97,2048,64,2048,97,100,13205,406,12799,0.9692540704278683,211280.0,2112.8,0.0,35547.0,355.47,0.8317540704278682,18380.5,183.805,0.9130040704278682,12438.25,124.3825,0.9411290704278682
cost-p2048-q64-s97,2048,64,2048,97,1000,13205,406,12799,0.9692540704278683,211280.0,211.28,0.0,35547.0,35.547,0.8317540704278682,18380.5,18.3805,0.9130040704278682,12438.25,12.43825,0.9411290704278682
cost-p2048-q64-s98,2048,64,2048,98,1,15301,406,14895,0.9734657865498987,244816.0,244816.0,0.0,40158.200000000004,40158.200000000004,0.8359657865498986,20266.9,20266.9,0.9172157865498988,13381.45,13381.45,0.9453407865498986
cost-p2048-q64-s98,2048,64,2048,98,10,15301,406,14895,0.9734657865498987,244816.0,24481.6,0.0,40158.200000000004,4015.8200000000006,0.8359657865498986,20266.9,2026.69,0.9172157865498988,13381.45,1338.145,0.9453407865498986
cost-p2048-q64-s98,2048,64,2048,98,100,15301,406,14895,0.9734657865498987,244816.0,2448.16,0.0,40158.200000000004,401.58200000000005,0.8359657865498986,20266.9,202.669,0.9172157865498988,13381.45,133.8145,0.9453407865498986
cost-p2048-q64-s98,2048,64,2048,98,1000,15301,406,14895,0.9734657865498987,244816.0,244.816,0.0,40158.200000000004,40.15820000000001,0.8359657865498986,20266.9,20.2669,0.9172157865498988,13381.45,13.381450000000001,0.9453407865498986
cost-p2048-q64-s99,2048,64,2048,99,1,17397,406,16991,0.9766626429844226,278352.0,278352.0,0.0,44769.4,44769.4,0.8391626429844227,22153.300000000003,22153.300000000003,0.9204126429844226,14324.650000000001,14324.650000000001,0.9485376429844226
cost-p2048-q64-s99,2048,64,2048,99,10,17397,406,16991,0.9766626429844226,278352.0,27835.2,0.0,44769.4,4476.9400000000005,0.8391626429844227,22153.300000000003,2215.3300000000004,0.9204126429844226,14324.650000000001,1432.4650000000001,0.9485376429844226
cost-p2048-q64-s99,2048,64,2048,99,100,17397,406,16991,0.9766626429844226,278352.0,2783.52,0.0,44769.4,447.694,0.8391626429844227,22153.300000000003,221.53300000000002,0.9204126429844226,14324.650000000001,143.24650000000003,0.9485376429844226
cost-p2048-q64-s99,2048,64,2048,99,1000,17397,406,16991,0.9766626429844226,278352.0,278.352,0.0,44769.4,44.769400000000005,0.8391626429844227,22153.300000000003,22.1533,0.9204126429844226,14324.650000000001,14.324650000000002,0.9485376429844226
cost-p2048-q64-s100,2048,64,2048,100,1,9015,406,8609,0.9549639489739323,144240.0,144240.0,0.0,26329.0,26329.0,0.8174639489739324,14609.5,14609.5,0.8987139489739323,10552.75,10552.75,0.9268389489739324
cost-p2048-q64-s100,2048,64,2048,100,10,9015,406,8609,0.9549639489739323,144240.0,14424.0,0.0,26329.0,2632.9,0.8174639489739324,14609.5,1460.95,0.8987139489739323,10552.75,1055.275,0.9268389489739324
cost-p2048-q64-s100,2048,64,2048,100,100,9015,406,8609,0.9549639489739323,144240.0,1442.4,0.0,26329.0,263.29,0.8174639489739324,14609.5,146.095,0.8987139489739323,10552.75,105.5275,0.9268389489739324
cost-p2048-q64-s100,2048,64,2048,100,1000,9015,406,8609,0.9549639489739323,144240.0,144.24,0.0,26329.0,26.329,0.8174639489739324,14609.5,14.6095,0.8987139489739323,10552.75,10.55275,0.9268389489739324
cost-p2048-q256-s1,2048,256,2048,1,1,11301,406,10895,0.964073975754358,180816.0,180816.0,0.0,31358.2,31358.2,0.826573975754358,16666.9,16666.9,0.907823975754358,11581.45,11581.45,0.935948975754358
cost-p2048-q256-s1,2048,256,2048,1,10,11301,406,10895,0.964073975754358,180816.0,18081.6,0.0,31358.2,3135.82,0.826573975754358,16666.9,1666.69,0.907823975754358,11581.45,1158.145,0.935948975754358
cost-p2048-q256-s1,2048,256,2048,1,100,11301,406,10895,0.964073975754358,180816.0,1808.16,0.0,31358.2,313.582,0.826573975754358,16666.9,166.669,0.907823975754358,11581.45,115.81450000000001,0.935948975754358
cost-p2048-q256-s1,2048,256,2048,1,1000,11301,406,10895,0.964073975754358,180816.0,180.816,0.0,31358.2,31.3582,0.826573975754358,16666.9,16.666900000000002,0.907823975754358,11581.45,11.58145,0.935948975754358
cost-p2048-q256-s2,2048,256,2048,2,1,13397,406,12991,0.9696947077703963,214352.0,214352.0,0.0,35969.4,35969.4,0.8321947077703964,18553.300000000003,18553.300000000003,0.9134447077703964,12524.650000000001,12524.650000000001,0.9415697077703964
cost-p2048-q256-s2,2048,256,2048,2,10,13397,406,12991,0.9696947077703963,214352.0,21435.2,0.0,35969.4,3596.94,0.8321947077703964,18553.300000000003,1855.3300000000004,0.9134447077703964,12524.650000000001,1252.4650000000001,0.9415697077703964
cost-p2048-q256-s2,2048,256,2048,2,100,13397,406,12991,0.9696947077703963,214352.0,2143.52,0.0,35969.4,359.694,0.8321947077703964,18553.300000000003,185.53300000000002,0.9134447077703964,12524.650000000001,125.24650000000001,0.9415697077703964
cost-p2048-q256-s2,2048,256,2048,2,1000,13397,406,12991,0.9696947077703963,214352.0,214.352,0.0,35969.4,35.9694,0.8321947077703964,18553.300000000003,18.553300000000004,0.9134447077703964,12524.650000000001,12.524650000000001,0.9415697077703964
cost-p2048-q256-s3,2048,256,2048,3,1,15493,406,15087,0.973794616923772,247888.0,247888.0,0.0,40580.600000000006,40580.600000000006,0.836294616923772,20439.7,20439.7,0.917544616923772,13467.85,13467.85,0.945669616923772
cost-p2048-q256-s3,2048,256,2048,3,10,15493,406,15087,0.973794616923772,247888.0,24788.8,0.0,40580.600000000006,4058.0600000000004,0.836294616923772,20439.7,2043.97,0.917544616923772,13467.85,1346.785,0.945669616923772
cost-p2048-q256-s3,2048,256,2048,3,100,15493,406,15087,0.973794616923772,247888.0,2478.88,0.0,40580.600000000006,405.80600000000004,0.836294616923772,20439.7,204.39700000000002,0.917544616923772,13467.85,134.6785,0.945669616923772
cost-p2048-q256-s3,2048,256,2048,3,1000,15493,406,15087,0.973794616923772,247888.0,247.888,0.0,40580.600000000006,40.580600000000004,0.836294616923772,20439.7,20.439700000000002,0.917544616923772,13467.85,13.46785,0.945669616923772
cost-p2048-q256-s4,2048,256,2048,4,1,17589,406,17183,0.9769173915515379,281424.0,281424.0,0.0,45191.8,45191.8,0.8394173915515379,22326.1,22326.1,0.9206673915515379,14411.05,14411.05,0.9487923915515379
cost-p2048-q256-s4,2048,256,2048,4,10,17589,406,17183,0.9769173915515379,281424.0,28142.4,0.0,45191.8,4519.18,0.8394173915515379,22326.1,2232.6099999999997,0.9206673915515379,14411.05,1441.105,0.9487923915515379
cost-p2048-q256-s4,2048,256,2048,4,100,17589,406,17183,0.9769173915515379,281424.0,2814.24,0.0,45191.8,451.918,0.8394173915515379,22326.1,223.261,0.9206673915515379,14411.05,144.1105,0.9487923915515379
cost-p2048-q256-s4,2048,256,2048,4,1000,17589,406,17183,0.9769173915515379,281424.0,281.424,0.0,45191.8,45.1918,0.8394173915515379,22326.1,22.3261,0.9206673915515379,14411.05,14.41105,0.9487923915515379
cost-p2048-q256-s5,2048,256,2048,5,1,9205,406,8799,0.955893536121673,147280.0,147280.0,0.0,26747.0,26747.0,0.818393536121673,14780.5,14780.5,0.899643536121673,10638.25,10638.25,0.927768536121673
cost-p2048-q256-s5,2048,256,2048,5,10,9205,406,8799,0.955893536121673,147280.0,14728.0,0.0,26747.0,2674.7,0.818393536121673,14780.5,1478.05,0.899643536121673,10638.25,1063.825,0.927768536121673
cost-p2048-q256-s5,2048,256,2048,5,100,9205,406,8799,0.955893536121673,147280.0,1472.8,0.0,26747.0,267.47,0.818393536121673,14780.5,147.805,0.899643536121673,10638.25,106.3825,0.927768536121673
cost-p2048-q256-s5,2048,256,2048,5,1000,9205,406,8799,0.955893536121673,147280.0,147.28,0.0,26747.0,26.747,0.818393536121673,14780.5,14.7805,0.899643536121673,10638.25,10.63825,0.927768536121673
cost-p2048-q256-s6,2048,256,2048,6,1,11301,406,10895,0.964073975754358,180816.0,180816.0,0.0,31358.2,31358.2,0.826573975754358,16666.9,16666.9,0.907823975754358,11581.45,11581.45,0.935948975754358
cost-p2048-q256-s6,2048,256,2048,6,10,11301,406,10895,0.964073975754358,180816.0,18081.6,0.0,31358.2,3135.82,0.826573975754358,16666.9,1666.69,0.907823975754358,11581.45,1158.145,0.935948975754358
cost-p2048-q256-s6,2048,256,2048,6,100,11301,406,10895,0.964073975754358,180816.0,1808.16,0.0,31358.2,313.582,0.826573975754358,16666.9,166.669,0.907823975754358,11581.45,115.81450000000001,0.935948975754358
cost-p2048-q256-s6,2048,256,2048,6,1000,11301,406,10895,0.964073975754358,180816.0,180.816,0.0,31358.2,31.3582,0.826573975754358,16666.9,16.666900000000002,0.907823975754358,11581.45,11.58145,0.935948975754358
cost-p2048-q256-s7,2048,256,2048,7,1,13397,406,12991,0.9696947077703963,214352.0,214352.0,0.0,35969.4,35969.4,0.8321947077703964,18553.300000000003,18553.300000000003,0.9134447077703964,12524.650000000001,12524.650000000001,0.9415697077703964
cost-p2048-q256-s7,2048,256,2048,7,10,13397,406,12991,0.9696947077703963,214352.0,21435.2,0.0,35969.4,3596.94,0.8321947077703964,18553.300000000003,1855.3300000000004,0.9134447077703964,12524.650000000001,1252.4650000000001,0.9415697077703964
cost-p2048-q256-s7,2048,256,2048,7,100,13397,406,12991,0.9696947077703963,214352.0,2143.52,0.0,35969.4,359.694,0.8321947077703964,18553.300000000003,185.53300000000002,0.9134447077703964,12524.650000000001,125.24650000000001,0.9415697077703964
cost-p2048-q256-s7,2048,256,2048,7,1000,13397,406,12991,0.9696947077703963,214352.0,214.352,0.0,35969.4,35.9694,0.8321947077703964,18553.300000000003,18.553300000000004,0.9134447077703964,12524.650000000001,12.524650000000001,0.9415697077703964
cost-p2048-q256-s8,2048,256,2048,8,1,15493,406,15087,0.973794616923772,247888.0,247888.0,0.0,40580.600000000006,40580.600000000006,0.836294616923772,20439.7,20439.7,0.917544616923772,13467.85,13467.85,0.945669616923772
cost-p2048-q256-s8,2048,256,2048,8,10,15493,406,15087,0.973794616923772,247888.0,24788.8,0.0,40580.600000000006,4058.0600000000004,0.836294616923772,20439.7,2043.97,0.917544616923772,13467.85,1346.785,0.945669616923772
cost-p2048-q256-s8,2048,256,2048,8,100,15493,406,15087,0.973794616923772,247888.0,2478.88,0.0,40580.600000000006,405.80600000000004,0.836294616923772,20439.7,204.39700000000002,0.917544616923772,13467.85,134.6785,0.945669616923772
cost-p2048-q256-s8,2048,256,2048,8,1000,15493,406,15087,0.973794616923772,247888.0,247.888,0.0,40580.600000000006,40.580600000000004,0.836294616923772,20439.7,20.439700000000002,0.917544616923772,13467.85,13.46785,0.945669616923772
cost-p2048-q256-s9,2048,256,2048,9,1,17589,406,17183,0.9769173915515379,281424.0,281424.0,0.0,45191.8,45191.8,0.8394173915515379,22326.1,22326.1,0.9206673915515379,14411.05,14411.05,0.9487923915515379
cost-p2048-q256-s9,2048,256,2048,9,10,17589,406,17183,0.9769173915515379,281424.0,28142.4,0.0,45191.8,4519.18,0.8394173915515379,22326.1,2232.6099999999997,0.9206673915515379,14411.05,1441.105,0.9487923915515379
cost-p2048-q256-s9,2048,256,2048,9,100,17589,406,17183,0.9769173915515379,281424.0,2814.24,0.0,45191.8,451.918,0.8394173915515379,22326.1,223.261,0.9206673915515379,14411.05,144.1105,0.9487923915515379
cost-p2048-q256-s9,2048,256,2048,9,1000,17589,406,17183,0.9769173915515379,281424.0,281.424,0.0,45191.8,45.1918,0.8394173915515379,22326.1,22.3261,0.9206673915515379,14411.05,14.41105,0.9487923915515379
cost-p2048-q256-s10,2048,256,2048,10,1,9207,406,8801,0.9559031171934398,147312.0,147312.0,0.0,26751.4,26751.4,0.8184031171934398,14782.300000000001,14782.300000000001,0.8996531171934399,10639.150000000001,10639.150000000001,0.9277781171934398
cost-p2048-q256-s10,2048,256,2048,10,10,9207,406,8801,0.9559031171934398,147312.0,14731.2,0.0,26751.4,2675.1400000000003,0.8184031171934398,14782.300000000001,1478.23,0.8996531171934399,10639.150000000001,1063.9150000000002,0.9277781171934398
cost-p2048-q256-s10,2048,256,2048,10,100,9207,406,8801,0.9559031171934398,147312.0,1473.12,0.0,26751.4,267.514,0.8184031171934398,14782.300000000001,147.823,0.8996531171934399,10639.150000000001,106.39150000000001,0.9277781171934398
cost-p2048-q256-s10,2048,256,2048,10,1000,9207,406,8801,0.9559031171934398,147312.0,147.312,0.0,26751.4,26.7514,0.8184031171934398,14782.300000000001,14.782300000000001,0.8996531171934399,10639.150000000001,10.63915,0.9277781171934398
cost-p2048-q256-s11,2048,256,2048,11,1,11303,406,10897,0.9640803326550473,180848.0,180848.0,0.0,31362.600000000002,31362.600000000002,0.8265803326550473,16668.7,16668.7,0.9078303326550473,11582.35,11582.35,0.9359553326550473
cost-p2048-q256-s11,2048,256,2048,11,10,11303,406,10897,0.9640803326550473,180848.0,18084.8,0.0,31362.600000000002,3136.26,0.8265803326550473,16668.7,1666.8700000000001,0.9078303326550473,11582.35,1158.2350000000001,0.9359553326550473
cost-p2048-q256-s11,2048,256,2048,11,100,11303,406,10897,0.9640803326550473,180848.0,1808.48,0.0,31362.600000000002,313.62600000000003,0.8265803326550473,16668.7,166.687,0.9078303326550473,11582.35,115.82350000000001,0.9359553326550473
cost-p2048-q256-s11,2048,256,2048,11,1000,11303,406,10897,0.9640803326550473,180848.0,180.848,0.0,31362.600000000002,31.3626,0.8265803326550473,16668.7,16.6687,0.9078303326550473,11582.35,11.58235,0.9359553326550473
cost-p2048-q256-s12,2048,256,2048,12,1,13399,406,12993,0.9696992312859168,214384.0,214384.0,0.0,35973.8,35973.8,0.8321992312859169,18555.1,18555.1,0.9134492312859168,12525.55,12525.55,0.9415742312859169
cost-p2048-q256-s12,2048,256,2048,12,10,13399,406,12993,0.9696992312859168,214384.0,21438.4,0.0,35973.8,3597.38,0.8321992312859169,18555.1,1855.5099999999998,0.9134492312859168,12525.55,1252.5549999999998,0.9415742312859169
cost-p2048-q256-s12,2048,256,2048,12,100,13399,406,12993,0.9696992312859168,214384.0,2143.84,0.0,35973.8,359.73800000000006,0.8321992312859169,18555.1,185.551,0.9134492312859168,12525.55,125.2555,0.9415742312859169
cost-p2048-q256-s12,2048,256,2048,12,1000,13399,406,12993,0.9696992312859168,214384.0,214.384,0.0,35973.8,35.973800000000004,0.8321992312859169,18555.1,18.5551,0.9134492312859168,12525.55,12.525549999999999,0.9415742312859169
cost-p2048-q256-s13,2048,256,2048,13,1,15495,406,15089,0.9737979993546305,247920.0,247920.0,0.0,40585.0,40585.0,0.8362979993546306,20441.5,20441.5,0.9175479993546305,13468.75,13468.75,0.9456729993546306
cost-p2048-q256-s13,2048,256,2048,13,10,15495,406,15089,0.9737979993546305,247920.0,24792.0,0.0,40585.0,4058.5,0.8362979993546306,20441.5,2044.15,0.9175479993546305,13468.75,1346.875,0.9456729993546306
cost-p2048-q256-s13,2048,256,2048,13,100,15495,406,15089,0.9737979993546305,247920.0,2479.2,0.0,40585.0,405.85,0.8362979993546306,20441.5,204.415,0.9175479993546305,13468.75,134.6875,0.9456729993546306
cost-p2048-q256-s13,2048,256,2048,13,1000,15495,406,15089,0.9737979993546305,247920.0,247.92,0.0,40585.0,40.585,0.8362979993546306,20441.5,20.4415,0.9175479993546305,13468.75,13.46875,0.9456729993546306
cost-p2048-q256-s14,2048,256,2048,14,1,17591,406,17185,0.9769200159172304,281456.0,281456.0,0.0,45196.200000000004,45196.200000000004,0.8394200159172304,22327.9,22327.9,0.9206700159172304,14411.95,14411.95,0.9487950159172304
cost-p2048-q256-s14,2048,256,2048,14,10,17591,406,17185,0.9769200159172304,281456.0,28145.6,0.0,45196.200000000004,4519.620000000001,0.8394200159172304,22327.9,2232.79,0.9206700159172304,14411.95,1441.1950000000002,0.9487950159172304
cost-p2048-q256-s14,2048,256,2048,14,100,17591,406,17185,0.9769200159172304,281456.0,2814.56,0.0,45196.200000000004,451.96200000000005,0.8394200159172304,22327.9,223.27900000000002,0.9206700159172304,14411.95,144.11950000000002,0.9487950159172304
cost-p2048-q256-s14,2048,256,2048,14,1000,17591,406,17185,0.9769200159172304,281456.0,281.456,0.0,45196.200000000004,45.196200000000005,0.8394200159172304,22327.9,22.327900000000003,0.9206700159172304,14411.95,14.411950000000001,0.9487950159172304
cost-p2048-q256-s15,2048,256,2048,15,1,9207,406,8801,0.9559031171934398,147312.0,147312.0,0.0,26751.4,26751.4,0.8184031171934398,14782.300000000001,14782.300000000001,0.8996531171934399,10639.150000000001,10639.150000000001,0.9277781171934398
cost-p2048-q256-s15,2048,256,2048,15,10,9207,406,8801,0.9559031171934398,147312.0,14731.2,0.0,26751.4,2675.1400000000003,0.8184031171934398,14782.300000000001,1478.23,0.8996531171934399,10639.150000000001,1063.9150000000002,0.9277781171934398
cost-p2048-q256-s15,2048,256,2048,15,100,9207,406,8801,0.9559031171934398,147312.0,1473.12,0.0,26751.4,267.514,0.8184031171934398,14782.300000000001,147.823,0.8996531171934399,10639.150000000001,106.39150000000001,0.9277781171934398
cost-p2048-q256-s15,2048,256,2048,15,1000,9207,406,8801,0.9559031171934398,147312.0,147.312,0.0,26751.4,26.7514,0.8184031171934398,14782.300000000001,14.782300000000001,0.8996531171934399,10639.150000000001,10.63915,0.9277781171934398
cost-p2048-q256-s16,2048,256,2048,16,1,11303,406,10897,0.9640803326550473,180848.0,180848.0,0.0,31362.600000000002,31362.600000000002,0.8265803326550473,16668.7,16668.7,0.9078303326550473,11582.35,11582.35,0.9359553326550473
cost-p2048-q256-s16,2048,256,2048,16,10,11303,406,10897,0.9640803326550473,180848.0,18084.8,0.0,31362.600000000002,3136.26,0.8265803326550473,16668.7,1666.8700000000001,0.9078303326550473,11582.35,1158.2350000000001,0.9359553326550473
cost-p2048-q256-s16,2048,256,2048,16,100,11303,406,10897,0.9640803326550473,180848.0,1808.48,0.0,31362.600000000002,313.62600000000003,0.8265803326550473,16668.7,166.687,0.9078303326550473,11582.35,115.82350000000001,0.9359553326550473
cost-p2048-q256-s16,2048,256,2048,16,1000,11303,406,10897,0.9640803326550473,180848.0,180.848,0.0,31362.600000000002,31.3626,0.8265803326550473,16668.7,16.6687,0.9078303326550473,11582.35,11.58235,0.9359553326550473
cost-p2048-q256-s17,2048,256,2048,17,1,13399,406,12993,0.9696992312859168,214384.0,214384.0,0.0,35973.8,35973.8,0.8321992312859169,18555.1,18555.1,0.9134492312859168,12525.55,12525.55,0.9415742312859169
cost-p2048-q256-s17,2048,256,2048,17,10,13399,406,12993,0.9696992312859168,214384.0,21438.4,0.0,35973.8,3597.38,0.8321992312859169,18555.1,1855.5099999999998,0.9134492312859168,12525.55,1252.5549999999998,0.9415742312859169
cost-p2048-q256-s17,2048,256,2048,17,100,13399,406,12993,0.9696992312859168,214384.0,2143.84,0.0,35973.8,359.73800000000006,0.8321992312859169,18555.1,185.551,0.9134492312859168,12525.55,125.2555,0.9415742312859169
cost-p2048-q256-s17,2048,256,2048,17,1000,13399,406,12993,0.9696992312859168,214384.0,214.384,0.0,35973.8,35.973800000000004,0.8321992312859169,18555.1,18.5551,0.9134492312859168,12525.55,12.525549999999999,0.9415742312859169
cost-p2048-q256-s18,2048,256,2048,18,1,15495,406,15089,0.9737979993546305,247920.0,247920.0,0.0,40585.0,40585.0,0.8362979993546306,20441.5,20441.5,0.9175479993546305,13468.75,13468.75,0.9456729993546306
cost-p2048-q256-s18,2048,256,2048,18,10,15495,406,15089,0.9737979993546305,247920.0,24792.0,0.0,40585.0,4058.5,0.8362979993546306,20441.5,2044.15,0.9175479993546305,13468.75,1346.875,0.9456729993546306
cost-p2048-q256-s18,2048,256,2048,18,100,15495,406,15089,0.9737979993546305,247920.0,2479.2,0.0,40585.0,405.85,0.8362979993546306,20441.5,204.415,0.9175479993546305,13468.75,134.6875,0.9456729993546306
cost-p2048-q256-s18,2048,256,2048,18,1000,15495,406,15089,0.9737979993546305,247920.0,247.92,0.0,40585.0,40.585,0.8362979993546306,20441.5,20.4415,0.9175479993546305,13468.75,13.46875,0.9456729993546306
cost-p2048-q256-s19,2048,256,2048,19,1,17591,406,17185,0.9769200159172304,281456.0,281456.0,0.0,45196.200000000004,45196.200000000004,0.8394200159172304,22327.9,22327.9,0.9206700159172304,14411.95,14411.95,0.9487950159172304
cost-p2048-q256-s19,2048,256,2048,19,10,17591,406,17185,0.9769200159172304,281456.0,28145.6,0.0,45196.200000000004,4519.620000000001,0.8394200159172304,22327.9,2232.79,0.9206700159172304,14411.95,1441.1950000000002,0.9487950159172304
cost-p2048-q256-s19,2048,256,2048,19,100,17591,406,17185,0.9769200159172304,281456.0,2814.56,0.0,45196.200000000004,451.96200000000005,0.8394200159172304,22327.9,223.27900000000002,0.9206700159172304,14411.95,144.11950000000002,0.9487950159172304
cost-p2048-q256-s19,2048,256,2048,19,1000,17591,406,17185,0.9769200159172304,281456.0,281.456,0.0,45196.200000000004,45.196200000000005,0.8394200159172304,22327.9,22.327900000000003,0.9206700159172304,14411.95,14.411950000000001,0.9487950159172304
cost-p2048-q256-s20,2048,256,2048,20,1,9207,406,8801,0.9559031171934398,147312.0,147312.0,0.0,26751.4,26751.4,0.8184031171934398,14782.300000000001,14782.300000000001,0.8996531171934399,10639.150000000001,10639.150000000001,0.9277781171934398
cost-p2048-q256-s20,2048,256,2048,20,10,9207,406,8801,0.9559031171934398,147312.0,14731.2,0.0,26751.4,2675.1400000000003,0.8184031171934398,14782.300000000001,1478.23,0.8996531171934399,10639.150000000001,1063.9150000000002,0.9277781171934398
cost-p2048-q256-s20,2048,256,2048,20,100,9207,406,8801,0.9559031171934398,147312.0,1473.12,0.0,26751.4,267.514,0.8184031171934398,14782.300000000001,147.823,0.8996531171934399,10639.150000000001,106.39150000000001,0.9277781171934398
cost-p2048-q256-s20,2048,256,2048,20,1000,9207,406,8801,0.9559031171934398,147312.0,147.312,0.0,26751.4,26.7514,0.8184031171934398,14782.300000000001,14.782300000000001,0.8996531171934399,10639.150000000001,10.63915,0.9277781171934398
cost-p2048-q256-s21,2048,256,2048,21,1,11303,406,10897,0.9640803326550473,180848.0,180848.0,0.0,31362.600000000002,31362.600000000002,0.8265803326550473,16668.7,16668.7,0.9078303326550473,11582.35,11582.35,0.9359553326550473
cost-p2048-q256-s21,2048,256,2048,21,10,11303,406,10897,0.9640803326550473,180848.0,18084.8,0.0,31362.600000000002,3136.26,0.8265803326550473,16668.7,1666.8700000000001,0.9078303326550473,11582.35,1158.2350000000001,0.9359553326550473
cost-p2048-q256-s21,2048,256,2048,21,100,11303,406,10897,0.9640803326550473,180848.0,1808.48,0.0,31362.600000000002,313.62600000000003,0.8265803326550473,16668.7,166.687,0.9078303326550473,11582.35,115.82350000000001,0.9359553326550473
cost-p2048-q256-s21,2048,256,2048,21,1000,11303,406,10897,0.9640803326550473,180848.0,180.848,0.0,31362.600000000002,31.3626,0.8265803326550473,16668.7,16.6687,0.9078303326550473,11582.35,11.58235,0.9359553326550473
cost-p2048-q256-s22,2048,256,2048,22,1,13399,406,12993,0.9696992312859168,214384.0,214384.0,0.0,35973.8,35973.8,0.8321992312859169,18555.1,18555.1,0.9134492312859168,12525.55,12525.55,0.9415742312859169
cost-p2048-q256-s22,2048,256,2048,22,10,13399,406,12993,0.9696992312859168,214384.0,21438.4,0.0,35973.8,3597.38,0.8321992312859169,18555.1,1855.5099999999998,0.9134492312859168,12525.55,1252.5549999999998,0.9415742312859169
cost-p2048-q256-s22,2048,256,2048,22,100,13399,406,12993,0.9696992312859168,214384.0,2143.84,0.0,35973.8,359.73800000000006,0.8321992312859169,18555.1,185.551,0.9134492312859168,12525.55,125.2555,0.9415742312859169
cost-p2048-q256-s22,2048,256,2048,22,1000,13399,406,12993,0.9696992312859168,214384.0,214.384,0.0,35973.8,35.973800000000004,0.8321992312859169,18555.1,18.5551,0.9134492312859168,12525.55,12.525549999999999,0.9415742312859169
cost-p2048-q256-s23,2048,256,2048,23,1,15495,406,15089,0.9737979993546305,247920.0,247920.0,0.0,40585.0,40585.0,0.8362979993546306,20441.5,20441.5,0.9175479993546305,13468.75,13468.75,0.9456729993546306
cost-p2048-q256-s23,2048,256,2048,23,10,15495,406,15089,0.9737979993546305,247920.0,24792.0,0.0,40585.0,4058.5,0.8362979993546306,20441.5,2044.15,0.9175479993546305,13468.75,1346.875,0.9456729993546306
cost-p2048-q256-s23,2048,256,2048,23,100,15495,406,15089,0.9737979993546305,247920.0,2479.2,0.0,40585.0,405.85,0.8362979993546306,20441.5,204.415,0.9175479993546305,13468.75,134.6875,0.9456729993546306
cost-p2048-q256-s23,2048,256,2048,23,1000,15495,406,15089,0.9737979993546305,247920.0,247.92,0.0,40585.0,40.585,0.8362979993546306,20441.5,20.4415,0.9175479993546305,13468.75,13.46875,0.9456729993546306
cost-p2048-q256-s24,2048,256,2048,24,1,17591,406,17185,0.9769200159172304,281456.0,281456.0,0.0,45196.200000000004,45196.200000000004,0.8394200159172304,22327.9,22327.9,0.9206700159172304,14411.95,14411.95,0.9487950159172304
cost-p2048-q256-s24,2048,256,2048,24,10,17591,406,17185,0.9769200159172304,281456.0,28145.6,0.0,45196.200000000004,4519.620000000001,0.8394200159172304,22327.9,2232.79,0.9206700159172304,14411.95,1441.1950000000002,0.9487950159172304
cost-p2048-q256-s24,2048,256,2048,24,100,17591,406,17185,0.9769200159172304,281456.0,2814.56,0.0,45196.200000000004,451.96200000000005,0.8394200159172304,22327.9,223.27900000000002,0.9206700159172304,14411.95,144.11950000000002,0.9487950159172304
cost-p2048-q256-s24,2048,256,2048,24,1000,17591,406,17185,0.9769200159172304,281456.0,281.456,0.0,45196.200000000004,45.196200000000005,0.8394200159172304,22327.9,22.327900000000003,0.9206700159172304,14411.95,14.411950000000001,0.9487950159172304
cost-p2048-q256-s25,2048,256,2048,25,1,9207,406,8801,0.9559031171934398,147312.0,147312.0,0.0,26751.4,26751.4,0.8184031171934398,14782.300000000001,14782.300000000001,0.8996531171934399,10639.150000000001,10639.150000000001,0.9277781171934398
cost-p2048-q256-s25,2048,256,2048,25,10,9207,406,8801,0.9559031171934398,147312.0,14731.2,0.0,26751.4,2675.1400000000003,0.8184031171934398,14782.300000000001,1478.23,0.8996531171934399,10639.150000000001,1063.9150000000002,0.9277781171934398
cost-p2048-q256-s25,2048,256,2048,25,100,9207,406,8801,0.9559031171934398,147312.0,1473.12,0.0,26751.4,267.514,0.8184031171934398,14782.300000000001,147.823,0.8996531171934399,10639.150000000001,106.39150000000001,0.9277781171934398
cost-p2048-q256-s25,2048,256,2048,25,1000,9207,406,8801,0.9559031171934398,147312.0,147.312,0.0,26751.4,26.7514,0.8184031171934398,14782.300000000001,14.782300000000001,0.8996531171934399,10639.150000000001,10.63915,0.9277781171934398
cost-p2048-q256-s26,2048,256,2048,26,1,11303,406,10897,0.9640803326550473,180848.0,180848.0,0.0,31362.600000000002,31362.600000000002,0.8265803326550473,16668.7,16668.7,0.9078303326550473,11582.35,11582.35,0.9359553326550473
cost-p2048-q256-s26,2048,256,2048,26,10,11303,406,10897,0.9640803326550473,180848.0,18084.8,0.0,31362.600000000002,3136.26,0.8265803326550473,16668.7,1666.8700000000001,0.9078303326550473,11582.35,1158.2350000000001,0.9359553326550473
cost-p2048-q256-s26,2048,256,2048,26,100,11303,406,10897,0.9640803326550473,180848.0,1808.48,0.0,31362.600000000002,313.62600000000003,0.8265803326550473,16668.7,166.687,0.9078303326550473,11582.35,115.82350000000001,0.9359553326550473
cost-p2048-q256-s26,2048,256,2048,26,1000,11303,406,10897,0.9640803326550473,180848.0,180.848,0.0,31362.600000000002,31.3626,0.8265803326550473,16668.7,16.6687,0.9078303326550473,11582.35,11.58235,0.9359553326550473
cost-p2048-q256-s27,2048,256,2048,27,1,13399,406,12993,0.9696992312859168,214384.0,214384.0,0.0,35973.8,35973.8,0.8321992312859169,18555.1,18555.1,0.9134492312859168,12525.55,12525.55,0.9415742312859169
cost-p2048-q256-s27,2048,256,2048,27,10,13399,406,12993,0.9696992312859168,214384.0,21438.4,0.0,35973.8,3597.38,0.8321992312859169,18555.1,1855.5099999999998,0.9134492312859168,12525.55,1252.5549999999998,0.9415742312859169
cost-p2048-q256-s27,2048,256,2048,27,100,13399,406,12993,0.9696992312859168,214384.0,2143.84,0.0,35973.8,359.73800000000006,0.8321992312859169,18555.1,185.551,0.9134492312859168,12525.55,125.2555,0.9415742312859169
cost-p2048-q256-s27,2048,256,2048,27,1000,13399,406,12993,0.9696992312859168,214384.0,214.384,0.0,35973.8,35.973800000000004,0.8321992312859169,18555.1,18.5551,0.9134492312859168,12525.55,12.525549999999999,0.9415742312859169
cost-p2048-q256-s28,2048,256,2048,28,1,15495,406,15089,0.9737979993546305,247920.0,247920.0,0.0,40585.0,40585.0,0.8362979993546306,20441.5,20441.5,0.9175479993546305,13468.75,13468.75,0.9456729993546306
cost-p2048-q256-s28,2048,256,2048,28,10,15495,406,15089,0.9737979993546305,247920.0,24792.0,0.0,40585.0,4058.5,0.8362979993546306,20441.5,2044.15,0.9175479993546305,13468.75,1346.875,0.9456729993546306
cost-p2048-q256-s28,2048,256,2048,28,100,15495,406,15089,0.9737979993546305,247920.0,2479.2,0.0,40585.0,405.85,0.8362979993546306,20441.5,204.415,0.9175479993546305,13468.75,134.6875,0.9456729993546306
cost-p2048-q256-s28,2048,256,2048,28,1000,15495,406,15089,0.9737979993546305,247920.0,247.92,0.0,40585.0,40.585,0.8362979993546306,20441.5,20.4415,0.9175479993546305,13468.75,13.46875,0.9456729993546306
cost-p2048-q256-s29,2048,256,2048,29,1,17591,406,17185,0.9769200159172304,281456.0,281456.0,0.0,45196.200000000004,45196.200000000004,0.8394200159172304,22327.9,22327.9,0.9206700159172304,14411.95,14411.95,0.9487950159172304
cost-p2048-q256-s29,2048,256,2048,29,10,17591,406,17185,0.9769200159172304,281456.0,28145.6,0.0,45196.200000000004,4519.620000000001,0.8394200159172304,22327.9,2232.79,0.9206700159172304,14411.95,1441.1950000000002,0.9487950159172304
cost-p2048-q256-s29,2048,256,2048,29,100,17591,406,17185,0.9769200159172304,281456.0,2814.56,0.0,45196.200000000004,451.96200000000005,0.8394200159172304,22327.9,223.27900000000002,0.9206700159172304,14411.95,144.11950000000002,0.9487950159172304
cost-p2048-q256-s29,2048,256,2048,29,1000,17591,406,17185,0.9769200159172304,281456.0,281.456,0.0,45196.200000000004,45.196200000000005,0.8394200159172304,22327.9,22.327900000000003,0.9206700159172304,14411.95,14.411950000000001,0.9487950159172304
cost-p2048-q256-s30,2048,256,2048,30,1,9207,406,8801,0.9559031171934398,147312.0,147312.0,0.0,26751.4,26751.4,0.8184031171934398,14782.300000000001,14782.300000000001,0.8996531171934399,10639.150000000001,10639.150000000001,0.9277781171934398
cost-p2048-q256-s30,2048,256,2048,30,10,9207,406,8801,0.9559031171934398,147312.0,14731.2,0.0,26751.4,2675.1400000000003,0.8184031171934398,14782.300000000001,1478.23,0.8996531171934399,10639.150000000001,1063.9150000000002,0.9277781171934398
cost-p2048-q256-s30,2048,256,2048,30,100,9207,406,8801,0.9559031171934398,147312.0,1473.12,0.0,26751.4,267.514,0.8184031171934398,14782.300000000001,147.823,0.8996531171934399,10639.150000000001,106.39150000000001,0.9277781171934398
cost-p2048-q256-s30,2048,256,2048,30,1000,9207,406,8801,0.9559031171934398,147312.0,147.312,0.0,26751.4,26.7514,0.8184031171934398,14782.300000000001,14.782300000000001,0.8996531171934399,10639.150000000001,10.63915,0.9277781171934398
cost-p2048-q256-s31,2048,256,2048,31,1,11303,406,10897,0.9640803326550473,180848.0,180848.0,0.0,31362.600000000002,31362.600000000002,0.8265803326550473,16668.7,16668.7,0.9078303326550473,11582.35,11582.35,0.9359553326550473
cost-p2048-q256-s31,2048,256,2048,31,10,11303,406,10897,0.9640803326550473,180848.0,18084.8,0.0,31362.600000000002,3136.26,0.8265803326550473,16668.7,1666.8700000000001,0.9078303326550473,11582.35,1158.2350000000001,0.9359553326550473
cost-p2048-q256-s31,2048,256,2048,31,100,11303,406,10897,0.9640803326550473,180848.0,1808.48,0.0,31362.600000000002,313.62600000000003,0.8265803326550473,16668.7,166.687,0.9078303326550473,11582.35,115.82350000000001,0.9359553326550473
cost-p2048-q256-s31,2048,256,2048,31,1000,11303,406,10897,0.9640803326550473,180848.0,180.848,0.0,31362.600000000002,31.3626,0.8265803326550473,16668.7,16.6687,0.9078303326550473,11582.35,11.58235,0.9359553326550473
cost-p2048-q256-s32,2048,256,2048,32,1,13399,406,12993,0.9696992312859168,214384.0,214384.0,0.0,35973.8,35973.8,0.8321992312859169,18555.1,18555.1,0.9134492312859168,12525.55,12525.55,0.9415742312859169
cost-p2048-q256-s32,2048,256,2048,32,10,13399,406,12993,0.9696992312859168,214384.0,21438.4,0.0,35973.8,3597.38,0.8321992312859169,18555.1,1855.5099999999998,0.9134492312859168,12525.55,1252.5549999999998,0.9415742312859169
cost-p2048-q256-s32,2048,256,2048,32,100,13399,406,12993,0.9696992312859168,214384.0,2143.84,0.0,35973.8,359.73800000000006,0.8321992312859169,18555.1,185.551,0.9134492312859168,12525.55,125.2555,0.9415742312859169
cost-p2048-q256-s32,2048,256,2048,32,1000,13399,406,12993,0.9696992312859168,214384.0,214.384,0.0,35973.8,35.973800000000004,0.8321992312859169,18555.1,18.5551,0.9134492312859168,12525.55,12.525549999999999,0.9415742312859169
cost-p2048-q256-s33,2048,256,2048,33,1,15495,406,15089,0.9737979993546305,247920.0,247920.0,0.0,40585.0,40585.0,0.8362979993546306,20441.5,20441.5,0.9175479993546305,13468.75,13468.75,0.9456729993546306
cost-p2048-q256-s33,2048,256,2048,33,10,15495,406,15089,0.9737979993546305,247920.0,24792.0,0.0,40585.0,4058.5,0.8362979993546306,20441.5,2044.15,0.9175479993546305,13468.75,1346.875,0.9456729993546306
cost-p2048-q256-s33,2048,256,2048,33,100,15495,406,15089,0.9737979993546305,247920.0,2479.2,0.0,40585.0,405.85,0.8362979993546306,20441.5,204.415,0.9175479993546305,13468.75,134.6875,0.9456729993546306
cost-p2048-q256-s33,2048,256,2048,33,1000,15495,406,15089,0.9737979993546305,247920.0,247.92,0.0,40585.0,40.585,0.8362979993546306,20441.5,20.4415,0.9175479993546305,13468.75,13.46875,0.9456729993546306
cost-p2048-q256-s34,2048,256,2048,34,1,17591,406,17185,0.9769200159172304,281456.0,281456.0,0.0,45196.200000000004,45196.200000000004,0.8394200159172304,22327.9,22327.9,0.9206700159172304,14411.95,14411.95,0.9487950159172304
cost-p2048-q256-s34,2048,256,2048,34,10,17591,406,17185,0.9769200159172304,281456.0,28145.6,0.0,45196.200000000004,4519.620000000001,0.8394200159172304,22327.9,2232.79,0.9206700159172304,14411.95,1441.1950000000002,0.9487950159172304
cost-p2048-q256-s34,2048,256,2048,34,100,17591,406,17185,0.9769200159172304,281456.0,2814.56,0.0,45196.200000000004,451.96200000000005,0.8394200159172304,22327.9,223.27900000000002,0.9206700159172304,14411.95,144.11950000000002,0.9487950159172304
cost-p2048-q256-s34,2048,256,2048,34,1000,17591,406,17185,0.9769200159172304,281456.0,281.456,0.0,45196.200000000004,45.196200000000005,0.8394200159172304,22327.9,22.327900000000003,0.9206700159172304,14411.95,14.411950000000001,0.9487950159172304
cost-p2048-q256-s35,2048,256,2048,35,1,9207,406,8801,0.9559031171934398,147312.0,147312.0,0.0,26751.4,26751.4,0.8184031171934398,14782.300000000001,14782.300000000001,0.8996531171934399,10639.150000000001,10639.150000000001,0.9277781171934398
cost-p2048-q256-s35,2048,256,2048,35,10,9207,406,8801,0.9559031171934398,147312.0,14731.2,0.0,26751.4,2675.1400000000003,0.8184031171934398,14782.300000000001,1478.23,0.8996531171934399,10639.150000000001,1063.9150000000002,0.9277781171934398
cost-p2048-q256-s35,2048,256,2048,35,100,9207,406,8801,0.9559031171934398,147312.0,1473.12,0.0,26751.4,267.514,0.8184031171934398,14782.300000000001,147.823,0.8996531171934399,10639.150000000001,106.39150000000001,0.9277781171934398
cost-p2048-q256-s35,2048,256,2048,35,1000,9207,406,8801,0.9559031171934398,147312.0,147.312,0.0,26751.4,26.7514,0.8184031171934398,14782.300000000001,14.782300000000001,0.8996531171934399,10639.150000000001,10.63915,0.9277781171934398
cost-p2048-q256-s36,2048,256,2048,36,1,11303,406,10897,0.9640803326550473,180848.0,180848.0,0.0,31362.600000000002,31362.600000000002,0.8265803326550473,16668.7,16668.7,0.9078303326550473,11582.35,11582.35,0.9359553326550473
cost-p2048-q256-s36,2048,256,2048,36,10,11303,406,10897,0.9640803326550473,180848.0,18084.8,0.0,31362.600000000002,3136.26,0.8265803326550473,16668.7,1666.8700000000001,0.9078303326550473,11582.35,1158.2350000000001,0.9359553326550473
cost-p2048-q256-s36,2048,256,2048,36,100,11303,406,10897,0.9640803326550473,180848.0,1808.48,0.0,31362.600000000002,313.62600000000003,0.8265803326550473,16668.7,166.687,0.9078303326550473,11582.35,115.82350000000001,0.9359553326550473
cost-p2048-q256-s36,2048,256,2048,36,1000,11303,406,10897,0.9640803326550473,180848.0,180.848,0.0,31362.600000000002,31.3626,0.8265803326550473,16668.7,16.6687,0.9078303326550473,11582.35,11.58235,0.9359553326550473
cost-p2048-q256-s37,2048,256,2048,37,1,13399,406,12993,0.9696992312859168,214384.0,214384.0,0.0,35973.8,35973.8,0.8321992312859169,18555.1,18555.1,0.9134492312859168,12525.55,12525.55,0.9415742312859169
cost-p2048-q256-s37,2048,256,2048,37,10,13399,406,12993,0.9696992312859168,214384.0,21438.4,0.0,35973.8,3597.38,0.8321992312859169,18555.1,1855.5099999999998,0.9134492312859168,12525.55,1252.5549999999998,0.9415742312859169
cost-p2048-q256-s37,2048,256,2048,37,100,13399,406,12993,0.9696992312859168,214384.0,2143.84,0.0,35973.8,359.73800000000006,0.8321992312859169,18555.1,185.551,0.9134492312859168,12525.55,125.2555,0.9415742312859169
cost-p2048-q256-s37,2048,256,2048,37,1000,13399,406,12993,0.9696992312859168,214384.0,214.384,0.0,35973.8,35.973800000000004,0.8321992312859169,18555.1,18.5551,0.9134492312859168,12525.55,12.525549999999999,0.9415742312859169
cost-p2048-q256-s38,2048,256,2048,38,1,15495,406,15089,0.9737979993546305,247920.0,247920.0,0.0,40585.0,40585.0,0.8362979993546306,20441.5,20441.5,0.9175479993546305,13468.75,13468.75,0.9456729993546306
cost-p2048-q256-s38,2048,256,2048,38,10,15495,406,15089,0.9737979993546305,247920.0,24792.0,0.0,40585.0,4058.5,0.8362979993546306,20441.5,2044.15,0.9175479993546305,13468.75,1346.875,0.9456729993546306
cost-p2048-q256-s38,2048,256,2048,38,100,15495,406,15089,0.9737979993546305,247920.0,2479.2,0.0,40585.0,405.85,0.8362979993546306,20441.5,204.415,0.9175479993546305,13468.75,134.6875,0.9456729993546306
cost-p2048-q256-s38,2048,256,2048,38,1000,15495,406,15089,0.9737979993546305,247920.0,247.92,0.0,40585.0,40.585,0.8362979993546306,20441.5,20.4415,0.9175479993546305,13468.75,13.46875,0.9456729993546306
cost-p2048-q256-s39,2048,256,2048,39,1,17591,406,17185,0.9769200159172304,281456.0,281456.0,0.0,45196.200000000004,45196.200000000004,0.8394200159172304,22327.9,22327.9,0.9206700159172304,14411.95,14411.95,0.9487950159172304
cost-p2048-q256-s39,2048,256,2048,39,10,17591,406,17185,0.9769200159172304,281456.0,28145.6,0.0,45196.200000000004,4519.620000000001,0.8394200159172304,22327.9,2232.79,0.9206700159172304,14411.95,1441.1950000000002,0.9487950159172304
cost-p2048-q256-s39,2048,256,2048,39,100,17591,406,17185,0.9769200159172304,281456.0,2814.56,0.0,45196.200000000004,451.96200000000005,0.8394200159172304,22327.9,223.27900000000002,0.9206700159172304,14411.95,144.11950000000002,0.9487950159172304
cost-p2048-q256-s39,2048,256,2048,39,1000,17591,406,17185,0.9769200159172304,281456.0,281.456,0.0,45196.200000000004,45.196200000000005,0.8394200159172304,22327.9,22.327900000000003,0.9206700159172304,14411.95,14.411950000000001,0.9487950159172304
cost-p2048-q256-s40,2048,256,2048,40,1,9207,406,8801,0.9559031171934398,147312.0,147312.0,0.0,26751.4,26751.4,0.8184031171934398,14782.300000000001,14782.300000000001,0.8996531171934399,10639.150000000001,10639.150000000001,0.9277781171934398
cost-p2048-q256-s40,2048,256,2048,40,10,9207,406,8801,0.9559031171934398,147312.0,14731.2,0.0,26751.4,2675.1400000000003,0.8184031171934398,14782.300000000001,1478.23,0.8996531171934399,10639.150000000001,1063.9150000000002,0.9277781171934398
cost-p2048-q256-s40,2048,256,2048,40,100,9207,406,8801,0.9559031171934398,147312.0,1473.12,0.0,26751.4,267.514,0.8184031171934398,14782.300000000001,147.823,0.8996531171934399,10639.150000000001,106.39150000000001,0.9277781171934398
cost-p2048-q256-s40,2048,256,2048,40,1000,9207,406,8801,0.9559031171934398,147312.0,147.312,0.0,26751.4,26.7514,0.8184031171934398,14782.300000000001,14.782300000000001,0.8996531171934399,10639.150000000001,10.63915,0.9277781171934398
cost-p2048-q256-s41,2048,256,2048,41,1,11303,406,10897,0.9640803326550473,180848.0,180848.0,0.0,31362.600000000002,31362.600000000002,0.8265803326550473,16668.7,16668.7,0.9078303326550473,11582.35,11582.35,0.9359553326550473
cost-p2048-q256-s41,2048,256,2048,41,10,11303,406,10897,0.9640803326550473,180848.0,18084.8,0.0,31362.600000000002,3136.26,0.8265803326550473,16668.7,1666.8700000000001,0.9078303326550473,11582.35,1158.2350000000001,0.9359553326550473
cost-p2048-q256-s41,2048,256,2048,41,100,11303,406,10897,0.9640803326550473,180848.0,1808.48,0.0,31362.600000000002,313.62600000000003,0.8265803326550473,16668.7,166.687,0.9078303326550473,11582.35,115.82350000000001,0.9359553326550473
cost-p2048-q256-s41,2048,256,2048,41,1000,11303,406,10897,0.9640803326550473,180848.0,180.848,0.0,31362.600000000002,31.3626,0.8265803326550473,16668.7,16.6687,0.9078303326550473,11582.35,11.58235,0.9359553326550473
cost-p2048-q256-s42,2048,256,2048,42,1,13399,406,12993,0.9696992312859168,214384.0,214384.0,0.0,35973.8,35973.8,0.8321992312859169,18555.1,18555.1,0.9134492312859168,12525.55,12525.55,0.9415742312859169
cost-p2048-q256-s42,2048,256,2048,42,10,13399,406,12993,0.9696992312859168,214384.0,21438.4,0.0,35973.8,3597.38,0.8321992312859169,18555.1,1855.5099999999998,0.9134492312859168,12525.55,1252.5549999999998,0.9415742312859169
cost-p2048-q256-s42,2048,256,2048,42,100,13399,406,12993,0.9696992312859168,214384.0,2143.84,0.0,35973.8,359.73800000000006,0.8321992312859169,18555.1,185.551,0.9134492312859168,12525.55,125.2555,0.9415742312859169
cost-p2048-q256-s42,2048,256,2048,42,1000,13399,406,12993,0.9696992312859168,214384.0,214.384,0.0,35973.8,35.973800000000004,0.8321992312859169,18555.1,18.5551,0.9134492312859168,12525.55,12.525549999999999,0.9415742312859169
cost-p2048-q256-s43,2048,256,2048,43,1,15495,406,15089,0.9737979993546305,247920.0,247920.0,0.0,40585.0,40585.0,0.8362979993546306,20441.5,20441.5,0.9175479993546305,13468.75,13468.75,0.9456729993546306
cost-p2048-q256-s43,2048,256,2048,43,10,15495,406,15089,0.9737979993546305,247920.0,24792.0,0.0,40585.0,4058.5,0.8362979993546306,20441.5,2044.15,0.9175479993546305,13468.75,1346.875,0.9456729993546306
cost-p2048-q256-s43,2048,256,2048,43,100,15495,406,15089,0.9737979993546305,247920.0,2479.2,0.0,40585.0,405.85,0.8362979993546306,20441.5,204.415,0.9175479993546305,13468.75,134.6875,0.9456729993546306
cost-p2048-q256-s43,2048,256,2048,43,1000,15495,406,15089,0.9737979993546305,247920.0,247.92,0.0,40585.0,40.585,0.8362979993546306,20441.5,20.4415,0.9175479993546305,13468.75,13.46875,0.9456729993546306
cost-p2048-q256-s44,2048,256,2048,44,1,17591,406,17185,0.9769200159172304,281456.0,281456.0,0.0,45196.200000000004,45196.200000000004,0.8394200159172304,22327.9,22327.9,0.9206700159172304,14411.95,14411.95,0.9487950159172304
cost-p2048-q256-s44,2048,256,2048,44,10,17591,406,17185,0.9769200159172304,281456.0,28145.6,0.0,45196.200000000004,4519.620000000001,0.8394200159172304,22327.9,2232.79,0.9206700159172304,14411.95,1441.1950000000002,0.9487950159172304
cost-p2048-q256-s44,2048,256,2048,44,100,17591,406,17185,0.9769200159172304,281456.0,2814.56,0.0,45196.200000000004,451.96200000000005,0.8394200159172304,22327.9,223.27900000000002,0.9206700159172304,14411.95,144.11950000000002,0.9487950159172304
cost-p2048-q256-s44,2048,256,2048,44,1000,17591,406,17185,0.9769200159172304,281456.0,281.456,0.0,45196.200000000004,45.196200000000005,0.8394200159172304,22327.9,22.327900000000003,0.9206700159172304,14411.95,14.411950000000001,0.9487950159172304
cost-p2048-q256-s45,2048,256,2048,45,1,9207,406,8801,0.9559031171934398,147312.0,147312.0,0.0,26751.4,26751.4,0.8184031171934398,14782.300000000001,14782.300000000001,0.8996531171934399,10639.150000000001,10639.150000000001,0.9277781171934398
cost-p2048-q256-s45,2048,256,2048,45,10,9207,406,8801,0.9559031171934398,147312.0,14731.2,0.0,26751.4,2675.1400000000003,0.8184031171934398,14782.300000000001,1478.23,0.8996531171934399,10639.150000000001,1063.9150000000002,0.9277781171934398
cost-p2048-q256-s45,2048,256,2048,45,100,9207,406,8801,0.9559031171934398,147312.0,1473.12,0.0,26751.4,267.514,0.8184031171934398,14782.300000000001,147.823,0.8996531171934399,10639.150000000001,106.39150000000001,0.9277781171934398
cost-p2048-q256-s45,2048,256,2048,45,1000,9207,406,8801,0.9559031171934398,147312.0,147.312,0.0,26751.4,26.7514,0.8184031171934398,14782.300000000001,14.782300000000001,0.8996531171934399,10639.150000000001,10.63915,0.9277781171934398
cost-p2048-q256-s46,2048,256,2048,46,1,11303,406,10897,0.9640803326550473,180848.0,180848.0,0.0,31362.600000000002,31362.600000000002,0.8265803326550473,16668.7,16668.7,0.9078303326550473,11582.35,11582.35,0.9359553326550473
cost-p2048-q256-s46,2048,256,2048,46,10,11303,406,10897,0.9640803326550473,180848.0,18084.8,0.0,31362.600000000002,3136.26,0.8265803326550473,16668.7,1666.8700000000001,0.9078303326550473,11582.35,1158.2350000000001,0.9359553326550473
cost-p2048-q256-s46,2048,256,2048,46,100,11303,406,10897,0.9640803326550473,180848.0,1808.48,0.0,31362.600000000002,313.62600000000003,0.8265803326550473,16668.7,166.687,0.9078303326550473,11582.35,115.82350000000001,0.9359553326550473
cost-p2048-q256-s46,2048,256,2048,46,1000,11303,406,10897,0.9640803326550473,180848.0,180.848,0.0,31362.600000000002,31.3626,0.8265803326550473,16668.7,16.6687,0.9078303326550473,11582.35,11.58235,0.9359553326550473
cost-p2048-q256-s47,2048,256,2048,47,1,13399,406,12993,0.9696992312859168,214384.0,214384.0,0.0,35973.8,35973.8,0.8321992312859169,18555.1,18555.1,0.9134492312859168,12525.55,12525.55,0.9415742312859169
cost-p2048-q256-s47,2048,256,2048,47,10,13399,406,12993,0.9696992312859168,214384.0,21438.4,0.0,35973.8,3597.38,0.8321992312859169,18555.1,1855.5099999999998,0.9134492312859168,12525.55,1252.5549999999998,0.9415742312859169
cost-p2048-q256-s47,2048,256,2048,47,100,13399,406,12993,0.9696992312859168,214384.0,2143.84,0.0,35973.8,359.73800000000006,0.8321992312859169,18555.1,185.551,0.9134492312859168,12525.55,125.2555,0.9415742312859169
cost-p2048-q256-s47,2048,256,2048,47,1000,13399,406,12993,0.9696992312859168,214384.0,214.384,0.0,35973.8,35.973800000000004,0.8321992312859169,18555.1,18.5551,0.9134492312859168,12525.55,12.525549999999999,0.9415742312859169
cost-p2048-q256-s48,2048,256,2048,48,1,15495,406,15089,0.9737979993546305,247920.0,247920.0,0.0,40585.0,40585.0,0.8362979993546306,20441.5,20441.5,0.9175479993546305,13468.75,13468.75,0.9456729993546306
cost-p2048-q256-s48,2048,256,2048,48,10,15495,406,15089,0.9737979993546305,247920.0,24792.0,0.0,40585.0,4058.5,0.8362979993546306,20441.5,2044.15,0.9175479993546305,13468.75,1346.875,0.9456729993546306
cost-p2048-q256-s48,2048,256,2048,48,100,15495,406,15089,0.9737979993546305,247920.0,2479.2,0.0,40585.0,405.85,0.8362979993546306,20441.5,204.415,0.9175479993546305,13468.75,134.6875,0.9456729993546306
cost-p2048-q256-s48,2048,256,2048,48,1000,15495,406,15089,0.9737979993546305,247920.0,247.92,0.0,40585.0,40.585,0.8362979993546306,20441.5,20.4415,0.9175479993546305,13468.75,13.46875,0.9456729993546306
cost-p2048-q256-s49,2048,256,2048,49,1,17591,406,17185,0.9769200159172304,281456.0,281456.0,0.0,45196.200000000004,45196.200000000004,0.8394200159172304,22327.9,22327.9,0.9206700159172304,14411.95,14411.95,0.9487950159172304
cost-p2048-q256-s49,2048,256,2048,49,10,17591,406,17185,0.9769200159172304,281456.0,28145.6,0.0,45196.200000000004,4519.620000000001,0.8394200159172304,22327.9,2232.79,0.9206700159172304,14411.95,1441.1950000000002,0.9487950159172304
cost-p2048-q256-s49,2048,256,2048,49,100,17591,406,17185,0.9769200159172304,281456.0,2814.56,0.0,45196.200000000004,451.96200000000005,0.8394200159172304,22327.9,223.27900000000002,0.9206700159172304,14411.95,144.11950000000002,0.9487950159172304
cost-p2048-q256-s49,2048,256,2048,49,1000,17591,406,17185,0.9769200159172304,281456.0,281.456,0.0,45196.200000000004,45.196200000000005,0.8394200159172304,22327.9,22.327900000000003,0.9206700159172304,14411.95,14.411950000000001,0.9487950159172304
cost-p2048-q256-s50,2048,256,2048,50,1,9207,406,8801,0.9559031171934398,147312.0,147312.0,0.0,26751.4,26751.4,0.8184031171934398,14782.300000000001,14782.300000000001,0.8996531171934399,10639.150000000001,10639.150000000001,0.9277781171934398
cost-p2048-q256-s50,2048,256,2048,50,10,9207,406,8801,0.9559031171934398,147312.0,14731.2,0.0,26751.4,2675.1400000000003,0.8184031171934398,14782.300000000001,1478.23,0.8996531171934399,10639.150000000001,1063.9150000000002,0.9277781171934398
cost-p2048-q256-s50,2048,256,2048,50,100,9207,406,8801,0.9559031171934398,147312.0,1473.12,0.0,26751.4,267.514,0.8184031171934398,14782.300000000001,147.823,0.8996531171934399,10639.150000000001,106.39150000000001,0.9277781171934398
cost-p2048-q256-s50,2048,256,2048,50,1000,9207,406,8801,0.9559031171934398,147312.0,147.312,0.0,26751.4,26.7514,0.8184031171934398,14782.300000000001,14.782300000000001,0.8996531171934399,10639.150000000001,10.63915,0.9277781171934398
cost-p2048-q256-s51,2048,256,2048,51,1,11303,406,10897,0.9640803326550473,180848.0,180848.0,0.0,31362.600000000002,31362.600000000002,0.8265803326550473,16668.7,16668.7,0.9078303326550473,11582.35,11582.35,0.9359553326550473
cost-p2048-q256-s51,2048,256,2048,51,10,11303,406,10897,0.9640803326550473,180848.0,18084.8,0.0,31362.600000000002,3136.26,0.8265803326550473,16668.7,1666.8700000000001,0.9078303326550473,11582.35,1158.2350000000001,0.9359553326550473
cost-p2048-q256-s51,2048,256,2048,51,100,11303,406,10897,0.9640803326550473,180848.0,1808.48,0.0,31362.600000000002,313.62600000000003,0.8265803326550473,16668.7,166.687,0.9078303326550473,11582.35,115.82350000000001,0.9359553326550473
cost-p2048-q256-s51,2048,256,2048,51,1000,11303,406,10897,0.9640803326550473,180848.0,180.848,0.0,31362.600000000002,31.3626,0.8265803326550473,16668.7,16.6687,0.9078303326550473,11582.35,11.58235,0.9359553326550473
cost-p2048-q256-s52,2048,256,2048,52,1,13399,406,12993,0.9696992312859168,214384.0,214384.0,0.0,35973.8,35973.8,0.8321992312859169,18555.1,18555.1,0.9134492312859168,12525.55,12525.55,0.9415742312859169
cost-p2048-q256-s52,2048,256,2048,52,10,13399,406,12993,0.9696992312859168,214384.0,21438.4,0.0,35973.8,3597.38,0.8321992312859169,18555.1,1855.5099999999998,0.9134492312859168,12525.55,1252.5549999999998,0.9415742312859169
cost-p2048-q256-s52,2048,256,2048,52,100,13399,406,12993,0.9696992312859168,214384.0,2143.84,0.0,35973.8,359.73800000000006,0.8321992312859169,18555.1,185.551,0.9134492312859168,12525.55,125.2555,0.9415742312859169
cost-p2048-q256-s52,2048,256,2048,52,1000,13399,406,12993,0.9696992312859168,214384.0,214.384,0.0,35973.8,35.973800000000004,0.8321992312859169,18555.1,18.5551,0.9134492312859168,12525.55,12.525549999999999,0.9415742312859169
cost-p2048-q256-s53,2048,256,2048,53,1,15495,406,15089,0.9737979993546305,247920.0,247920.0,0.0,40585.0,40585.0,0.8362979993546306,20441.5,20441.5,0.9175479993546305,13468.75,13468.75,0.9456729993546306
cost-p2048-q256-s53,2048,256,2048,53,10,15495,406,15089,0.9737979993546305,247920.0,24792.0,0.0,40585.0,4058.5,0.8362979993546306,20441.5,2044.15,0.9175479993546305,13468.75,1346.875,0.9456729993546306
cost-p2048-q256-s53,2048,256,2048,53,100,15495,406,15089,0.9737979993546305,247920.0,2479.2,0.0,40585.0,405.85,0.8362979993546306,20441.5,204.415,0.9175479993546305,13468.75,134.6875,0.9456729993546306
cost-p2048-q256-s53,2048,256,2048,53,1000,15495,406,15089,0.9737979993546305,247920.0,247.92,0.0,40585.0,40.585,0.8362979993546306,20441.5,20.4415,0.9175479993546305,13468.75,13.46875,0.9456729993546306
cost-p2048-q256-s54,2048,256,2048,54,1,17591,406,17185,0.9769200159172304,281456.0,281456.0,0.0,45196.200000000004,45196.200000000004,0.8394200159172304,22327.9,22327.9,0.9206700159172304,14411.95,14411.95,0.9487950159172304
cost-p2048-q256-s54,2048,256,2048,54,10,17591,406,17185,0.9769200159172304,281456.0,28145.6,0.0,45196.200000000004,4519.620000000001,0.8394200159172304,22327.9,2232.79,0.9206700159172304,14411.95,1441.1950000000002,0.9487950159172304
cost-p2048-q256-s54,2048,256,2048,54,100,17591,406,17185,0.9769200159172304,281456.0,2814.56,0.0,45196.200000000004,451.96200000000005,0.8394200159172304,22327.9,223.27900000000002,0.9206700159172304,14411.95,144.11950000000002,0.9487950159172304
cost-p2048-q256-s54,2048,256,2048,54,1000,17591,406,17185,0.9769200159172304,281456.0,281.456,0.0,45196.200000000004,45.196200000000005,0.8394200159172304,22327.9,22.327900000000003,0.9206700159172304,14411.95,14.411950000000001,0.9487950159172304
cost-p2048-q256-s55,2048,256,2048,55,1,9207,406,8801,0.9559031171934398,147312.0,147312.0,0.0,26751.4,26751.4,0.8184031171934398,14782.300000000001,14782.300000000001,0.8996531171934399,10639.150000000001,10639.150000000001,0.9277781171934398
cost-p2048-q256-s55,2048,256,2048,55,10,9207,406,8801,0.9559031171934398,147312.0,14731.2,0.0,26751.4,2675.1400000000003,0.8184031171934398,14782.300000000001,1478.23,0.8996531171934399,10639.150000000001,1063.9150000000002,0.9277781171934398
cost-p2048-q256-s55,2048,256,2048,55,100,9207,406,8801,0.9559031171934398,147312.0,1473.12,0.0,26751.4,267.514,0.8184031171934398,14782.300000000001,147.823,0.8996531171934399,10639.150000000001,106.39150000000001,0.9277781171934398
cost-p2048-q256-s55,2048,256,2048,55,1000,9207,406,8801,0.9559031171934398,147312.0,147.312,0.0,26751.4,26.7514,0.8184031171934398,14782.300000000001,14.782300000000001,0.8996531171934399,10639.150000000001,10.63915,0.9277781171934398
cost-p2048-q256-s56,2048,256,2048,56,1,11303,406,10897,0.9640803326550473,180848.0,180848.0,0.0,31362.600000000002,31362.600000000002,0.8265803326550473,16668.7,16668.7,0.9078303326550473,11582.35,11582.35,0.9359553326550473
cost-p2048-q256-s56,2048,256,2048,56,10,11303,406,10897,0.9640803326550473,180848.0,18084.8,0.0,31362.600000000002,3136.26,0.8265803326550473,16668.7,1666.8700000000001,0.9078303326550473,11582.35,1158.2350000000001,0.9359553326550473
cost-p2048-q256-s56,2048,256,2048,56,100,11303,406,10897,0.9640803326550473,180848.0,1808.48,0.0,31362.600000000002,313.62600000000003,0.8265803326550473,16668.7,166.687,0.9078303326550473,11582.35,115.82350000000001,0.9359553326550473
cost-p2048-q256-s56,2048,256,2048,56,1000,11303,406,10897,0.9640803326550473,180848.0,180.848,0.0,31362.600000000002,31.3626,0.8265803326550473,16668.7,16.6687,0.9078303326550473,11582.35,11.58235,0.9359553326550473
cost-p2048-q256-s57,2048,256,2048,57,1,13399,406,12993,0.9696992312859168,214384.0,214384.0,0.0,35973.8,35973.8,0.8321992312859169,18555.1,18555.1,0.9134492312859168,12525.55,12525.55,0.9415742312859169
cost-p2048-q256-s57,2048,256,2048,57,10,13399,406,12993,0.9696992312859168,214384.0,21438.4,0.0,35973.8,3597.38,0.8321992312859169,18555.1,1855.5099999999998,0.9134492312859168,12525.55,1252.5549999999998,0.9415742312859169
cost-p2048-q256-s57,2048,256,2048,57,100,13399,406,12993,0.9696992312859168,214384.0,2143.84,0.0,35973.8,359.73800000000006,0.8321992312859169,18555.1,185.551,0.9134492312859168,12525.55,125.2555,0.9415742312859169
cost-p2048-q256-s57,2048,256,2048,57,1000,13399,406,12993,0.9696992312859168,214384.0,214.384,0.0,35973.8,35.973800000000004,0.8321992312859169,18555.1,18.5551,0.9134492312859168,12525.55,12.525549999999999,0.9415742312859169
cost-p2048-q256-s58,2048,256,2048,58,1,15495,406,15089,0.9737979993546305,247920.0,247920.0,0.0,40585.0,40585.0,0.8362979993546306,20441.5,20441.5,0.9175479993546305,13468.75,13468.75,0.9456729993546306
cost-p2048-q256-s58,2048,256,2048,58,10,15495,406,15089,0.9737979993546305,247920.0,24792.0,0.0,40585.0,4058.5,0.8362979993546306,20441.5,2044.15,0.9175479993546305,13468.75,1346.875,0.9456729993546306
cost-p2048-q256-s58,2048,256,2048,58,100,15495,406,15089,0.9737979993546305,247920.0,2479.2,0.0,40585.0,405.85,0.8362979993546306,20441.5,204.415,0.9175479993546305,13468.75,134.6875,0.9456729993546306
cost-p2048-q256-s58,2048,256,2048,58,1000,15495,406,15089,0.9737979993546305,247920.0,247.92,0.0,40585.0,40.585,0.8362979993546306,20441.5,20.4415,0.9175479993546305,13468.75,13.46875,0.9456729993546306
cost-p2048-q256-s59,2048,256,2048,59,1,17591,406,17185,0.9769200159172304,281456.0,281456.0,0.0,45196.200000000004,45196.200000000004,0.8394200159172304,22327.9,22327.9,0.9206700159172304,14411.95,14411.95,0.9487950159172304
cost-p2048-q256-s59,2048,256,2048,59,10,17591,406,17185,0.9769200159172304,281456.0,28145.6,0.0,45196.200000000004,4519.620000000001,0.8394200159172304,22327.9,2232.79,0.9206700159172304,14411.95,1441.1950000000002,0.9487950159172304
cost-p2048-q256-s59,2048,256,2048,59,100,17591,406,17185,0.9769200159172304,281456.0,2814.56,0.0,45196.200000000004,451.96200000000005,0.8394200159172304,22327.9,223.27900000000002,0.9206700159172304,14411.95,144.11950000000002,0.9487950159172304
cost-p2048-q256-s59,2048,256,2048,59,1000,17591,406,17185,0.9769200159172304,281456.0,281.456,0.0,45196.200000000004,45.196200000000005,0.8394200159172304,22327.9,22.327900000000003,0.9206700159172304,14411.95,14.411950000000001,0.9487950159172304
cost-p2048-q256-s60,2048,256,2048,60,1,9207,406,8801,0.9559031171934398,147312.0,147312.0,0.0,26751.4,26751.4,0.8184031171934398,14782.300000000001,14782.300000000001,0.8996531171934399,10639.150000000001,10639.150000000001,0.9277781171934398
cost-p2048-q256-s60,2048,256,2048,60,10,9207,406,8801,0.9559031171934398,147312.0,14731.2,0.0,26751.4,2675.1400000000003,0.8184031171934398,14782.300000000001,1478.23,0.8996531171934399,10639.150000000001,1063.9150000000002,0.9277781171934398
cost-p2048-q256-s60,2048,256,2048,60,100,9207,406,8801,0.9559031171934398,147312.0,1473.12,0.0,26751.4,267.514,0.8184031171934398,14782.300000000001,147.823,0.8996531171934399,10639.150000000001,106.39150000000001,0.9277781171934398
cost-p2048-q256-s60,2048,256,2048,60,1000,9207,406,8801,0.9559031171934398,147312.0,147.312,0.0,26751.4,26.7514,0.8184031171934398,14782.300000000001,14.782300000000001,0.8996531171934399,10639.150000000001,10.63915,0.9277781171934398
cost-p2048-q256-s61,2048,256,2048,61,1,11303,406,10897,0.9640803326550473,180848.0,180848.0,0.0,31362.600000000002,31362.600000000002,0.8265803326550473,16668.7,16668.7,0.9078303326550473,11582.35,11582.35,0.9359553326550473
cost-p2048-q256-s61,2048,256,2048,61,10,11303,406,10897,0.9640803326550473,180848.0,18084.8,0.0,31362.600000000002,3136.26,0.8265803326550473,16668.7,1666.8700000000001,0.9078303326550473,11582.35,1158.2350000000001,0.9359553326550473
cost-p2048-q256-s61,2048,256,2048,61,100,11303,406,10897,0.9640803326550473,180848.0,1808.48,0.0,31362.600000000002,313.62600000000003,0.8265803326550473,16668.7,166.687,0.9078303326550473,11582.35,115.82350000000001,0.9359553326550473
cost-p2048-q256-s61,2048,256,2048,61,1000,11303,406,10897,0.9640803326550473,180848.0,180.848,0.0,31362.600000000002,31.3626,0.8265803326550473,16668.7,16.6687,0.9078303326550473,11582.35,11.58235,0.9359553326550473
cost-p2048-q256-s62,2048,256,2048,62,1,13399,406,12993,0.9696992312859168,214384.0,214384.0,0.0,35973.8,35973.8,0.8321992312859169,18555.1,18555.1,0.9134492312859168,12525.55,12525.55,0.9415742312859169
cost-p2048-q256-s62,2048,256,2048,62,10,13399,406,12993,0.9696992312859168,214384.0,21438.4,0.0,35973.8,3597.38,0.8321992312859169,18555.1,1855.5099999999998,0.9134492312859168,12525.55,1252.5549999999998,0.9415742312859169
cost-p2048-q256-s62,2048,256,2048,62,100,13399,406,12993,0.9696992312859168,214384.0,2143.84,0.0,35973.8,359.73800000000006,0.8321992312859169,18555.1,185.551,0.9134492312859168,12525.55,125.2555,0.9415742312859169
cost-p2048-q256-s62,2048,256,2048,62,1000,13399,406,12993,0.9696992312859168,214384.0,214.384,0.0,35973.8,35.973800000000004,0.8321992312859169,18555.1,18.5551,0.9134492312859168,12525.55,12.525549999999999,0.9415742312859169
cost-p2048-q256-s63,2048,256,2048,63,1,15495,406,15089,0.9737979993546305,247920.0,247920.0,0.0,40585.0,40585.0,0.8362979993546306,20441.5,20441.5,0.9175479993546305,13468.75,13468.75,0.9456729993546306
cost-p2048-q256-s63,2048,256,2048,63,10,15495,406,15089,0.9737979993546305,247920.0,24792.0,0.0,40585.0,4058.5,0.8362979993546306,20441.5,2044.15,0.9175479993546305,13468.75,1346.875,0.9456729993546306
cost-p2048-q256-s63,2048,256,2048,63,100,15495,406,15089,0.9737979993546305,247920.0,2479.2,0.0,40585.0,405.85,0.8362979993546306,20441.5,204.415,0.9175479993546305,13468.75,134.6875,0.9456729993546306
cost-p2048-q256-s63,2048,256,2048,63,1000,15495,406,15089,0.9737979993546305,247920.0,247.92,0.0,40585.0,40.585,0.8362979993546306,20441.5,20.4415,0.9175479993546305,13468.75,13.46875,0.9456729993546306
cost-p2048-q256-s64,2048,256,2048,64,1,17591,406,17185,0.9769200159172304,281456.0,281456.0,0.0,45196.200000000004,45196.200000000004,0.8394200159172304,22327.9,22327.9,0.9206700159172304,14411.95,14411.95,0.9487950159172304
cost-p2048-q256-s64,2048,256,2048,64,10,17591,406,17185,0.9769200159172304,281456.0,28145.6,0.0,45196.200000000004,4519.620000000001,0.8394200159172304,22327.9,2232.79,0.9206700159172304,14411.95,1441.1950000000002,0.9487950159172304
cost-p2048-q256-s64,2048,256,2048,64,100,17591,406,17185,0.9769200159172304,281456.0,2814.56,0.0,45196.200000000004,451.96200000000005,0.8394200159172304,22327.9,223.27900000000002,0.9206700159172304,14411.95,144.11950000000002,0.9487950159172304
cost-p2048-q256-s64,2048,256,2048,64,1000,17591,406,17185,0.9769200159172304,281456.0,281.456,0.0,45196.200000000004,45.196200000000005,0.8394200159172304,22327.9,22.327900000000003,0.9206700159172304,14411.95,14.411950000000001,0.9487950159172304
cost-p2048-q256-s65,2048,256,2048,65,1,9207,406,8801,0.9559031171934398,147312.0,147312.0,0.0,26751.4,26751.4,0.8184031171934398,14782.300000000001,14782.300000000001,0.8996531171934399,10639.150000000001,10639.150000000001,0.9277781171934398
cost-p2048-q256-s65,2048,256,2048,65,10,9207,406,8801,0.9559031171934398,147312.0,14731.2,0.0,26751.4,2675.1400000000003,0.8184031171934398,14782.300000000001,1478.23,0.8996531171934399,10639.150000000001,1063.9150000000002,0.9277781171934398
cost-p2048-q256-s65,2048,256,2048,65,100,9207,406,8801,0.9559031171934398,147312.0,1473.12,0.0,26751.4,267.514,0.8184031171934398,14782.300000000001,147.823,0.8996531171934399,10639.150000000001,106.39150000000001,0.9277781171934398
cost-p2048-q256-s65,2048,256,2048,65,1000,9207,406,8801,0.9559031171934398,147312.0,147.312,0.0,26751.4,26.7514,0.8184031171934398,14782.300000000001,14.782300000000001,0.8996531171934399,10639.150000000001,10.63915,0.9277781171934398
cost-p2048-q256-s66,2048,256,2048,66,1,11303,406,10897,0.9640803326550473,180848.0,180848.0,0.0,31362.600000000002,31362.600000000002,0.8265803326550473,16668.7,16668.7,0.9078303326550473,11582.35,11582.35,0.9359553326550473
cost-p2048-q256-s66,2048,256,2048,66,10,11303,406,10897,0.9640803326550473,180848.0,18084.8,0.0,31362.600000000002,3136.26,0.8265803326550473,16668.7,1666.8700000000001,0.9078303326550473,11582.35,1158.2350000000001,0.9359553326550473
cost-p2048-q256-s66,2048,256,2048,66,100,11303,406,10897,0.9640803326550473,180848.0,1808.48,0.0,31362.600000000002,313.62600000000003,0.8265803326550473,16668.7,166.687,0.9078303326550473,11582.35,115.82350000000001,0.9359553326550473
cost-p2048-q256-s66,2048,256,2048,66,1000,11303,406,10897,0.9640803326550473,180848.0,180.848,0.0,31362.600000000002,31.3626,0.8265803326550473,16668.7,16.6687,0.9078303326550473,11582.35,11.58235,0.9359553326550473
cost-p2048-q256-s67,2048,256,2048,67,1,13399,406,12993,0.9696992312859168,214384.0,214384.0,0.0,35973.8,35973.8,0.8321992312859169,18555.1,18555.1,0.9134492312859168,12525.55,12525.55,0.9415742312859169
cost-p2048-q256-s67,2048,256,2048,67,10,13399,406,12993,0.9696992312859168,214384.0,21438.4,0.0,35973.8,3597.38,0.8321992312859169,18555.1,1855.5099999999998,0.9134492312859168,12525.55,1252.5549999999998,0.9415742312859169
cost-p2048-q256-s67,2048,256,2048,67,100,13399,406,12993,0.9696992312859168,214384.0,2143.84,0.0,35973.8,359.73800000000006,0.8321992312859169,18555.1,185.551,0.9134492312859168,12525.55,125.2555,0.9415742312859169
cost-p2048-q256-s67,2048,256,2048,67,1000,13399,406,12993,0.9696992312859168,214384.0,214.384,0.0,35973.8,35.973800000000004,0.8321992312859169,18555.1,18.5551,0.9134492312859168,12525.55,12.525549999999999,0.9415742312859169
cost-p2048-q256-s68,2048,256,2048,68,1,15495,406,15089,0.9737979993546305,247920.0,247920.0,0.0,40585.0,40585.0,0.8362979993546306,20441.5,20441.5,0.9175479993546305,13468.75,13468.75,0.9456729993546306
cost-p2048-q256-s68,2048,256,2048,68,10,15495,406,15089,0.9737979993546305,247920.0,24792.0,0.0,40585.0,4058.5,0.8362979993546306,20441.5,2044.15,0.9175479993546305,13468.75,1346.875,0.9456729993546306
cost-p2048-q256-s68,2048,256,2048,68,100,15495,406,15089,0.9737979993546305,247920.0,2479.2,0.0,40585.0,405.85,0.8362979993546306,20441.5,204.415,0.9175479993546305,13468.75,134.6875,0.9456729993546306
cost-p2048-q256-s68,2048,256,2048,68,1000,15495,406,15089,0.9737979993546305,247920.0,247.92,0.0,40585.0,40.585,0.8362979993546306,20441.5,20.4415,0.9175479993546305,13468.75,13.46875,0.9456729993546306
cost-p2048-q256-s69,2048,256,2048,69,1,17591,406,17185,0.9769200159172304,281456.0,281456.0,0.0,45196.200000000004,45196.200000000004,0.8394200159172304,22327.9,22327.9,0.9206700159172304,14411.95,14411.95,0.9487950159172304
cost-p2048-q256-s69,2048,256,2048,69,10,17591,406,17185,0.9769200159172304,281456.0,28145.6,0.0,45196.200000000004,4519.620000000001,0.8394200159172304,22327.9,2232.79,0.9206700159172304,14411.95,1441.1950000000002,0.9487950159172304
cost-p2048-q256-s69,2048,256,2048,69,100,17591,406,17185,0.9769200159172304,281456.0,2814.56,0.0,45196.200000000004,451.96200000000005,0.8394200159172304,22327.9,223.27900000000002,0.9206700159172304,14411.95,144.11950000000002,0.9487950159172304
cost-p2048-q256-s69,2048,256,2048,69,1000,17591,406,17185,0.9769200159172304,281456.0,281.456,0.0,45196.200000000004,45.196200000000005,0.8394200159172304,22327.9,22.327900000000003,0.9206700159172304,14411.95,14.411950000000001,0.9487950159172304
cost-p2048-q256-s70,2048,256,2048,70,1,9207,406,8801,0.9559031171934398,147312.0,147312.0,0.0,26751.4,26751.4,0.8184031171934398,14782.300000000001,14782.300000000001,0.8996531171934399,10639.150000000001,10639.150000000001,0.9277781171934398
cost-p2048-q256-s70,2048,256,2048,70,10,9207,406,8801,0.9559031171934398,147312.0,14731.2,0.0,26751.4,2675.1400000000003,0.8184031171934398,14782.300000000001,1478.23,0.8996531171934399,10639.150000000001,1063.9150000000002,0.9277781171934398
cost-p2048-q256-s70,2048,256,2048,70,100,9207,406,8801,0.9559031171934398,147312.0,1473.12,0.0,26751.4,267.514,0.8184031171934398,14782.300000000001,147.823,0.8996531171934399,10639.150000000001,106.39150000000001,0.9277781171934398
cost-p2048-q256-s70,2048,256,2048,70,1000,9207,406,8801,0.9559031171934398,147312.0,147.312,0.0,26751.4,26.7514,0.8184031171934398,14782.300000000001,14.782300000000001,0.8996531171934399,10639.150000000001,10.63915,0.9277781171934398
cost-p2048-q256-s71,2048,256,2048,71,1,11303,406,10897,0.9640803326550473,180848.0,180848.0,0.0,31362.600000000002,31362.600000000002,0.8265803326550473,16668.7,16668.7,0.9078303326550473,11582.35,11582.35,0.9359553326550473
cost-p2048-q256-s71,2048,256,2048,71,10,11303,406,10897,0.9640803326550473,180848.0,18084.8,0.0,31362.600000000002,3136.26,0.8265803326550473,16668.7,1666.8700000000001,0.9078303326550473,11582.35,1158.2350000000001,0.9359553326550473
cost-p2048-q256-s71,2048,256,2048,71,100,11303,406,10897,0.9640803326550473,180848.0,1808.48,0.0,31362.600000000002,313.62600000000003,0.8265803326550473,16668.7,166.687,0.9078303326550473,11582.35,115.82350000000001,0.9359553326550473
cost-p2048-q256-s71,2048,256,2048,71,1000,11303,406,10897,0.9640803326550473,180848.0,180.848,0.0,31362.600000000002,31.3626,0.8265803326550473,16668.7,16.6687,0.9078303326550473,11582.35,11.58235,0.9359553326550473
cost-p2048-q256-s72,2048,256,2048,72,1,13399,406,12993,0.9696992312859168,214384.0,214384.0,0.0,35973.8,35973.8,0.8321992312859169,18555.1,18555.1,0.9134492312859168,12525.55,12525.55,0.9415742312859169
cost-p2048-q256-s72,2048,256,2048,72,10,13399,406,12993,0.9696992312859168,214384.0,21438.4,0.0,35973.8,3597.38,0.8321992312859169,18555.1,1855.5099999999998,0.9134492312859168,12525.55,1252.5549999999998,0.9415742312859169
cost-p2048-q256-s72,2048,256,2048,72,100,13399,406,12993,0.9696992312859168,214384.0,2143.84,0.0,35973.8,359.73800000000006,0.8321992312859169,18555.1,185.551,0.9134492312859168,12525.55,125.2555,0.9415742312859169
cost-p2048-q256-s72,2048,256,2048,72,1000,13399,406,12993,0.9696992312859168,214384.0,214.384,0.0,35973.8,35.973800000000004,0.8321992312859169,18555.1,18.5551,0.9134492312859168,12525.55,12.525549999999999,0.9415742312859169
cost-p2048-q256-s73,2048,256,2048,73,1,15495,406,15089,0.9737979993546305,247920.0,247920.0,0.0,40585.0,40585.0,0.8362979993546306,20441.5,20441.5,0.9175479993546305,13468.75,13468.75,0.9456729993546306
cost-p2048-q256-s73,2048,256,2048,73,10,15495,406,15089,0.9737979993546305,247920.0,24792.0,0.0,40585.0,4058.5,0.8362979993546306,20441.5,2044.15,0.9175479993546305,13468.75,1346.875,0.9456729993546306
cost-p2048-q256-s73,2048,256,2048,73,100,15495,406,15089,0.9737979993546305,247920.0,2479.2,0.0,40585.0,405.85,0.8362979993546306,20441.5,204.415,0.9175479993546305,13468.75,134.6875,0.9456729993546306
cost-p2048-q256-s73,2048,256,2048,73,1000,15495,406,15089,0.9737979993546305,247920.0,247.92,0.0,40585.0,40.585,0.8362979993546306,20441.5,20.4415,0.9175479993546305,13468.75,13.46875,0.9456729993546306
cost-p2048-q256-s74,2048,256,2048,74,1,17591,406,17185,0.9769200159172304,281456.0,281456.0,0.0,45196.200000000004,45196.200000000004,0.8394200159172304,22327.9,22327.9,0.9206700159172304,14411.95,14411.95,0.9487950159172304
cost-p2048-q256-s74,2048,256,2048,74,10,17591,406,17185,0.9769200159172304,281456.0,28145.6,0.0,45196.200000000004,4519.620000000001,0.8394200159172304,22327.9,2232.79,0.9206700159172304,14411.95,1441.1950000000002,0.9487950159172304
cost-p2048-q256-s74,2048,256,2048,74,100,17591,406,17185,0.9769200159172304,281456.0,2814.56,0.0,45196.200000000004,451.96200000000005,0.8394200159172304,22327.9,223.27900000000002,0.9206700159172304,14411.95,144.11950000000002,0.9487950159172304
cost-p2048-q256-s74,2048,256,2048,74,1000,17591,406,17185,0.9769200159172304,281456.0,281.456,0.0,45196.200000000004,45.196200000000005,0.8394200159172304,22327.9,22.327900000000003,0.9206700159172304,14411.95,14.411950000000001,0.9487950159172304
cost-p2048-q256-s75,2048,256,2048,75,1,9207,406,8801,0.9559031171934398,147312.0,147312.0,0.0,26751.4,26751.4,0.8184031171934398,14782.300000000001,14782.300000000001,0.8996531171934399,10639.150000000001,10639.150000000001,0.9277781171934398
cost-p2048-q256-s75,2048,256,2048,75,10,9207,406,8801,0.9559031171934398,147312.0,14731.2,0.0,26751.4,2675.1400000000003,0.8184031171934398,14782.300000000001,1478.23,0.8996531171934399,10639.150000000001,1063.9150000000002,0.9277781171934398
cost-p2048-q256-s75,2048,256,2048,75,100,9207,406,8801,0.9559031171934398,147312.0,1473.12,0.0,26751.4,267.514,0.8184031171934398,14782.300000000001,147.823,0.8996531171934399,10639.150000000001,106.39150000000001,0.9277781171934398
cost-p2048-q256-s75,2048,256,2048,75,1000,9207,406,8801,0.9559031171934398,147312.0,147.312,0.0,26751.4,26.7514,0.8184031171934398,14782.300000000001,14.782300000000001,0.8996531171934399,10639.150000000001,10.63915,0.9277781171934398
cost-p2048-q256-s76,2048,256,2048,76,1,11303,406,10897,0.9640803326550473,180848.0,180848.0,0.0,31362.600000000002,31362.600000000002,0.8265803326550473,16668.7,16668.7,0.9078303326550473,11582.35,11582.35,0.9359553326550473
cost-p2048-q256-s76,2048,256,2048,76,10,11303,406,10897,0.9640803326550473,180848.0,18084.8,0.0,31362.600000000002,3136.26,0.8265803326550473,16668.7,1666.8700000000001,0.9078303326550473,11582.35,1158.2350000000001,0.9359553326550473
cost-p2048-q256-s76,2048,256,2048,76,100,11303,406,10897,0.9640803326550473,180848.0,1808.48,0.0,31362.600000000002,313.62600000000003,0.8265803326550473,16668.7,166.687,0.9078303326550473,11582.35,115.82350000000001,0.9359553326550473
cost-p2048-q256-s76,2048,256,2048,76,1000,11303,406,10897,0.9640803326550473,180848.0,180.848,0.0,31362.600000000002,31.3626,0.8265803326550473,16668.7,16.6687,0.9078303326550473,11582.35,11.58235,0.9359553326550473
cost-p2048-q256-s77,2048,256,2048,77,1,13399,406,12993,0.9696992312859168,214384.0,214384.0,0.0,35973.8,35973.8,0.8321992312859169,18555.1,18555.1,0.9134492312859168,12525.55,12525.55,0.9415742312859169
cost-p2048-q256-s77,2048,256,2048,77,10,13399,406,12993,0.9696992312859168,214384.0,21438.4,0.0,35973.8,3597.38,0.8321992312859169,18555.1,1855.5099999999998,0.9134492312859168,12525.55,1252.5549999999998,0.9415742312859169
cost-p2048-q256-s77,2048,256,2048,77,100,13399,406,12993,0.9696992312859168,214384.0,2143.84,0.0,35973.8,359.73800000000006,0.8321992312859169,18555.1,185.551,0.9134492312859168,12525.55,125.2555,0.9415742312859169
cost-p2048-q256-s77,2048,256,2048,77,1000,13399,406,12993,0.9696992312859168,214384.0,214.384,0.0,35973.8,35.973800000000004,0.8321992312859169,18555.1,18.5551,0.9134492312859168,12525.55,12.525549999999999,0.9415742312859169
cost-p2048-q256-s78,2048,256,2048,78,1,15495,406,15089,0.9737979993546305,247920.0,247920.0,0.0,40585.0,40585.0,0.8362979993546306,20441.5,20441.5,0.9175479993546305,13468.75,13468.75,0.9456729993546306
cost-p2048-q256-s78,2048,256,2048,78,10,15495,406,15089,0.9737979993546305,247920.0,24792.0,0.0,40585.0,4058.5,0.8362979993546306,20441.5,2044.15,0.9175479993546305,13468.75,1346.875,0.9456729993546306
cost-p2048-q256-s78,2048,256,2048,78,100,15495,406,15089,0.9737979993546305,247920.0,2479.2,0.0,40585.0,405.85,0.8362979993546306,20441.5,204.415,0.9175479993546305,13468.75,134.6875,0.9456729993546306
cost-p2048-q256-s78,2048,256,2048,78,1000,15495,406,15089,0.9737979993546305,247920.0,247.92,0.0,40585.0,40.585,0.8362979993546306,20441.5,20.4415,0.9175479993546305,13468.75,13.46875,0.9456729993546306
cost-p2048-q256-s79,2048,256,2048,79,1,17591,406,17185,0.9769200159172304,281456.0,281456.0,0.0,45196.200000000004,45196.200000000004,0.8394200159172304,22327.9,22327.9,0.9206700159172304,14411.95,14411.95,0.9487950159172304
cost-p2048-q256-s79,2048,256,2048,79,10,17591,406,17185,0.9769200159172304,281456.0,28145.6,0.0,45196.200000000004,4519.620000000001,0.8394200159172304,22327.9,2232.79,0.9206700159172304,14411.95,1441.1950000000002,0.9487950159172304
cost-p2048-q256-s79,2048,256,2048,79,100,17591,406,17185,0.9769200159172304,281456.0,2814.56,0.0,45196.200000000004,451.96200000000005,0.8394200159172304,22327.9,223.27900000000002,0.9206700159172304,14411.95,144.11950000000002,0.9487950159172304
cost-p2048-q256-s79,2048,256,2048,79,1000,17591,406,17185,0.9769200159172304,281456.0,281.456,0.0,45196.200000000004,45.196200000000005,0.8394200159172304,22327.9,22.327900000000003,0.9206700159172304,14411.95,14.411950000000001,0.9487950159172304
cost-p2048-q256-s80,2048,256,2048,80,1,9207,406,8801,0.9559031171934398,147312.0,147312.0,0.0,26751.4,26751.4,0.8184031171934398,14782.300000000001,14782.300000000001,0.8996531171934399,10639.150000000001,10639.150000000001,0.9277781171934398
cost-p2048-q256-s80,2048,256,2048,80,10,9207,406,8801,0.9559031171934398,147312.0,14731.2,0.0,26751.4,2675.1400000000003,0.8184031171934398,14782.300000000001,1478.23,0.8996531171934399,10639.150000000001,1063.9150000000002,0.9277781171934398
cost-p2048-q256-s80,2048,256,2048,80,100,9207,406,8801,0.9559031171934398,147312.0,1473.12,0.0,26751.4,267.514,0.8184031171934398,14782.300000000001,147.823,0.8996531171934399,10639.150000000001,106.39150000000001,0.9277781171934398
cost-p2048-q256-s80,2048,256,2048,80,1000,9207,406,8801,0.9559031171934398,147312.0,147.312,0.0,26751.4,26.7514,0.8184031171934398,14782.300000000001,14.782300000000001,0.8996531171934399,10639.150000000001,10.63915,0.9277781171934398
cost-p2048-q256-s81,2048,256,2048,81,1,11303,406,10897,0.9640803326550473,180848.0,180848.0,0.0,31362.600000000002,31362.600000000002,0.8265803326550473,16668.7,16668.7,0.9078303326550473,11582.35,11582.35,0.9359553326550473
cost-p2048-q256-s81,2048,256,2048,81,10,11303,406,10897,0.9640803326550473,180848.0,18084.8,0.0,31362.600000000002,3136.26,0.8265803326550473,16668.7,1666.8700000000001,0.9078303326550473,11582.35,1158.2350000000001,0.9359553326550473
cost-p2048-q256-s81,2048,256,2048,81,100,11303,406,10897,0.9640803326550473,180848.0,1808.48,0.0,31362.600000000002,313.62600000000003,0.8265803326550473,16668.7,166.687,0.9078303326550473,11582.35,115.82350000000001,0.9359553326550473
cost-p2048-q256-s81,2048,256,2048,81,1000,11303,406,10897,0.9640803326550473,180848.0,180.848,0.0,31362.600000000002,31.3626,0.8265803326550473,16668.7,16.6687,0.9078303326550473,11582.35,11.58235,0.9359553326550473
cost-p2048-q256-s82,2048,256,2048,82,1,13399,406,12993,0.9696992312859168,214384.0,214384.0,0.0,35973.8,35973.8,0.8321992312859169,18555.1,18555.1,0.9134492312859168,12525.55,12525.55,0.9415742312859169
cost-p2048-q256-s82,2048,256,2048,82,10,13399,406,12993,0.9696992312859168,214384.0,21438.4,0.0,35973.8,3597.38,0.8321992312859169,18555.1,1855.5099999999998,0.9134492312859168,12525.55,1252.5549999999998,0.9415742312859169
cost-p2048-q256-s82,2048,256,2048,82,100,13399,406,12993,0.9696992312859168,214384.0,2143.84,0.0,35973.8,359.73800000000006,0.8321992312859169,18555.1,185.551,0.9134492312859168,12525.55,125.2555,0.9415742312859169
cost-p2048-q256-s82,2048,256,2048,82,1000,13399,406,12993,0.9696992312859168,214384.0,214.384,0.0,35973.8,35.973800000000004,0.8321992312859169,18555.1,18.5551,0.9134492312859168,12525.55,12.525549999999999,0.9415742312859169
cost-p2048-q256-s83,2048,256,2048,83,1,15495,406,15089,0.9737979993546305,247920.0,247920.0,0.0,40585.0,40585.0,0.8362979993546306,20441.5,20441.5,0.9175479993546305,13468.75,13468.75,0.9456729993546306
cost-p2048-q256-s83,2048,256,2048,83,10,15495,406,15089,0.9737979993546305,247920.0,24792.0,0.0,40585.0,4058.5,0.8362979993546306,20441.5,2044.15,0.9175479993546305,13468.75,1346.875,0.9456729993546306
cost-p2048-q256-s83,2048,256,2048,83,100,15495,406,15089,0.9737979993546305,247920.0,2479.2,0.0,40585.0,405.85,0.8362979993546306,20441.5,204.415,0.9175479993546305,13468.75,134.6875,0.9456729993546306
cost-p2048-q256-s83,2048,256,2048,83,1000,15495,406,15089,0.9737979993546305,247920.0,247.92,0.0,40585.0,40.585,0.8362979993546306,20441.5,20.4415,0.9175479993546305,13468.75,13.46875,0.9456729993546306
cost-p2048-q256-s84,2048,256,2048,84,1,17591,406,17185,0.9769200159172304,281456.0,281456.0,0.0,45196.200000000004,45196.200000000004,0.8394200159172304,22327.9,22327.9,0.9206700159172304,14411.95,14411.95,0.9487950159172304
cost-p2048-q256-s84,2048,256,2048,84,10,17591,406,17185,0.9769200159172304,281456.0,28145.6,0.0,45196.200000000004,4519.620000000001,0.8394200159172304,22327.9,2232.79,0.9206700159172304,14411.95,1441.1950000000002,0.9487950159172304
cost-p2048-q256-s84,2048,256,2048,84,100,17591,406,17185,0.9769200159172304,281456.0,2814.56,0.0,45196.200000000004,451.96200000000005,0.8394200159172304,22327.9,223.27900000000002,0.9206700159172304,14411.95,144.11950000000002,0.9487950159172304
cost-p2048-q256-s84,2048,256,2048,84,1000,17591,406,17185,0.9769200159172304,281456.0,281.456,0.0,45196.200000000004,45.196200000000005,0.8394200159172304,22327.9,22.327900000000003,0.9206700159172304,14411.95,14.411950000000001,0.9487950159172304
cost-p2048-q256-s85,2048,256,2048,85,1,9207,406,8801,0.9559031171934398,147312.0,147312.0,0.0,26751.4,26751.4,0.8184031171934398,14782.300000000001,14782.300000000001,0.8996531171934399,10639.150000000001,10639.150000000001,0.9277781171934398
cost-p2048-q256-s85,2048,256,2048,85,10,9207,406,8801,0.9559031171934398,147312.0,14731.2,0.0,26751.4,2675.1400000000003,0.8184031171934398,14782.300000000001,1478.23,0.8996531171934399,10639.150000000001,1063.9150000000002,0.9277781171934398
cost-p2048-q256-s85,2048,256,2048,85,100,9207,406,8801,0.9559031171934398,147312.0,1473.12,0.0,26751.4,267.514,0.8184031171934398,14782.300000000001,147.823,0.8996531171934399,10639.150000000001,106.39150000000001,0.9277781171934398
cost-p2048-q256-s85,2048,256,2048,85,1000,9207,406,8801,0.9559031171934398,147312.0,147.312,0.0,26751.4,26.7514,0.8184031171934398,14782.300000000001,14.782300000000001,0.8996531171934399,10639.150000000001,10.63915,0.9277781171934398
cost-p2048-q256-s86,2048,256,2048,86,1,11303,406,10897,0.9640803326550473,180848.0,180848.0,0.0,31362.600000000002,31362.600000000002,0.8265803326550473,16668.7,16668.7,0.9078303326550473,11582.35,11582.35,0.9359553326550473
cost-p2048-q256-s86,2048,256,2048,86,10,11303,406,10897,0.9640803326550473,180848.0,18084.8,0.0,31362.600000000002,3136.26,0.8265803326550473,16668.7,1666.8700000000001,0.9078303326550473,11582.35,1158.2350000000001,0.9359553326550473
cost-p2048-q256-s86,2048,256,2048,86,100,11303,406,10897,0.9640803326550473,180848.0,1808.48,0.0,31362.600000000002,313.62600000000003,0.8265803326550473,16668.7,166.687,0.9078303326550473,11582.35,115.82350000000001,0.9359553326550473
cost-p2048-q256-s86,2048,256,2048,86,1000,11303,406,10897,0.9640803326550473,180848.0,180.848,0.0,31362.600000000002,31.3626,0.8265803326550473,16668.7,16.6687,0.9078303326550473,11582.35,11.58235,0.9359553326550473
cost-p2048-q256-s87,2048,256,2048,87,1,13399,406,12993,0.9696992312859168,214384.0,214384.0,0.0,35973.8,35973.8,0.8321992312859169,18555.1,18555.1,0.9134492312859168,12525.55,12525.55,0.9415742312859169
cost-p2048-q256-s87,2048,256,2048,87,10,13399,406,12993,0.9696992312859168,214384.0,21438.4,0.0,35973.8,3597.38,0.8321992312859169,18555.1,1855.5099999999998,0.9134492312859168,12525.55,1252.5549999999998,0.9415742312859169
cost-p2048-q256-s87,2048,256,2048,87,100,13399,406,12993,0.9696992312859168,214384.0,2143.84,0.0,35973.8,359.73800000000006,0.8321992312859169,18555.1,185.551,0.9134492312859168,12525.55,125.2555,0.9415742312859169
cost-p2048-q256-s87,2048,256,2048,87,1000,13399,406,12993,0.9696992312859168,214384.0,214.384,0.0,35973.8,35.973800000000004,0.8321992312859169,18555.1,18.5551,0.9134492312859168,12525.55,12.525549999999999,0.9415742312859169
cost-p2048-q256-s88,2048,256,2048,88,1,15495,406,15089,0.9737979993546305,247920.0,247920.0,0.0,40585.0,40585.0,0.8362979993546306,20441.5,20441.5,0.9175479993546305,13468.75,13468.75,0.9456729993546306
cost-p2048-q256-s88,2048,256,2048,88,10,15495,406,15089,0.9737979993546305,247920.0,24792.0,0.0,40585.0,4058.5,0.8362979993546306,20441.5,2044.15,0.9175479993546305,13468.75,1346.875,0.9456729993546306
cost-p2048-q256-s88,2048,256,2048,88,100,15495,406,15089,0.9737979993546305,247920.0,2479.2,0.0,40585.0,405.85,0.8362979993546306,20441.5,204.415,0.9175479993546305,13468.75,134.6875,0.9456729993546306
cost-p2048-q256-s88,2048,256,2048,88,1000,15495,406,15089,0.9737979993546305,247920.0,247.92,0.0,40585.0,40.585,0.8362979993546306,20441.5,20.4415,0.9175479993546305,13468.75,13.46875,0.9456729993546306
cost-p2048-q256-s89,2048,256,2048,89,1,17591,406,17185,0.9769200159172304,281456.0,281456.0,0.0,45196.200000000004,45196.200000000004,0.8394200159172304,22327.9,22327.9,0.9206700159172304,14411.95,14411.95,0.9487950159172304
cost-p2048-q256-s89,2048,256,2048,89,10,17591,406,17185,0.9769200159172304,281456.0,28145.6,0.0,45196.200000000004,4519.620000000001,0.8394200159172304,22327.9,2232.79,0.9206700159172304,14411.95,1441.1950000000002,0.9487950159172304
cost-p2048-q256-s89,2048,256,2048,89,100,17591,406,17185,0.9769200159172304,281456.0,2814.56,0.0,45196.200000000004,451.96200000000005,0.8394200159172304,22327.9,223.27900000000002,0.9206700159172304,14411.95,144.11950000000002,0.9487950159172304
cost-p2048-q256-s89,2048,256,2048,89,1000,17591,406,17185,0.9769200159172304,281456.0,281.456,0.0,45196.200000000004,45.196200000000005,0.8394200159172304,22327.9,22.327900000000003,0.9206700159172304,14411.95,14.411950000000001,0.9487950159172304
cost-p2048-q256-s90,2048,256,2048,90,1,9207,406,8801,0.9559031171934398,147312.0,147312.0,0.0,26751.4,26751.4,0.8184031171934398,14782.300000000001,14782.300000000001,0.8996531171934399,10639.150000000001,10639.150000000001,0.9277781171934398
cost-p2048-q256-s90,2048,256,2048,90,10,9207,406,8801,0.9559031171934398,147312.0,14731.2,0.0,26751.4,2675.1400000000003,0.8184031171934398,14782.300000000001,1478.23,0.8996531171934399,10639.150000000001,1063.9150000000002,0.9277781171934398
cost-p2048-q256-s90,2048,256,2048,90,100,9207,406,8801,0.9559031171934398,147312.0,1473.12,0.0,26751.4,267.514,0.8184031171934398,14782.300000000001,147.823,0.8996531171934399,10639.150000000001,106.39150000000001,0.9277781171934398
cost-p2048-q256-s90,2048,256,2048,90,1000,9207,406,8801,0.9559031171934398,147312.0,147.312,0.0,26751.4,26.7514,0.8184031171934398,14782.300000000001,14.782300000000001,0.8996531171934399,10639.150000000001,10.63915,0.9277781171934398
cost-p2048-q256-s91,2048,256,2048,91,1,11303,406,10897,0.9640803326550473,180848.0,180848.0,0.0,31362.600000000002,31362.600000000002,0.8265803326550473,16668.7,16668.7,0.9078303326550473,11582.35,11582.35,0.9359553326550473
cost-p2048-q256-s91,2048,256,2048,91,10,11303,406,10897,0.9640803326550473,180848.0,18084.8,0.0,31362.600000000002,3136.26,0.8265803326550473,16668.7,1666.8700000000001,0.9078303326550473,11582.35,1158.2350000000001,0.9359553326550473
cost-p2048-q256-s91,2048,256,2048,91,100,11303,406,10897,0.9640803326550473,180848.0,1808.48,0.0,31362.600000000002,313.62600000000003,0.8265803326550473,16668.7,166.687,0.9078303326550473,11582.35,115.82350000000001,0.9359553326550473
cost-p2048-q256-s91,2048,256,2048,91,1000,11303,406,10897,0.9640803326550473,180848.0,180.848,0.0,31362.600000000002,31.3626,0.8265803326550473,16668.7,16.6687,0.9078303326550473,11582.35,11.58235,0.9359553326550473
cost-p2048-q256-s92,2048,256,2048,92,1,13399,406,12993,0.9696992312859168,214384.0,214384.0,0.0,35973.8,35973.8,0.8321992312859169,18555.1,18555.1,0.9134492312859168,12525.55,12525.55,0.9415742312859169
cost-p2048-q256-s92,2048,256,2048,92,10,13399,406,12993,0.9696992312859168,214384.0,21438.4,0.0,35973.8,3597.38,0.8321992312859169,18555.1,1855.5099999999998,0.9134492312859168,12525.55,1252.5549999999998,0.9415742312859169
cost-p2048-q256-s92,2048,256,2048,92,100,13399,406,12993,0.9696992312859168,214384.0,2143.84,0.0,35973.8,359.73800000000006,0.8321992312859169,18555.1,185.551,0.9134492312859168,12525.55,125.2555,0.9415742312859169
cost-p2048-q256-s92,2048,256,2048,92,1000,13399,406,12993,0.9696992312859168,214384.0,214.384,0.0,35973.8,35.973800000000004,0.8321992312859169,18555.1,18.5551,0.9134492312859168,12525.55,12.525549999999999,0.9415742312859169
cost-p2048-q256-s93,2048,256,2048,93,1,15495,406,15089,0.9737979993546305,247920.0,247920.0,0.0,40585.0,40585.0,0.8362979993546306,20441.5,20441.5,0.9175479993546305,13468.75,13468.75,0.9456729993546306
cost-p2048-q256-s93,2048,256,2048,93,10,15495,406,15089,0.9737979993546305,247920.0,24792.0,0.0,40585.0,4058.5,0.8362979993546306,20441.5,2044.15,0.9175479993546305,13468.75,1346.875,0.9456729993546306
cost-p2048-q256-s93,2048,256,2048,93,100,15495,406,15089,0.9737979993546305,247920.0,2479.2,0.0,40585.0,405.85,0.8362979993546306,20441.5,204.415,0.9175479993546305,13468.75,134.6875,0.9456729993546306
cost-p2048-q256-s93,2048,256,2048,93,1000,15495,406,15089,0.9737979993546305,247920.0,247.92,0.0,40585.0,40.585,0.8362979993546306,20441.5,20.4415,0.9175479993546305,13468.75,13.46875,0.9456729993546306
cost-p2048-q256-s94,2048,256,2048,94,1,17591,406,17185,0.9769200159172304,281456.0,281456.0,0.0,45196.200000000004,45196.200000000004,0.8394200159172304,22327.9,22327.9,0.9206700159172304,14411.95,14411.95,0.9487950159172304
cost-p2048-q256-s94,2048,256,2048,94,10,17591,406,17185,0.9769200159172304,281456.0,28145.6,0.0,45196.200000000004,4519.620000000001,0.8394200159172304,22327.9,2232.79,0.9206700159172304,14411.95,1441.1950000000002,0.9487950159172304
cost-p2048-q256-s94,2048,256,2048,94,100,17591,406,17185,0.9769200159172304,281456.0,2814.56,0.0,45196.200000000004,451.96200000000005,0.8394200159172304,22327.9,223.27900000000002,0.9206700159172304,14411.95,144.11950000000002,0.9487950159172304
cost-p2048-q256-s94,2048,256,2048,94,1000,17591,406,17185,0.9769200159172304,281456.0,281.456,0.0,45196.200000000004,45.196200000000005,0.8394200159172304,22327.9,22.327900000000003,0.9206700159172304,14411.95,14.411950000000001,0.9487950159172304
cost-p2048-q256-s95,2048,256,2048,95,1,9207,406,8801,0.9559031171934398,147312.0,147312.0,0.0,26751.4,26751.4,0.8184031171934398,14782.300000000001,14782.300000000001,0.8996531171934399,10639.150000000001,10639.150000000001,0.9277781171934398
cost-p2048-q256-s95,2048,256,2048,95,10,9207,406,8801,0.9559031171934398,147312.0,14731.2,0.0,26751.4,2675.1400000000003,0.8184031171934398,14782.300000000001,1478.23,0.8996531171934399,10639.150000000001,1063.9150000000002,0.9277781171934398
cost-p2048-q256-s95,2048,256,2048,95,100,9207,406,8801,0.9559031171934398,147312.0,1473.12,0.0,26751.4,267.514,0.8184031171934398,14782.300000000001,147.823,0.8996531171934399,10639.150000000001,106.39150000000001,0.9277781171934398
cost-p2048-q256-s95,2048,256,2048,95,1000,9207,406,8801,0.9559031171934398,147312.0,147.312,0.0,26751.4,26.7514,0.8184031171934398,14782.300000000001,14.782300000000001,0.8996531171934399,10639.150000000001,10.63915,0.9277781171934398
cost-p2048-q256-s96,2048,256,2048,96,1,11303,406,10897,0.9640803326550473,180848.0,180848.0,0.0,31362.600000000002,31362.600000000002,0.8265803326550473,16668.7,16668.7,0.9078303326550473,11582.35,11582.35,0.9359553326550473
cost-p2048-q256-s96,2048,256,2048,96,10,11303,406,10897,0.9640803326550473,180848.0,18084.8,0.0,31362.600000000002,3136.26,0.8265803326550473,16668.7,1666.8700000000001,0.9078303326550473,11582.35,1158.2350000000001,0.9359553326550473
cost-p2048-q256-s96,2048,256,2048,96,100,11303,406,10897,0.9640803326550473,180848.0,1808.48,0.0,31362.600000000002,313.62600000000003,0.8265803326550473,16668.7,166.687,0.9078303326550473,11582.35,115.82350000000001,0.9359553326550473
cost-p2048-q256-s96,2048,256,2048,96,1000,11303,406,10897,0.9640803326550473,180848.0,180.848,0.0,31362.600000000002,31.3626,0.8265803326550473,16668.7,16.6687,0.9078303326550473,11582.35,11.58235,0.9359553326550473
cost-p2048-q256-s97,2048,256,2048,97,1,13399,406,12993,0.9696992312859168,214384.0,214384.0,0.0,35973.8,35973.8,0.8321992312859169,18555.1,18555.1,0.9134492312859168,12525.55,12525.55,0.9415742312859169
cost-p2048-q256-s97,2048,256,2048,97,10,13399,406,12993,0.9696992312859168,214384.0,21438.4,0.0,35973.8,3597.38,0.8321992312859169,18555.1,1855.5099999999998,0.9134492312859168,12525.55,1252.5549999999998,0.9415742312859169
cost-p2048-q256-s97,2048,256,2048,97,100,13399,406,12993,0.9696992312859168,214384.0,2143.84,0.0,35973.8,359.73800000000006,0.8321992312859169,18555.1,185.551,0.9134492312859168,12525.55,125.2555,0.9415742312859169
cost-p2048-q256-s97,2048,256,2048,97,1000,13399,406,12993,0.9696992312859168,214384.0,214.384,0.0,35973.8,35.973800000000004,0.8321992312859169,18555.1,18.5551,0.9134492312859168,12525.55,12.525549999999999,0.9415742312859169
cost-p2048-q256-s98,2048,256,2048,98,1,15495,406,15089,0.9737979993546305,247920.0,247920.0,0.0,40585.0,40585.0,0.8362979993546306,20441.5,20441.5,0.9175479993546305,13468.75,13468.75,0.9456729993546306
cost-p2048-q256-s98,2048,256,2048,98,10,15495,406,15089,0.9737979993546305,247920.0,24792.0,0.0,40585.0,4058.5,0.8362979993546306,20441.5,2044.15,0.9175479993546305,13468.75,1346.875,0.9456729993546306
cost-p2048-q256-s98,2048,256,2048,98,100,15495,406,15089,0.9737979993546305,247920.0,2479.2,0.0,40585.0,405.85,0.8362979993546306,20441.5,204.415,0.9175479993546305,13468.75,134.6875,0.9456729993546306
cost-p2048-q256-s98,2048,256,2048,98,1000,15495,406,15089,0.9737979993546305,247920.0,247.92,0.0,40585.0,40.585,0.8362979993546306,20441.5,20.4415,0.9175479993546305,13468.75,13.46875,0.9456729993546306
cost-p2048-q256-s99,2048,256,2048,99,1,17591,406,17185,0.9769200159172304,281456.0,281456.0,0.0,45196.200000000004,45196.200000000004,0.8394200159172304,22327.9,22327.9,0.9206700159172304,14411.95,14411.95,0.9487950159172304
cost-p2048-q256-s99,2048,256,2048,99,10,17591,406,17185,0.9769200159172304,281456.0,28145.6,0.0,45196.200000000004,4519.620000000001,0.8394200159172304,22327.9,2232.79,0.9206700159172304,14411.95,1441.1950000000002,0.9487950159172304
cost-p2048-q256-s99,2048,256,2048,99,100,17591,406,17185,0.9769200159172304,281456.0,2814.56,0.0,45196.200000000004,451.96200000000005,0.8394200159172304,22327.9,223.27900000000002,0.9206700159172304,14411.95,144.11950000000002,0.9487950159172304
cost-p2048-q256-s99,2048,256,2048,99,1000,17591,406,17185,0.9769200159172304,281456.0,281.456,0.0,45196.200000000004,45.196200000000005,0.8394200159172304,22327.9,22.327900000000003,0.9206700159172304,14411.95,14.411950000000001,0.9487950159172304
cost-p2048-q256-s100,2048,256,2048,100,1,9209,406,8803,0.9559126941035944,147344.0,147344.0,0.0,26755.800000000003,26755.800000000003,0.8184126941035943,14784.1,14784.1,0.8996626941035942,10640.05,10640.05,0.9277876941035944
cost-p2048-q256-s100,2048,256,2048,100,10,9209,406,8803,0.9559126941035944,147344.0,14734.4,0.0,26755.800000000003,2675.5800000000004,0.8184126941035943,14784.1,1478.41,0.8996626941035942,10640.05,1064.0049999999999,0.9277876941035944
cost-p2048-q256-s100,2048,256,2048,100,100,9209,406,8803,0.9559126941035944,147344.0,1473.44,0.0,26755.800000000003,267.55800000000005,0.8184126941035943,14784.1,147.841,0.8996626941035942,10640.05,106.4005,0.9277876941035944
cost-p2048-q256-s100,2048,256,2048,100,1000,9209,406,8803,0.9559126941035944,147344.0,147.344,0.0,26755.800000000003,26.755800000000004,0.8184126941035943,14784.1,14.7841,0.8996626941035942,10640.05,10.640049999999999,0.9277876941035944
cost-p8192-q64-s1,8192,64,8192,1,1,41827,406,41421,0.9902933511846415,669232.0,669232.0,0.0,98515.40000000001,98515.40000000001,0.8527933511846415,44140.3,44140.3,0.9340433511846414,25318.15,25318.15,0.9621683511846415
cost-p8192-q64-s1,8192,64,8192,1,10,41827,406,41421,0.9902933511846415,669232.0,66923.2,0.0,98515.40000000001,9851.54,0.8527933511846415,44140.3,4414.030000000001,0.9340433511846414,25318.15,2531.815,0.9621683511846415
cost-p8192-q64-s1,8192,64,8192,1,100,41827,406,41421,0.9902933511846415,669232.0,6692.32,0.0,98515.40000000001,985.1540000000001,0.8527933511846415,44140.3,441.403,0.9340433511846414,25318.15,253.18150000000003,0.9621683511846415
cost-p8192-q64-s1,8192,64,8192,1,1000,41827,406,41421,0.9902933511846415,669232.0,669.232,0.0,98515.40000000001,98.51540000000001,0.8527933511846415,44140.3,44.1403,0.9340433511846414,25318.15,25.318150000000003,0.9621683511846415
cost-p8192-q64-s2,8192,64,8192,2,1,50067,406,49661,0.9918908662392394,801072.0,801072.0,0.0,116643.40000000001,116643.40000000001,0.8543908662392394,51556.3,51556.3,0.9356408662392394,29026.15,29026.15,0.9637658662392394
cost-p8192-q64-s2,8192,64,8192,2,10,50067,406,49661,0.9918908662392394,801072.0,80107.2,0.0,116643.40000000001,11664.34,0.8543908662392394,51556.3,5155.63,0.9356408662392394,29026.15,2902.6150000000002,0.9637658662392394
cost-p8192-q64-s2,8192,64,8192,2,100,50067,406,49661,0.9918908662392394,801072.0,8010.72,0.0,116643.40000000001,1166.4340000000002,0.8543908662392394,51556.3,515.563,0.9356408662392394,29026.15,290.2615,0.9637658662392394
cost-p8192-q64-s2,8192,64,8192,2,1000,50067,406,49661,0.9918908662392394,801072.0,801.072,0.0,116643.40000000001,116.64340000000001,0.8543908662392394,51556.3,51.5563,0.9356408662392394,29026.15,29.02615,0.9637658662392394
cost-p8192-q64-s3,8192,64,8192,3,1,58307,406,57901,0.9930368566381395,932912.0,932912.0,0.0,134771.40000000002,134771.40000000002,0.8555368566381395,58972.3,58972.3,0.9367868566381394,32734.15,32734.15,0.9649118566381395
cost-p8192-q64-s3,8192,64,8192,3,10,58307,406,57901,0.9930368566381395,932912.0,93291.2,0.0,134771.40000000002,13477.140000000003,0.8555368566381395,58972.3,5897.2300000000005,0.9367868566381394,32734.15,3273.415,0.9649118566381395
cost-p8192-q64-s3,8192,64,8192,3,100,58307,406,57901,0.9930368566381395,932912.0,9329.12,0.0,134771.40000000002,1347.7140000000002,0.8555368566381395,58972.3,589.7230000000001,0.9367868566381394,32734.15,327.3415,0.9649118566381395
cost-p8192-q64-s3,8192,64,8192,3,1000,58307,406,57901,0.9930368566381395,932912.0,932.912,0.0,134771.40000000002,134.77140000000003,0.8555368566381395,58972.3,58.972300000000004,0.9367868566381394,32734.15,32.73415,0.9649118566381395
cost-p8192-q64-s4,8192,64,8192,4,1,66547,406,66141,0.9938990487925827,1064752.0,1064752.0,0.0,152899.40000000002,152899.40000000002,0.8563990487925827,66388.3,66388.3,0.9376490487925826,36442.15,36442.15,0.9657740487925827
cost-p8192-q64-s4,8192,64,8192,4,10,66547,406,66141,0.9938990487925827,1064752.0,106475.2,0.0,152899.40000000002,15289.940000000002,0.8563990487925827,66388.3,6638.83,0.9376490487925826,36442.15,3644.215,0.9657740487925827
cost-p8192-q64-s4,8192,64,8192,4,100,66547,406,66141,0.9938990487925827,1064752.0,10647.52,0.0,152899.40000000002,1528.9940000000001,0.8563990487925827,66388.3,663.883,0.9376490487925826,36442.15,364.42150000000004,0.9657740487925827
cost-p8192-q64-s4,8192,64,8192,4,1000,66547,406,66141,0.9938990487925827,1064752.0,1064.752,0.0,152899.40000000002,152.8994,0.8563990487925827,66388.3,66.3883,0.9376490487925826,36442.15,36.44215,0.9657740487925827
cost-p8192-q64-s5,8192,64,8192,5,1,33587,406,33181,0.987911989757942,537392.0,537392.0,0.0,80387.40000000001,80387.40000000001,0.850411989757942,36724.3,36724.3,0.9316619897579421,21610.15,21610.15,0.959786989757942
cost-p8192-q64-s5,8192,64,8192,5,10,33587,406,33181,0.987911989757942,537392.0,53739.2,0.0,80387.40000000001,8038.740000000001,0.850411989757942,36724.3,3672.4300000000003,0.9316619897579421,21610.15,2161.0150000000003,0.959786989757942
cost-p8192-q64-s5,8192,64,8192,5,100,33587,406,33181,0.987911989757942,537392.0,5373.92,0.0,80387.40000000001,803.8740000000001,0.850411989757942,36724.3,367.24300000000005,0.9316619897579421,21610.15,216.10150000000002,0.959786989757942
cost-p8192-q64-s5,8192,64,8192,5,1000,33587,406,33181,0.987911989757942,537392.0,537.392,0.0,80387.40000000001,80.38740000000001,0.850411989757942,36724.3,36.7243,0.9316619897579421,21610.15,21.61015,0.959786989757942
cost-p8192-q64-s6,8192,64,8192,6,1,41827,406,41421,0.9902933511846415,669232.0,669232.0,0.0,98515.40000000001,98515.40000000001,0.8527933511846415,44140.3,44140.3,0.9340433511846414,25318.15,25318.15,0.9621683511846415
cost-p8192-q64-s6,8192,64,8192,6,10,41827,406,41421,0.9902933511846415,669232.0,66923.2,0.0,98515.40000000001,9851.54,0.8527933511846415,44140.3,4414.030000000001,0.9340433511846414,25318.15,2531.815,0.9621683511846415
cost-p8192-q64-s6,8192,64,8192,6,100,41827,406,41421,0.9902933511846415,669232.0,6692.32,0.0,98515.40000000001,985.1540000000001,0.8527933511846415,44140.3,441.403,0.9340433511846414,25318.15,253.18150000000003,0.9621683511846415
cost-p8192-q64-s6,8192,64,8192,6,1000,41827,406,41421,0.9902933511846415,669232.0,669.232,0.0,98515.40000000001,98.51540000000001,0.8527933511846415,44140.3,44.1403,0.9340433511846414,25318.15,25.318150000000003,0.9621683511846415
cost-p8192-q64-s7,8192,64,8192,7,1,50067,406,49661,0.9918908662392394,801072.0,801072.0,0.0,116643.40000000001,116643.40000000001,0.8543908662392394,51556.3,51556.3,0.9356408662392394,29026.15,29026.15,0.9637658662392394
cost-p8192-q64-s7,8192,64,8192,7,10,50067,406,49661,0.9918908662392394,801072.0,80107.2,0.0,116643.40000000001,11664.34,0.8543908662392394,51556.3,5155.63,0.9356408662392394,29026.15,2902.6150000000002,0.9637658662392394
cost-p8192-q64-s7,8192,64,8192,7,100,50067,406,49661,0.9918908662392394,801072.0,8010.72,0.0,116643.40000000001,1166.4340000000002,0.8543908662392394,51556.3,515.563,0.9356408662392394,29026.15,290.2615,0.9637658662392394
cost-p8192-q64-s7,8192,64,8192,7,1000,50067,406,49661,0.9918908662392394,801072.0,801.072,0.0,116643.40000000001,116.64340000000001,0.8543908662392394,51556.3,51.5563,0.9356408662392394,29026.15,29.02615,0.9637658662392394
cost-p8192-q64-s8,8192,64,8192,8,1,58307,406,57901,0.9930368566381395,932912.0,932912.0,0.0,134771.40000000002,134771.40000000002,0.8555368566381395,58972.3,58972.3,0.9367868566381394,32734.15,32734.15,0.9649118566381395
cost-p8192-q64-s8,8192,64,8192,8,10,58307,406,57901,0.9930368566381395,932912.0,93291.2,0.0,134771.40000000002,13477.140000000003,0.8555368566381395,58972.3,5897.2300000000005,0.9367868566381394,32734.15,3273.415,0.9649118566381395
cost-p8192-q64-s8,8192,64,8192,8,100,58307,406,57901,0.9930368566381395,932912.0,9329.12,0.0,134771.40000000002,1347.7140000000002,0.8555368566381395,58972.3,589.7230000000001,0.9367868566381394,32734.15,327.3415,0.9649118566381395
cost-p8192-q64-s8,8192,64,8192,8,1000,58307,406,57901,0.9930368566381395,932912.0,932.912,0.0,134771.40000000002,134.77140000000003,0.8555368566381395,58972.3,58.972300000000004,0.9367868566381394,32734.15,32.73415,0.9649118566381395
cost-p8192-q64-s9,8192,64,8192,9,1,66547,406,66141,0.9938990487925827,1064752.0,1064752.0,0.0,152899.40000000002,152899.40000000002,0.8563990487925827,66388.3,66388.3,0.9376490487925826,36442.15,36442.15,0.9657740487925827
cost-p8192-q64-s9,8192,64,8192,9,10,66547,406,66141,0.9938990487925827,1064752.0,106475.2,0.0,152899.40000000002,15289.940000000002,0.8563990487925827,66388.3,6638.83,0.9376490487925826,36442.15,3644.215,0.9657740487925827
cost-p8192-q64-s9,8192,64,8192,9,100,66547,406,66141,0.9938990487925827,1064752.0,10647.52,0.0,152899.40000000002,1528.9940000000001,0.8563990487925827,66388.3,663.883,0.9376490487925826,36442.15,364.42150000000004,0.9657740487925827
cost-p8192-q64-s9,8192,64,8192,9,1000,66547,406,66141,0.9938990487925827,1064752.0,1064.752,0.0,152899.40000000002,152.8994,0.8563990487925827,66388.3,66.3883,0.9376490487925826,36442.15,36.44215,0.9657740487925827
cost-p8192-q64-s10,8192,64,8192,10,1,33589,406,33183,0.9879127095179969,537424.0,537424.0,0.0,80391.8,80391.8,0.850412709517997,36726.100000000006,36726.100000000006,0.931662709517997,21611.050000000003,21611.050000000003,0.959787709517997
cost-p8192-q64-s10,8192,64,8192,10,10,33589,406,33183,0.9879127095179969,537424.0,53742.4,0.0,80391.8,8039.18,0.850412709517997,36726.100000000006,3672.6100000000006,0.931662709517997,21611.050000000003,2161.1050000000005,0.959787709517997
cost-p8192-q64-s10,8192,64,8192,10,100,33589,406,33183,0.9879127095179969,537424.0,5374.24,0.0,80391.8,803.918,0.850412709517997,36726.100000000006,367.2610000000001,0.931662709517997,21611.050000000003,216.11050000000003,0.959787709517997
cost-p8192-q64-s10,8192,64,8192,10,1000,33589,406,33183,0.9879127095179969,537424.0,537.424,0.0,80391.8,80.3918,0.850412709517997,36726.100000000006,36.7261,0.931662709517997,21611.050000000003,21.611050000000002,0.959787709517997
cost-p8192-q64-s11,8192,64,8192,11,1,41829,406,41423,0.9902938152956083,669264.0,669264.0,0.0,98519.8,98519.8,0.8527938152956083,44142.1,44142.1,0.9340438152956083,25319.05,25319.05,0.9621688152956083
cost-p8192-q64-s11,8192,64,8192,11,10,41829,406,41423,0.9902938152956083,669264.0,66926.4,0.0,98519.8,9851.98,0.8527938152956083,44142.1,4414.21,0.9340438152956083,25319.05,2531.9049999999997,0.9621688152956083
cost-p8192-q64-s11,8192,64,8192,11,100,41829,406,41423,0.9902938152956083,669264.0,6692.64,0.0,98519.8,985.198,0.8527938152956083,44142.1,441.421,0.9340438152956083,25319.05,253.1905,0.9621688152956083
cost-p8192-q64-s11,8192,64,8192,11,1000,41829,406,41423,0.9902938152956083,669264.0,669.264,0.0,98519.8,98.5198,0.8527938152956083,44142.1,44.1421,0.9340438152956083,25319.05,25.31905,0.9621688152956083
cost-p8192-q64-s12,8192,64,8192,12,1,50069,406,49663,0.9918911901575825,801104.0,801104.0,0.0,116647.8,116647.8,0.8543911901575825,51558.1,51558.1,0.9356411901575825,29027.05,29027.05,0.9637661901575825
cost-p8192-q64-s12,8192,64,8192,12,10,50069,406,49663,0.9918911901575825,801104.0,80110.4,0.0,116647.8,11664.78,0.8543911901575825,51558.1,5155.8099999999995,0.9356411901575825,29027.05,2902.705,0.9637661901575825
cost-p8192-q64-s12,8192,64,8192,12,100,50069,406,49663,0.9918911901575825,801104.0,8011.04,0.0,116647.8,1166.478,0.8543911901575825,51558.1,515.581,0.9356411901575825,29027.05,290.27049999999997,0.9637661901575825
cost-p8192-q64-s12,8192,64,8192,12,1000,50069,406,49663,0.9918911901575825,801104.0,801.104,0.0,116647.8,116.6478,0.8543911901575825,51558.1,51.558099999999996,0.9356411901575825,29027.05,29.02705,0.9637661901575825
cost-p8192-q64-s13,8192,64,8192,13,1,58309,406,57903,0.993037095474112,932944.0,932944.0,0.0,134775.80000000002,134775.80000000002,0.855537095474112,58974.1,58974.1,0.9367870954741121,32735.05,32735.05,0.964912095474112
cost-p8192-q64-s13,8192,64,8192,13,10,58309,406,57903,0.993037095474112,932944.0,93294.4,0.0,134775.80000000002,13477.580000000002,0.855537095474112,58974.1,5897.41,0.9367870954741121,32735.05,3273.505,0.964912095474112
cost-p8192-q64-s13,8192,64,8192,13,100,58309,406,57903,0.993037095474112,932944.0,9329.44,0.0,134775.80000000002,1347.7580000000003,0.855537095474112,58974.1,589.741,0.9367870954741121,32735.05,327.3505,0.964912095474112
cost-p8192-q64-s13,8192,64,8192,13,1000,58309,406,57903,0.993037095474112,932944.0,932.944,0.0,134775.80000000002,134.7758,0.855537095474112,58974.1,58.9741,0.9367870954741121,32735.05,32.73505,0.964912095474112
cost-p8192-q64-s14,8192,64,8192,14,1,66549,406,66143,0.9938992321447354,1064784.0,1064784.0,0.0,152903.80000000002,152903.80000000002,0.8563992321447355,66390.1,66390.1,0.9376492321447355,36443.05,36443.05,0.9657742321447355
cost-p8192-q64-s14,8192,64,8192,14,10,66549,406,66143,0.9938992321447354,1064784.0,106478.4,0.0,152903.80000000002,15290.380000000001,0.8563992321447355,66390.1,6639.01,0.9376492321447355,36443.05,3644.3050000000003,0.9657742321447355
cost-p8192-q64-s14,8192,64,8192,14,100,66549,406,66143,0.9938992321447354,1064784.0,10647.84,0.0,152903.80000000002,1529.0380000000002,0.8563992321447355,66390.1,663.9010000000001,0.9376492321447355,36443.05,364.43050000000005,0.9657742321447355
cost-p8192-q64-s14,8192,64,8192,14,1000,66549,406,66143,0.9938992321447354,1064784.0,1064.784,0.0,152903.80000000002,152.90380000000002,0.8563992321447355,66390.1,66.3901,0.9376492321447355,36443.05,36.44305,0.9657742321447355
cost-p8192-q64-s15,8192,64,8192,15,1,33589,406,33183,0.9879127095179969,537424.0,537424.0,0.0,80391.8,80391.8,0.850412709517997,36726.100000000006,36726.100000000006,0.931662709517997,21611.050000000003,21611.050000000003,0.959787709517997
cost-p8192-q64-s15,8192,64,8192,15,10,33589,406,33183,0.9879127095179969,537424.0,53742.4,0.0,80391.8,8039.18,0.850412709517997,36726.100000000006,3672.6100000000006,0.931662709517997,21611.050000000003,2161.1050000000005,0.959787709517997
cost-p8192-q64-s15,8192,64,8192,15,100,33589,406,33183,0.9879127095179969,537424.0,5374.24,0.0,80391.8,803.918,0.850412709517997,36726.100000000006,367.2610000000001,0.931662709517997,21611.050000000003,216.11050000000003,0.959787709517997
cost-p8192-q64-s15,8192,64,8192,15,1000,33589,406,33183,0.9879127095179969,537424.0,537.424,0.0,80391.8,80.3918,0.850412709517997,36726.100000000006,36.7261,0.931662709517997,21611.050000000003,21.611050000000002,0.959787709517997
cost-p8192-q64-s16,8192,64,8192,16,1,41829,406,41423,0.9902938152956083,669264.0,669264.0,0.0,98519.8,98519.8,0.8527938152956083,44142.1,44142.1,0.9340438152956083,25319.05,25319.05,0.9621688152956083
cost-p8192-q64-s16,8192,64,8192,16,10,41829,406,41423,0.9902938152956083,669264.0,66926.4,0.0,98519.8,9851.98,0.8527938152956083,44142.1,4414.21,0.9340438152956083,25319.05,2531.9049999999997,0.9621688152956083
cost-p8192-q64-s16,8192,64,8192,16,100,41829,406,41423,0.9902938152956083,669264.0,6692.64,0.0,98519.8,985.198,0.8527938152956083,44142.1,441.421,0.9340438152956083,25319.05,253.1905,0.9621688152956083
cost-p8192-q64-s16,8192,64,8192,16,1000,41829,406,41423,0.9902938152956083,669264.0,669.264,0.0,98519.8,98.5198,0.8527938152956083,44142.1,44.1421,0.9340438152956083,25319.05,25.31905,0.9621688152956083
cost-p8192-q64-s17,8192,64,8192,17,1,50069,406,49663,0.9918911901575825,801104.0,801104.0,0.0,116647.8,116647.8,0.8543911901575825,51558.1,51558.1,0.9356411901575825,29027.05,29027.05,0.9637661901575825
cost-p8192-q64-s17,8192,64,8192,17,10,50069,406,49663,0.9918911901575825,801104.0,80110.4,0.0,116647.8,11664.78,0.8543911901575825,51558.1,5155.8099999999995,0.9356411901575825,29027.05,2902.705,0.9637661901575825
cost-p8192-q64-s17,8192,64,8192,17,100,50069,406,49663,0.9918911901575825,801104.0,8011.04,0.0,116647.8,1166.478,0.8543911901575825,51558.1,515.581,0.9356411901575825,29027.05,290.27049999999997,0.9637661901575825
cost-p8192-q64-s17,8192,64,8192,17,1000,50069,406,49663,0.9918911901575825,801104.0,801.104,0.0,116647.8,116.6478,0.8543911901575825,51558.1,51.558099999999996,0.9356411901575825,29027.05,29.02705,0.9637661901575825
cost-p8192-q64-s18,8192,64,8192,18,1,58309,406,57903,0.993037095474112,932944.0,932944.0,0.0,134775.80000000002,134775.80000000002,0.855537095474112,58974.1,58974.1,0.9367870954741121,32735.05,32735.05,0.964912095474112
cost-p8192-q64-s18,8192,64,8192,18,10,58309,406,57903,0.993037095474112,932944.0,93294.4,0.0,134775.80000000002,13477.580000000002,0.855537095474112,58974.1,5897.41,0.9367870954741121,32735.05,3273.505,0.964912095474112
cost-p8192-q64-s18,8192,64,8192,18,100,58309,406,57903,0.993037095474112,932944.0,9329.44,0.0,134775.80000000002,1347.7580000000003,0.855537095474112,58974.1,589.741,0.9367870954741121,32735.05,327.3505,0.964912095474112
cost-p8192-q64-s18,8192,64,8192,18,1000,58309,406,57903,0.993037095474112,932944.0,932.944,0.0,134775.80000000002,134.7758,0.855537095474112,58974.1,58.9741,0.9367870954741121,32735.05,32.73505,0.964912095474112
cost-p8192-q64-s19,8192,64,8192,19,1,66549,406,66143,0.9938992321447354,1064784.0,1064784.0,0.0,152903.80000000002,152903.80000000002,0.8563992321447355,66390.1,66390.1,0.9376492321447355,36443.05,36443.05,0.9657742321447355
cost-p8192-q64-s19,8192,64,8192,19,10,66549,406,66143,0.9938992321447354,1064784.0,106478.4,0.0,152903.80000000002,15290.380000000001,0.8563992321447355,66390.1,6639.01,0.9376492321447355,36443.05,3644.3050000000003,0.9657742321447355
cost-p8192-q64-s19,8192,64,8192,19,100,66549,406,66143,0.9938992321447354,1064784.0,10647.84,0.0,152903.80000000002,1529.0380000000002,0.8563992321447355,66390.1,663.9010000000001,0.9376492321447355,36443.05,364.43050000000005,0.9657742321447355
cost-p8192-q64-s19,8192,64,8192,19,1000,66549,406,66143,0.9938992321447354,1064784.0,1064.784,0.0,152903.80000000002,152.90380000000002,0.8563992321447355,66390.1,66.3901,0.9376492321447355,36443.05,36.44305,0.9657742321447355
cost-p8192-q64-s20,8192,64,8192,20,1,33589,406,33183,0.9879127095179969,537424.0,537424.0,0.0,80391.8,80391.8,0.850412709517997,36726.100000000006,36726.100000000006,0.931662709517997,21611.050000000003,21611.050000000003,0.959787709517997
cost-p8192-q64-s20,8192,64,8192,20,10,33589,406,33183,0.9879127095179969,537424.0,53742.4,0.0,80391.8,8039.18,0.850412709517997,36726.100000000006,3672.6100000000006,0.931662709517997,21611.050000000003,2161.1050000000005,0.959787709517997
cost-p8192-q64-s20,8192,64,8192,20,100,33589,406,33183,0.9879127095179969,537424.0,5374.24,0.0,80391.8,803.918,0.850412709517997,36726.100000000006,367.2610000000001,0.931662709517997,21611.050000000003,216.11050000000003,0.959787709517997
cost-p8192-q64-s20,8192,64,8192,20,1000,33589,406,33183,0.9879127095179969,537424.0,537.424,0.0,80391.8,80.3918,0.850412709517997,36726.100000000006,36.7261,0.931662709517997,21611.050000000003,21.611050000000002,0.959787709517997
cost-p8192-q64-s21,8192,64,8192,21,1,41829,406,41423,0.9902938152956083,669264.0,669264.0,0.0,98519.8,98519.8,0.8527938152956083,44142.1,44142.1,0.9340438152956083,25319.05,25319.05,0.9621688152956083
cost-p8192-q64-s21,8192,64,8192,21,10,41829,406,41423,0.9902938152956083,669264.0,66926.4,0.0,98519.8,9851.98,0.8527938152956083,44142.1,4414.21,0.9340438152956083,25319.05,2531.9049999999997,0.9621688152956083
cost-p8192-q64-s21,8192,64,8192,21,100,41829,406,41423,0.9902938152956083,669264.0,6692.64,0.0,98519.8,985.198,0.8527938152956083,44142.1,441.421,0.9340438152956083,25319.05,253.1905,0.9621688152956083
cost-p8192-q64-s21,8192,64,8192,21,1000,41829,406,41423,0.9902938152956083,669264.0,669.264,0.0,98519.8,98.5198,0.8527938152956083,44142.1,44.1421,0.9340438152956083,25319.05,25.31905,0.9621688152956083
cost-p8192-q64-s22,8192,64,8192,22,1,50069,406,49663,0.9918911901575825,801104.0,801104.0,0.0,116647.8,116647.8,0.8543911901575825,51558.1,51558.1,0.9356411901575825,29027.05,29027.05,0.9637661901575825
cost-p8192-q64-s22,8192,64,8192,22,10,50069,406,49663,0.9918911901575825,801104.0,80110.4,0.0,116647.8,11664.78,0.8543911901575825,51558.1,5155.8099999999995,0.9356411901575825,29027.05,2902.705,0.9637661901575825
cost-p8192-q64-s22,8192,64,8192,22,100,50069,406,49663,0.9918911901575825,801104.0,8011.04,0.0,116647.8,1166.478,0.8543911901575825,51558.1,515.581,0.9356411901575825,29027.05,290.27049999999997,0.9637661901575825
cost-p8192-q64-s22,8192,64,8192,22,1000,50069,406,49663,0.9918911901575825,801104.0,801.104,0.0,116647.8,116.6478,0.8543911901575825,51558.1,51.558099999999996,0.9356411901575825,29027.05,29.02705,0.9637661901575825
cost-p8192-q64-s23,8192,64,8192,23,1,58309,406,57903,0.993037095474112,932944.0,932944.0,0.0,134775.80000000002,134775.80000000002,0.855537095474112,58974.1,58974.1,0.9367870954741121,32735.05,32735.05,0.964912095474112
cost-p8192-q64-s23,8192,64,8192,23,10,58309,406,57903,0.993037095474112,932944.0,93294.4,0.0,134775.80000000002,13477.580000000002,0.855537095474112,58974.1,5897.41,0.9367870954741121,32735.05,3273.505,0.964912095474112
cost-p8192-q64-s23,8192,64,8192,23,100,58309,406,57903,0.993037095474112,932944.0,9329.44,0.0,134775.80000000002,1347.7580000000003,0.855537095474112,58974.1,589.741,0.9367870954741121,32735.05,327.3505,0.964912095474112
cost-p8192-q64-s23,8192,64,8192,23,1000,58309,406,57903,0.993037095474112,932944.0,932.944,0.0,134775.80000000002,134.7758,0.855537095474112,58974.1,58.9741,0.9367870954741121,32735.05,32.73505,0.964912095474112
cost-p8192-q64-s24,8192,64,8192,24,1,66549,406,66143,0.9938992321447354,1064784.0,1064784.0,0.0,152903.80000000002,152903.80000000002,0.8563992321447355,66390.1,66390.1,0.9376492321447355,36443.05,36443.05,0.9657742321447355
cost-p8192-q64-s24,8192,64,8192,24,10,66549,406,66143,0.9938992321447354,1064784.0,106478.4,0.0,152903.80000000002,15290.380000000001,0.8563992321447355,66390.1,6639.01,0.9376492321447355,36443.05,3644.3050000000003,0.9657742321447355
cost-p8192-q64-s24,8192,64,8192,24,100,66549,406,66143,0.9938992321447354,1064784.0,10647.84,0.0,152903.80000000002,1529.0380000000002,0.8563992321447355,66390.1,663.9010000000001,0.9376492321447355,36443.05,364.43050000000005,0.9657742321447355
cost-p8192-q64-s24,8192,64,8192,24,1000,66549,406,66143,0.9938992321447354,1064784.0,1064.784,0.0,152903.80000000002,152.90380000000002,0.8563992321447355,66390.1,66.3901,0.9376492321447355,36443.05,36.44305,0.9657742321447355
cost-p8192-q64-s25,8192,64,8192,25,1,33589,406,33183,0.9879127095179969,537424.0,537424.0,0.0,80391.8,80391.8,0.850412709517997,36726.100000000006,36726.100000000006,0.931662709517997,21611.050000000003,21611.050000000003,0.959787709517997
cost-p8192-q64-s25,8192,64,8192,25,10,33589,406,33183,0.9879127095179969,537424.0,53742.4,0.0,80391.8,8039.18,0.850412709517997,36726.100000000006,3672.6100000000006,0.931662709517997,21611.050000000003,2161.1050000000005,0.959787709517997
cost-p8192-q64-s25,8192,64,8192,25,100,33589,406,33183,0.9879127095179969,537424.0,5374.24,0.0,80391.8,803.918,0.850412709517997,36726.100000000006,367.2610000000001,0.931662709517997,21611.050000000003,216.11050000000003,0.959787709517997
cost-p8192-q64-s25,8192,64,8192,25,1000,33589,406,33183,0.9879127095179969,537424.0,537.424,0.0,80391.8,80.3918,0.850412709517997,36726.100000000006,36.7261,0.931662709517997,21611.050000000003,21.611050000000002,0.959787709517997
cost-p8192-q64-s26,8192,64,8192,26,1,41829,406,41423,0.9902938152956083,669264.0,669264.0,0.0,98519.8,98519.8,0.8527938152956083,44142.1,44142.1,0.9340438152956083,25319.05,25319.05,0.9621688152956083
cost-p8192-q64-s26,8192,64,8192,26,10,41829,406,41423,0.9902938152956083,669264.0,66926.4,0.0,98519.8,9851.98,0.8527938152956083,44142.1,4414.21,0.9340438152956083,25319.05,2531.9049999999997,0.9621688152956083
cost-p8192-q64-s26,8192,64,8192,26,100,41829,406,41423,0.9902938152956083,669264.0,6692.64,0.0,98519.8,985.198,0.8527938152956083,44142.1,441.421,0.9340438152956083,25319.05,253.1905,0.9621688152956083
cost-p8192-q64-s26,8192,64,8192,26,1000,41829,406,41423,0.9902938152956083,669264.0,669.264,0.0,98519.8,98.5198,0.8527938152956083,44142.1,44.1421,0.9340438152956083,25319.05,25.31905,0.9621688152956083
cost-p8192-q64-s27,8192,64,8192,27,1,50069,406,49663,0.9918911901575825,801104.0,801104.0,0.0,116647.8,116647.8,0.8543911901575825,51558.1,51558.1,0.9356411901575825,29027.05,29027.05,0.9637661901575825
cost-p8192-q64-s27,8192,64,8192,27,10,50069,406,49663,0.9918911901575825,801104.0,80110.4,0.0,116647.8,11664.78,0.8543911901575825,51558.1,5155.8099999999995,0.9356411901575825,29027.05,2902.705,0.9637661901575825
cost-p8192-q64-s27,8192,64,8192,27,100,50069,406,49663,0.9918911901575825,801104.0,8011.04,0.0,116647.8,1166.478,0.8543911901575825,51558.1,515.581,0.9356411901575825,29027.05,290.27049999999997,0.9637661901575825
cost-p8192-q64-s27,8192,64,8192,27,1000,50069,406,49663,0.9918911901575825,801104.0,801.104,0.0,116647.8,116.6478,0.8543911901575825,51558.1,51.558099999999996,0.9356411901575825,29027.05,29.02705,0.9637661901575825
cost-p8192-q64-s28,8192,64,8192,28,1,58309,406,57903,0.993037095474112,932944.0,932944.0,0.0,134775.80000000002,134775.80000000002,0.855537095474112,58974.1,58974.1,0.9367870954741121,32735.05,32735.05,0.964912095474112
cost-p8192-q64-s28,8192,64,8192,28,10,58309,406,57903,0.993037095474112,932944.0,93294.4,0.0,134775.80000000002,13477.580000000002,0.855537095474112,58974.1,5897.41,0.9367870954741121,32735.05,3273.505,0.964912095474112
cost-p8192-q64-s28,8192,64,8192,28,100,58309,406,57903,0.993037095474112,932944.0,9329.44,0.0,134775.80000000002,1347.7580000000003,0.855537095474112,58974.1,589.741,0.9367870954741121,32735.05,327.3505,0.964912095474112
cost-p8192-q64-s28,8192,64,8192,28,1000,58309,406,57903,0.993037095474112,932944.0,932.944,0.0,134775.80000000002,134.7758,0.855537095474112,58974.1,58.9741,0.9367870954741121,32735.05,32.73505,0.964912095474112
cost-p8192-q64-s29,8192,64,8192,29,1,66549,406,66143,0.9938992321447354,1064784.0,1064784.0,0.0,152903.80000000002,152903.80000000002,0.8563992321447355,66390.1,66390.1,0.9376492321447355,36443.05,36443.05,0.9657742321447355
cost-p8192-q64-s29,8192,64,8192,29,10,66549,406,66143,0.9938992321447354,1064784.0,106478.4,0.0,152903.80000000002,15290.380000000001,0.8563992321447355,66390.1,6639.01,0.9376492321447355,36443.05,3644.3050000000003,0.9657742321447355
cost-p8192-q64-s29,8192,64,8192,29,100,66549,406,66143,0.9938992321447354,1064784.0,10647.84,0.0,152903.80000000002,1529.0380000000002,0.8563992321447355,66390.1,663.9010000000001,0.9376492321447355,36443.05,364.43050000000005,0.9657742321447355
cost-p8192-q64-s29,8192,64,8192,29,1000,66549,406,66143,0.9938992321447354,1064784.0,1064.784,0.0,152903.80000000002,152.90380000000002,0.8563992321447355,66390.1,66.3901,0.9376492321447355,36443.05,36.44305,0.9657742321447355
cost-p8192-q64-s30,8192,64,8192,30,1,33589,406,33183,0.9879127095179969,537424.0,537424.0,0.0,80391.8,80391.8,0.850412709517997,36726.100000000006,36726.100000000006,0.931662709517997,21611.050000000003,21611.050000000003,0.959787709517997
cost-p8192-q64-s30,8192,64,8192,30,10,33589,406,33183,0.9879127095179969,537424.0,53742.4,0.0,80391.8,8039.18,0.850412709517997,36726.100000000006,3672.6100000000006,0.931662709517997,21611.050000000003,2161.1050000000005,0.959787709517997
cost-p8192-q64-s30,8192,64,8192,30,100,33589,406,33183,0.9879127095179969,537424.0,5374.24,0.0,80391.8,803.918,0.850412709517997,36726.100000000006,367.2610000000001,0.931662709517997,21611.050000000003,216.11050000000003,0.959787709517997
cost-p8192-q64-s30,8192,64,8192,30,1000,33589,406,33183,0.9879127095179969,537424.0,537.424,0.0,80391.8,80.3918,0.850412709517997,36726.100000000006,36.7261,0.931662709517997,21611.050000000003,21.611050000000002,0.959787709517997
cost-p8192-q64-s31,8192,64,8192,31,1,41829,406,41423,0.9902938152956083,669264.0,669264.0,0.0,98519.8,98519.8,0.8527938152956083,44142.1,44142.1,0.9340438152956083,25319.05,25319.05,0.9621688152956083
cost-p8192-q64-s31,8192,64,8192,31,10,41829,406,41423,0.9902938152956083,669264.0,66926.4,0.0,98519.8,9851.98,0.8527938152956083,44142.1,4414.21,0.9340438152956083,25319.05,2531.9049999999997,0.9621688152956083
cost-p8192-q64-s31,8192,64,8192,31,100,41829,406,41423,0.9902938152956083,669264.0,6692.64,0.0,98519.8,985.198,0.8527938152956083,44142.1,441.421,0.9340438152956083,25319.05,253.1905,0.9621688152956083
cost-p8192-q64-s31,8192,64,8192,31,1000,41829,406,41423,0.9902938152956083,669264.0,669.264,0.0,98519.8,98.5198,0.8527938152956083,44142.1,44.1421,0.9340438152956083,25319.05,25.31905,0.9621688152956083
cost-p8192-q64-s32,8192,64,8192,32,1,50069,406,49663,0.9918911901575825,801104.0,801104.0,0.0,116647.8,116647.8,0.8543911901575825,51558.1,51558.1,0.9356411901575825,29027.05,29027.05,0.9637661901575825
cost-p8192-q64-s32,8192,64,8192,32,10,50069,406,49663,0.9918911901575825,801104.0,80110.4,0.0,116647.8,11664.78,0.8543911901575825,51558.1,5155.8099999999995,0.9356411901575825,29027.05,2902.705,0.9637661901575825
cost-p8192-q64-s32,8192,64,8192,32,100,50069,406,49663,0.9918911901575825,801104.0,8011.04,0.0,116647.8,1166.478,0.8543911901575825,51558.1,515.581,0.9356411901575825,29027.05,290.27049999999997,0.9637661901575825
cost-p8192-q64-s32,8192,64,8192,32,1000,50069,406,49663,0.9918911901575825,801104.0,801.104,0.0,116647.8,116.6478,0.8543911901575825,51558.1,51.558099999999996,0.9356411901575825,29027.05,29.02705,0.9637661901575825
cost-p8192-q64-s33,8192,64,8192,33,1,58309,406,57903,0.993037095474112,932944.0,932944.0,0.0,134775.80000000002,134775.80000000002,0.855537095474112,58974.1,58974.1,0.9367870954741121,32735.05,32735.05,0.964912095474112
cost-p8192-q64-s33,8192,64,8192,33,10,58309,406,57903,0.993037095474112,932944.0,93294.4,0.0,134775.80000000002,13477.580000000002,0.855537095474112,58974.1,5897.41,0.9367870954741121,32735.05,3273.505,0.964912095474112
cost-p8192-q64-s33,8192,64,8192,33,100,58309,406,57903,0.993037095474112,932944.0,9329.44,0.0,134775.80000000002,1347.7580000000003,0.855537095474112,58974.1,589.741,0.9367870954741121,32735.05,327.3505,0.964912095474112
cost-p8192-q64-s33,8192,64,8192,33,1000,58309,406,57903,0.993037095474112,932944.0,932.944,0.0,134775.80000000002,134.7758,0.855537095474112,58974.1,58.9741,0.9367870954741121,32735.05,32.73505,0.964912095474112
cost-p8192-q64-s34,8192,64,8192,34,1,66549,406,66143,0.9938992321447354,1064784.0,1064784.0,0.0,152903.80000000002,152903.80000000002,0.8563992321447355,66390.1,66390.1,0.9376492321447355,36443.05,36443.05,0.9657742321447355
cost-p8192-q64-s34,8192,64,8192,34,10,66549,406,66143,0.9938992321447354,1064784.0,106478.4,0.0,152903.80000000002,15290.380000000001,0.8563992321447355,66390.1,6639.01,0.9376492321447355,36443.05,3644.3050000000003,0.9657742321447355
cost-p8192-q64-s34,8192,64,8192,34,100,66549,406,66143,0.9938992321447354,1064784.0,10647.84,0.0,152903.80000000002,1529.0380000000002,0.8563992321447355,66390.1,663.9010000000001,0.9376492321447355,36443.05,364.43050000000005,0.9657742321447355
cost-p8192-q64-s34,8192,64,8192,34,1000,66549,406,66143,0.9938992321447354,1064784.0,1064.784,0.0,152903.80000000002,152.90380000000002,0.8563992321447355,66390.1,66.3901,0.9376492321447355,36443.05,36.44305,0.9657742321447355
cost-p8192-q64-s35,8192,64,8192,35,1,33589,406,33183,0.9879127095179969,537424.0,537424.0,0.0,80391.8,80391.8,0.850412709517997,36726.100000000006,36726.100000000006,0.931662709517997,21611.050000000003,21611.050000000003,0.959787709517997
cost-p8192-q64-s35,8192,64,8192,35,10,33589,406,33183,0.9879127095179969,537424.0,53742.4,0.0,80391.8,8039.18,0.850412709517997,36726.100000000006,3672.6100000000006,0.931662709517997,21611.050000000003,2161.1050000000005,0.959787709517997
cost-p8192-q64-s35,8192,64,8192,35,100,33589,406,33183,0.9879127095179969,537424.0,5374.24,0.0,80391.8,803.918,0.850412709517997,36726.100000000006,367.2610000000001,0.931662709517997,21611.050000000003,216.11050000000003,0.959787709517997
cost-p8192-q64-s35,8192,64,8192,35,1000,33589,406,33183,0.9879127095179969,537424.0,537.424,0.0,80391.8,80.3918,0.850412709517997,36726.100000000006,36.7261,0.931662709517997,21611.050000000003,21.611050000000002,0.959787709517997
cost-p8192-q64-s36,8192,64,8192,36,1,41829,406,41423,0.9902938152956083,669264.0,669264.0,0.0,98519.8,98519.8,0.8527938152956083,44142.1,44142.1,0.9340438152956083,25319.05,25319.05,0.9621688152956083
cost-p8192-q64-s36,8192,64,8192,36,10,41829,406,41423,0.9902938152956083,669264.0,66926.4,0.0,98519.8,9851.98,0.8527938152956083,44142.1,4414.21,0.9340438152956083,25319.05,2531.9049999999997,0.9621688152956083
cost-p8192-q64-s36,8192,64,8192,36,100,41829,406,41423,0.9902938152956083,669264.0,6692.64,0.0,98519.8,985.198,0.8527938152956083,44142.1,441.421,0.9340438152956083,25319.05,253.1905,0.9621688152956083
cost-p8192-q64-s36,8192,64,8192,36,1000,41829,406,41423,0.9902938152956083,669264.0,669.264,0.0,98519.8,98.5198,0.8527938152956083,44142.1,44.1421,0.9340438152956083,25319.05,25.31905,0.9621688152956083
cost-p8192-q64-s37,8192,64,8192,37,1,50069,406,49663,0.9918911901575825,801104.0,801104.0,0.0,116647.8,116647.8,0.8543911901575825,51558.1,51558.1,0.9356411901575825,29027.05,29027.05,0.9637661901575825
cost-p8192-q64-s37,8192,64,8192,37,10,50069,406,49663,0.9918911901575825,801104.0,80110.4,0.0,116647.8,11664.78,0.8543911901575825,51558.1,5155.8099999999995,0.9356411901575825,29027.05,2902.705,0.9637661901575825
cost-p8192-q64-s37,8192,64,8192,37,100,50069,406,49663,0.9918911901575825,801104.0,8011.04,0.0,116647.8,1166.478,0.8543911901575825,51558.1,515.581,0.9356411901575825,29027.05,290.27049999999997,0.9637661901575825
cost-p8192-q64-s37,8192,64,8192,37,1000,50069,406,49663,0.9918911901575825,801104.0,801.104,0.0,116647.8,116.6478,0.8543911901575825,51558.1,51.558099999999996,0.9356411901575825,29027.05,29.02705,0.9637661901575825
cost-p8192-q64-s38,8192,64,8192,38,1,58309,406,57903,0.993037095474112,932944.0,932944.0,0.0,134775.80000000002,134775.80000000002,0.855537095474112,58974.1,58974.1,0.9367870954741121,32735.05,32735.05,0.964912095474112
cost-p8192-q64-s38,8192,64,8192,38,10,58309,406,57903,0.993037095474112,932944.0,93294.4,0.0,134775.80000000002,13477.580000000002,0.855537095474112,58974.1,5897.41,0.9367870954741121,32735.05,3273.505,0.964912095474112
cost-p8192-q64-s38,8192,64,8192,38,100,58309,406,57903,0.993037095474112,932944.0,9329.44,0.0,134775.80000000002,1347.7580000000003,0.855537095474112,58974.1,589.741,0.9367870954741121,32735.05,327.3505,0.964912095474112
cost-p8192-q64-s38,8192,64,8192,38,1000,58309,406,57903,0.993037095474112,932944.0,932.944,0.0,134775.80000000002,134.7758,0.855537095474112,58974.1,58.9741,0.9367870954741121,32735.05,32.73505,0.964912095474112
cost-p8192-q64-s39,8192,64,8192,39,1,66549,406,66143,0.9938992321447354,1064784.0,1064784.0,0.0,152903.80000000002,152903.80000000002,0.8563992321447355,66390.1,66390.1,0.9376492321447355,36443.05,36443.05,0.9657742321447355
cost-p8192-q64-s39,8192,64,8192,39,10,66549,406,66143,0.9938992321447354,1064784.0,106478.4,0.0,152903.80000000002,15290.380000000001,0.8563992321447355,66390.1,6639.01,0.9376492321447355,36443.05,3644.3050000000003,0.9657742321447355
cost-p8192-q64-s39,8192,64,8192,39,100,66549,406,66143,0.9938992321447354,1064784.0,10647.84,0.0,152903.80000000002,1529.0380000000002,0.8563992321447355,66390.1,663.9010000000001,0.9376492321447355,36443.05,364.43050000000005,0.9657742321447355
cost-p8192-q64-s39,8192,64,8192,39,1000,66549,406,66143,0.9938992321447354,1064784.0,1064.784,0.0,152903.80000000002,152.90380000000002,0.8563992321447355,66390.1,66.3901,0.9376492321447355,36443.05,36.44305,0.9657742321447355
cost-p8192-q64-s40,8192,64,8192,40,1,33589,406,33183,0.9879127095179969,537424.0,537424.0,0.0,80391.8,80391.8,0.850412709517997,36726.100000000006,36726.100000000006,0.931662709517997,21611.050000000003,21611.050000000003,0.959787709517997
cost-p8192-q64-s40,8192,64,8192,40,10,33589,406,33183,0.9879127095179969,537424.0,53742.4,0.0,80391.8,8039.18,0.850412709517997,36726.100000000006,3672.6100000000006,0.931662709517997,21611.050000000003,2161.1050000000005,0.959787709517997
cost-p8192-q64-s40,8192,64,8192,40,100,33589,406,33183,0.9879127095179969,537424.0,5374.24,0.0,80391.8,803.918,0.850412709517997,36726.100000000006,367.2610000000001,0.931662709517997,21611.050000000003,216.11050000000003,0.959787709517997
cost-p8192-q64-s40,8192,64,8192,40,1000,33589,406,33183,0.9879127095179969,537424.0,537.424,0.0,80391.8,80.3918,0.850412709517997,36726.100000000006,36.7261,0.931662709517997,21611.050000000003,21.611050000000002,0.959787709517997
cost-p8192-q64-s41,8192,64,8192,41,1,41829,406,41423,0.9902938152956083,669264.0,669264.0,0.0,98519.8,98519.8,0.8527938152956083,44142.1,44142.1,0.9340438152956083,25319.05,25319.05,0.9621688152956083
cost-p8192-q64-s41,8192,64,8192,41,10,41829,406,41423,0.9902938152956083,669264.0,66926.4,0.0,98519.8,9851.98,0.8527938152956083,44142.1,4414.21,0.9340438152956083,25319.05,2531.9049999999997,0.9621688152956083
cost-p8192-q64-s41,8192,64,8192,41,100,41829,406,41423,0.9902938152956083,669264.0,6692.64,0.0,98519.8,985.198,0.8527938152956083,44142.1,441.421,0.9340438152956083,25319.05,253.1905,0.9621688152956083
cost-p8192-q64-s41,8192,64,8192,41,1000,41829,406,41423,0.9902938152956083,669264.0,669.264,0.0,98519.8,98.5198,0.8527938152956083,44142.1,44.1421,0.9340438152956083,25319.05,25.31905,0.9621688152956083
cost-p8192-q64-s42,8192,64,8192,42,1,50069,406,49663,0.9918911901575825,801104.0,801104.0,0.0,116647.8,116647.8,0.8543911901575825,51558.1,51558.1,0.9356411901575825,29027.05,29027.05,0.9637661901575825
cost-p8192-q64-s42,8192,64,8192,42,10,50069,406,49663,0.9918911901575825,801104.0,80110.4,0.0,116647.8,11664.78,0.8543911901575825,51558.1,5155.8099999999995,0.9356411901575825,29027.05,2902.705,0.9637661901575825
cost-p8192-q64-s42,8192,64,8192,42,100,50069,406,49663,0.9918911901575825,801104.0,8011.04,0.0,116647.8,1166.478,0.8543911901575825,51558.1,515.581,0.9356411901575825,29027.05,290.27049999999997,0.9637661901575825
cost-p8192-q64-s42,8192,64,8192,42,1000,50069,406,49663,0.9918911901575825,801104.0,801.104,0.0,116647.8,116.6478,0.8543911901575825,51558.1,51.558099999999996,0.9356411901575825,29027.05,29.02705,0.9637661901575825
cost-p8192-q64-s43,8192,64,8192,43,1,58309,406,57903,0.993037095474112,932944.0,932944.0,0.0,134775.80000000002,134775.80000000002,0.855537095474112,58974.1,58974.1,0.9367870954741121,32735.05,32735.05,0.964912095474112
cost-p8192-q64-s43,8192,64,8192,43,10,58309,406,57903,0.993037095474112,932944.0,93294.4,0.0,134775.80000000002,13477.580000000002,0.855537095474112,58974.1,5897.41,0.9367870954741121,32735.05,3273.505,0.964912095474112
cost-p8192-q64-s43,8192,64,8192,43,100,58309,406,57903,0.993037095474112,932944.0,9329.44,0.0,134775.80000000002,1347.7580000000003,0.855537095474112,58974.1,589.741,0.9367870954741121,32735.05,327.3505,0.964912095474112
cost-p8192-q64-s43,8192,64,8192,43,1000,58309,406,57903,0.993037095474112,932944.0,932.944,0.0,134775.80000000002,134.7758,0.855537095474112,58974.1,58.9741,0.9367870954741121,32735.05,32.73505,0.964912095474112
cost-p8192-q64-s44,8192,64,8192,44,1,66549,406,66143,0.9938992321447354,1064784.0,1064784.0,0.0,152903.80000000002,152903.80000000002,0.8563992321447355,66390.1,66390.1,0.9376492321447355,36443.05,36443.05,0.9657742321447355
cost-p8192-q64-s44,8192,64,8192,44,10,66549,406,66143,0.9938992321447354,1064784.0,106478.4,0.0,152903.80000000002,15290.380000000001,0.8563992321447355,66390.1,6639.01,0.9376492321447355,36443.05,3644.3050000000003,0.9657742321447355
cost-p8192-q64-s44,8192,64,8192,44,100,66549,406,66143,0.9938992321447354,1064784.0,10647.84,0.0,152903.80000000002,1529.0380000000002,0.8563992321447355,66390.1,663.9010000000001,0.9376492321447355,36443.05,364.43050000000005,0.9657742321447355
cost-p8192-q64-s44,8192,64,8192,44,1000,66549,406,66143,0.9938992321447354,1064784.0,1064.784,0.0,152903.80000000002,152.90380000000002,0.8563992321447355,66390.1,66.3901,0.9376492321447355,36443.05,36.44305,0.9657742321447355
cost-p8192-q64-s45,8192,64,8192,45,1,33589,406,33183,0.9879127095179969,537424.0,537424.0,0.0,80391.8,80391.8,0.850412709517997,36726.100000000006,36726.100000000006,0.931662709517997,21611.050000000003,21611.050000000003,0.959787709517997
cost-p8192-q64-s45,8192,64,8192,45,10,33589,406,33183,0.9879127095179969,537424.0,53742.4,0.0,80391.8,8039.18,0.850412709517997,36726.100000000006,3672.6100000000006,0.931662709517997,21611.050000000003,2161.1050000000005,0.959787709517997
cost-p8192-q64-s45,8192,64,8192,45,100,33589,406,33183,0.9879127095179969,537424.0,5374.24,0.0,80391.8,803.918,0.850412709517997,36726.100000000006,367.2610000000001,0.931662709517997,21611.050000000003,216.11050000000003,0.959787709517997
cost-p8192-q64-s45,8192,64,8192,45,1000,33589,406,33183,0.9879127095179969,537424.0,537.424,0.0,80391.8,80.3918,0.850412709517997,36726.100000000006,36.7261,0.931662709517997,21611.050000000003,21.611050000000002,0.959787709517997
cost-p8192-q64-s46,8192,64,8192,46,1,41829,406,41423,0.9902938152956083,669264.0,669264.0,0.0,98519.8,98519.8,0.8527938152956083,44142.1,44142.1,0.9340438152956083,25319.05,25319.05,0.9621688152956083
cost-p8192-q64-s46,8192,64,8192,46,10,41829,406,41423,0.9902938152956083,669264.0,66926.4,0.0,98519.8,9851.98,0.8527938152956083,44142.1,4414.21,0.9340438152956083,25319.05,2531.9049999999997,0.9621688152956083
cost-p8192-q64-s46,8192,64,8192,46,100,41829,406,41423,0.9902938152956083,669264.0,6692.64,0.0,98519.8,985.198,0.8527938152956083,44142.1,441.421,0.9340438152956083,25319.05,253.1905,0.9621688152956083
cost-p8192-q64-s46,8192,64,8192,46,1000,41829,406,41423,0.9902938152956083,669264.0,669.264,0.0,98519.8,98.5198,0.8527938152956083,44142.1,44.1421,0.9340438152956083,25319.05,25.31905,0.9621688152956083
cost-p8192-q64-s47,8192,64,8192,47,1,50069,406,49663,0.9918911901575825,801104.0,801104.0,0.0,116647.8,116647.8,0.8543911901575825,51558.1,51558.1,0.9356411901575825,29027.05,29027.05,0.9637661901575825
cost-p8192-q64-s47,8192,64,8192,47,10,50069,406,49663,0.9918911901575825,801104.0,80110.4,0.0,116647.8,11664.78,0.8543911901575825,51558.1,5155.8099999999995,0.9356411901575825,29027.05,2902.705,0.9637661901575825
cost-p8192-q64-s47,8192,64,8192,47,100,50069,406,49663,0.9918911901575825,801104.0,8011.04,0.0,116647.8,1166.478,0.8543911901575825,51558.1,515.581,0.9356411901575825,29027.05,290.27049999999997,0.9637661901575825
cost-p8192-q64-s47,8192,64,8192,47,1000,50069,406,49663,0.9918911901575825,801104.0,801.104,0.0,116647.8,116.6478,0.8543911901575825,51558.1,51.558099999999996,0.9356411901575825,29027.05,29.02705,0.9637661901575825
cost-p8192-q64-s48,8192,64,8192,48,1,58309,406,57903,0.993037095474112,932944.0,932944.0,0.0,134775.80000000002,134775.80000000002,0.855537095474112,58974.1,58974.1,0.9367870954741121,32735.05,32735.05,0.964912095474112
cost-p8192-q64-s48,8192,64,8192,48,10,58309,406,57903,0.993037095474112,932944.0,93294.4,0.0,134775.80000000002,13477.580000000002,0.855537095474112,58974.1,5897.41,0.9367870954741121,32735.05,3273.505,0.964912095474112
cost-p8192-q64-s48,8192,64,8192,48,100,58309,406,57903,0.993037095474112,932944.0,9329.44,0.0,134775.80000000002,1347.7580000000003,0.855537095474112,58974.1,589.741,0.9367870954741121,32735.05,327.3505,0.964912095474112
cost-p8192-q64-s48,8192,64,8192,48,1000,58309,406,57903,0.993037095474112,932944.0,932.944,0.0,134775.80000000002,134.7758,0.855537095474112,58974.1,58.9741,0.9367870954741121,32735.05,32.73505,0.964912095474112
cost-p8192-q64-s49,8192,64,8192,49,1,66549,406,66143,0.9938992321447354,1064784.0,1064784.0,0.0,152903.80000000002,152903.80000000002,0.8563992321447355,66390.1,66390.1,0.9376492321447355,36443.05,36443.05,0.9657742321447355
cost-p8192-q64-s49,8192,64,8192,49,10,66549,406,66143,0.9938992321447354,1064784.0,106478.4,0.0,152903.80000000002,15290.380000000001,0.8563992321447355,66390.1,6639.01,0.9376492321447355,36443.05,3644.3050000000003,0.9657742321447355
cost-p8192-q64-s49,8192,64,8192,49,100,66549,406,66143,0.9938992321447354,1064784.0,10647.84,0.0,152903.80000000002,1529.0380000000002,0.8563992321447355,66390.1,663.9010000000001,0.9376492321447355,36443.05,364.43050000000005,0.9657742321447355
cost-p8192-q64-s49,8192,64,8192,49,1000,66549,406,66143,0.9938992321447354,1064784.0,1064.784,0.0,152903.80000000002,152.90380000000002,0.8563992321447355,66390.1,66.3901,0.9376492321447355,36443.05,36.44305,0.9657742321447355
cost-p8192-q64-s50,8192,64,8192,50,1,33589,406,33183,0.9879127095179969,537424.0,537424.0,0.0,80391.8,80391.8,0.850412709517997,36726.100000000006,36726.100000000006,0.931662709517997,21611.050000000003,21611.050000000003,0.959787709517997
cost-p8192-q64-s50,8192,64,8192,50,10,33589,406,33183,0.9879127095179969,537424.0,53742.4,0.0,80391.8,8039.18,0.850412709517997,36726.100000000006,3672.6100000000006,0.931662709517997,21611.050000000003,2161.1050000000005,0.959787709517997
cost-p8192-q64-s50,8192,64,8192,50,100,33589,406,33183,0.9879127095179969,537424.0,5374.24,0.0,80391.8,803.918,0.850412709517997,36726.100000000006,367.2610000000001,0.931662709517997,21611.050000000003,216.11050000000003,0.959787709517997
cost-p8192-q64-s50,8192,64,8192,50,1000,33589,406,33183,0.9879127095179969,537424.0,537.424,0.0,80391.8,80.3918,0.850412709517997,36726.100000000006,36.7261,0.931662709517997,21611.050000000003,21.611050000000002,0.959787709517997
cost-p8192-q64-s51,8192,64,8192,51,1,41829,406,41423,0.9902938152956083,669264.0,669264.0,0.0,98519.8,98519.8,0.8527938152956083,44142.1,44142.1,0.9340438152956083,25319.05,25319.05,0.9621688152956083
cost-p8192-q64-s51,8192,64,8192,51,10,41829,406,41423,0.9902938152956083,669264.0,66926.4,0.0,98519.8,9851.98,0.8527938152956083,44142.1,4414.21,0.9340438152956083,25319.05,2531.9049999999997,0.9621688152956083
cost-p8192-q64-s51,8192,64,8192,51,100,41829,406,41423,0.9902938152956083,669264.0,6692.64,0.0,98519.8,985.198,0.8527938152956083,44142.1,441.421,0.9340438152956083,25319.05,253.1905,0.9621688152956083
cost-p8192-q64-s51,8192,64,8192,51,1000,41829,406,41423,0.9902938152956083,669264.0,669.264,0.0,98519.8,98.5198,0.8527938152956083,44142.1,44.1421,0.9340438152956083,25319.05,25.31905,0.9621688152956083
cost-p8192-q64-s52,8192,64,8192,52,1,50069,406,49663,0.9918911901575825,801104.0,801104.0,0.0,116647.8,116647.8,0.8543911901575825,51558.1,51558.1,0.9356411901575825,29027.05,29027.05,0.9637661901575825
cost-p8192-q64-s52,8192,64,8192,52,10,50069,406,49663,0.9918911901575825,801104.0,80110.4,0.0,116647.8,11664.78,0.8543911901575825,51558.1,5155.8099999999995,0.9356411901575825,29027.05,2902.705,0.9637661901575825
cost-p8192-q64-s52,8192,64,8192,52,100,50069,406,49663,0.9918911901575825,801104.0,8011.04,0.0,116647.8,1166.478,0.8543911901575825,51558.1,515.581,0.9356411901575825,29027.05,290.27049999999997,0.9637661901575825
cost-p8192-q64-s52,8192,64,8192,52,1000,50069,406,49663,0.9918911901575825,801104.0,801.104,0.0,116647.8,116.6478,0.8543911901575825,51558.1,51.558099999999996,0.9356411901575825,29027.05,29.02705,0.9637661901575825
cost-p8192-q64-s53,8192,64,8192,53,1,58309,406,57903,0.993037095474112,932944.0,932944.0,0.0,134775.80000000002,134775.80000000002,0.855537095474112,58974.1,58974.1,0.9367870954741121,32735.05,32735.05,0.964912095474112
cost-p8192-q64-s53,8192,64,8192,53,10,58309,406,57903,0.993037095474112,932944.0,93294.4,0.0,134775.80000000002,13477.580000000002,0.855537095474112,58974.1,5897.41,0.9367870954741121,32735.05,3273.505,0.964912095474112
cost-p8192-q64-s53,8192,64,8192,53,100,58309,406,57903,0.993037095474112,932944.0,9329.44,0.0,134775.80000000002,1347.7580000000003,0.855537095474112,58974.1,589.741,0.9367870954741121,32735.05,327.3505,0.964912095474112
cost-p8192-q64-s53,8192,64,8192,53,1000,58309,406,57903,0.993037095474112,932944.0,932.944,0.0,134775.80000000002,134.7758,0.855537095474112,58974.1,58.9741,0.9367870954741121,32735.05,32.73505,0.964912095474112
cost-p8192-q64-s54,8192,64,8192,54,1,66549,406,66143,0.9938992321447354,1064784.0,1064784.0,0.0,152903.80000000002,152903.80000000002,0.8563992321447355,66390.1,66390.1,0.9376492321447355,36443.05,36443.05,0.9657742321447355
cost-p8192-q64-s54,8192,64,8192,54,10,66549,406,66143,0.9938992321447354,1064784.0,106478.4,0.0,152903.80000000002,15290.380000000001,0.8563992321447355,66390.1,6639.01,0.9376492321447355,36443.05,3644.3050000000003,0.9657742321447355
cost-p8192-q64-s54,8192,64,8192,54,100,66549,406,66143,0.9938992321447354,1064784.0,10647.84,0.0,152903.80000000002,1529.0380000000002,0.8563992321447355,66390.1,663.9010000000001,0.9376492321447355,36443.05,364.43050000000005,0.9657742321447355
cost-p8192-q64-s54,8192,64,8192,54,1000,66549,406,66143,0.9938992321447354,1064784.0,1064.784,0.0,152903.80000000002,152.90380000000002,0.8563992321447355,66390.1,66.3901,0.9376492321447355,36443.05,36.44305,0.9657742321447355
cost-p8192-q64-s55,8192,64,8192,55,1,33589,406,33183,0.9879127095179969,537424.0,537424.0,0.0,80391.8,80391.8,0.850412709517997,36726.100000000006,36726.100000000006,0.931662709517997,21611.050000000003,21611.050000000003,0.959787709517997
cost-p8192-q64-s55,8192,64,8192,55,10,33589,406,33183,0.9879127095179969,537424.0,53742.4,0.0,80391.8,8039.18,0.850412709517997,36726.100000000006,3672.6100000000006,0.931662709517997,21611.050000000003,2161.1050000000005,0.959787709517997
cost-p8192-q64-s55,8192,64,8192,55,100,33589,406,33183,0.9879127095179969,537424.0,5374.24,0.0,80391.8,803.918,0.850412709517997,36726.100000000006,367.2610000000001,0.931662709517997,21611.050000000003,216.11050000000003,0.959787709517997
cost-p8192-q64-s55,8192,64,8192,55,1000,33589,406,33183,0.9879127095179969,537424.0,537.424,0.0,80391.8,80.3918,0.850412709517997,36726.100000000006,36.7261,0.931662709517997,21611.050000000003,21.611050000000002,0.959787709517997
cost-p8192-q64-s56,8192,64,8192,56,1,41829,406,41423,0.9902938152956083,669264.0,669264.0,0.0,98519.8,98519.8,0.8527938152956083,44142.1,44142.1,0.9340438152956083,25319.05,25319.05,0.9621688152956083
cost-p8192-q64-s56,8192,64,8192,56,10,41829,406,41423,0.9902938152956083,669264.0,66926.4,0.0,98519.8,9851.98,0.8527938152956083,44142.1,4414.21,0.9340438152956083,25319.05,2531.9049999999997,0.9621688152956083
cost-p8192-q64-s56,8192,64,8192,56,100,41829,406,41423,0.9902938152956083,669264.0,6692.64,0.0,98519.8,985.198,0.8527938152956083,44142.1,441.421,0.9340438152956083,25319.05,253.1905,0.9621688152956083
cost-p8192-q64-s56,8192,64,8192,56,1000,41829,406,41423,0.9902938152956083,669264.0,669.264,0.0,98519.8,98.5198,0.8527938152956083,44142.1,44.1421,0.9340438152956083,25319.05,25.31905,0.9621688152956083
cost-p8192-q64-s57,8192,64,8192,57,1,50069,406,49663,0.9918911901575825,801104.0,801104.0,0.0,116647.8,116647.8,0.8543911901575825,51558.1,51558.1,0.9356411901575825,29027.05,29027.05,0.9637661901575825
cost-p8192-q64-s57,8192,64,8192,57,10,50069,406,49663,0.9918911901575825,801104.0,80110.4,0.0,116647.8,11664.78,0.8543911901575825,51558.1,5155.8099999999995,0.9356411901575825,29027.05,2902.705,0.9637661901575825
cost-p8192-q64-s57,8192,64,8192,57,100,50069,406,49663,0.9918911901575825,801104.0,8011.04,0.0,116647.8,1166.478,0.8543911901575825,51558.1,515.581,0.9356411901575825,29027.05,290.27049999999997,0.9637661901575825
cost-p8192-q64-s57,8192,64,8192,57,1000,50069,406,49663,0.9918911901575825,801104.0,801.104,0.0,116647.8,116.6478,0.8543911901575825,51558.1,51.558099999999996,0.9356411901575825,29027.05,29.02705,0.9637661901575825
cost-p8192-q64-s58,8192,64,8192,58,1,58309,406,57903,0.993037095474112,932944.0,932944.0,0.0,134775.80000000002,134775.80000000002,0.855537095474112,58974.1,58974.1,0.9367870954741121,32735.05,32735.05,0.964912095474112
cost-p8192-q64-s58,8192,64,8192,58,10,58309,406,57903,0.993037095474112,932944.0,93294.4,0.0,134775.80000000002,13477.580000000002,0.855537095474112,58974.1,5897.41,0.9367870954741121,32735.05,3273.505,0.964912095474112
cost-p8192-q64-s58,8192,64,8192,58,100,58309,406,57903,0.993037095474112,932944.0,9329.44,0.0,134775.80000000002,1347.7580000000003,0.855537095474112,58974.1,589.741,0.9367870954741121,32735.05,327.3505,0.964912095474112
cost-p8192-q64-s58,8192,64,8192,58,1000,58309,406,57903,0.993037095474112,932944.0,932.944,0.0,134775.80000000002,134.7758,0.855537095474112,58974.1,58.9741,0.9367870954741121,32735.05,32.73505,0.964912095474112
cost-p8192-q64-s59,8192,64,8192,59,1,66549,406,66143,0.9938992321447354,1064784.0,1064784.0,0.0,152903.80000000002,152903.80000000002,0.8563992321447355,66390.1,66390.1,0.9376492321447355,36443.05,36443.05,0.9657742321447355
cost-p8192-q64-s59,8192,64,8192,59,10,66549,406,66143,0.9938992321447354,1064784.0,106478.4,0.0,152903.80000000002,15290.380000000001,0.8563992321447355,66390.1,6639.01,0.9376492321447355,36443.05,3644.3050000000003,0.9657742321447355
cost-p8192-q64-s59,8192,64,8192,59,100,66549,406,66143,0.9938992321447354,1064784.0,10647.84,0.0,152903.80000000002,1529.0380000000002,0.8563992321447355,66390.1,663.9010000000001,0.9376492321447355,36443.05,364.43050000000005,0.9657742321447355
cost-p8192-q64-s59,8192,64,8192,59,1000,66549,406,66143,0.9938992321447354,1064784.0,1064.784,0.0,152903.80000000002,152.90380000000002,0.8563992321447355,66390.1,66.3901,0.9376492321447355,36443.05,36.44305,0.9657742321447355
cost-p8192-q64-s60,8192,64,8192,60,1,33589,406,33183,0.9879127095179969,537424.0,537424.0,0.0,80391.8,80391.8,0.850412709517997,36726.100000000006,36726.100000000006,0.931662709517997,21611.050000000003,21611.050000000003,0.959787709517997
cost-p8192-q64-s60,8192,64,8192,60,10,33589,406,33183,0.9879127095179969,537424.0,53742.4,0.0,80391.8,8039.18,0.850412709517997,36726.100000000006,3672.6100000000006,0.931662709517997,21611.050000000003,2161.1050000000005,0.959787709517997
cost-p8192-q64-s60,8192,64,8192,60,100,33589,406,33183,0.9879127095179969,537424.0,5374.24,0.0,80391.8,803.918,0.850412709517997,36726.100000000006,367.2610000000001,0.931662709517997,21611.050000000003,216.11050000000003,0.959787709517997
cost-p8192-q64-s60,8192,64,8192,60,1000,33589,406,33183,0.9879127095179969,537424.0,537.424,0.0,80391.8,80.3918,0.850412709517997,36726.100000000006,36.7261,0.931662709517997,21611.050000000003,21.611050000000002,0.959787709517997
cost-p8192-q64-s61,8192,64,8192,61,1,41829,406,41423,0.9902938152956083,669264.0,669264.0,0.0,98519.8,98519.8,0.8527938152956083,44142.1,44142.1,0.9340438152956083,25319.05,25319.05,0.9621688152956083
cost-p8192-q64-s61,8192,64,8192,61,10,41829,406,41423,0.9902938152956083,669264.0,66926.4,0.0,98519.8,9851.98,0.8527938152956083,44142.1,4414.21,0.9340438152956083,25319.05,2531.9049999999997,0.9621688152956083
cost-p8192-q64-s61,8192,64,8192,61,100,41829,406,41423,0.9902938152956083,669264.0,6692.64,0.0,98519.8,985.198,0.8527938152956083,44142.1,441.421,0.9340438152956083,25319.05,253.1905,0.9621688152956083
cost-p8192-q64-s61,8192,64,8192,61,1000,41829,406,41423,0.9902938152956083,669264.0,669.264,0.0,98519.8,98.5198,0.8527938152956083,44142.1,44.1421,0.9340438152956083,25319.05,25.31905,0.9621688152956083
cost-p8192-q64-s62,8192,64,8192,62,1,50069,406,49663,0.9918911901575825,801104.0,801104.0,0.0,116647.8,116647.8,0.8543911901575825,51558.1,51558.1,0.9356411901575825,29027.05,29027.05,0.9637661901575825
cost-p8192-q64-s62,8192,64,8192,62,10,50069,406,49663,0.9918911901575825,801104.0,80110.4,0.0,116647.8,11664.78,0.8543911901575825,51558.1,5155.8099999999995,0.9356411901575825,29027.05,2902.705,0.9637661901575825
cost-p8192-q64-s62,8192,64,8192,62,100,50069,406,49663,0.9918911901575825,801104.0,8011.04,0.0,116647.8,1166.478,0.8543911901575825,51558.1,515.581,0.9356411901575825,29027.05,290.27049999999997,0.9637661901575825
cost-p8192-q64-s62,8192,64,8192,62,1000,50069,406,49663,0.9918911901575825,801104.0,801.104,0.0,116647.8,116.6478,0.8543911901575825,51558.1,51.558099999999996,0.9356411901575825,29027.05,29.02705,0.9637661901575825
cost-p8192-q64-s63,8192,64,8192,63,1,58309,406,57903,0.993037095474112,932944.0,932944.0,0.0,134775.80000000002,134775.80000000002,0.855537095474112,58974.1,58974.1,0.9367870954741121,32735.05,32735.05,0.964912095474112
cost-p8192-q64-s63,8192,64,8192,63,10,58309,406,57903,0.993037095474112,932944.0,93294.4,0.0,134775.80000000002,13477.580000000002,0.855537095474112,58974.1,5897.41,0.9367870954741121,32735.05,3273.505,0.964912095474112
cost-p8192-q64-s63,8192,64,8192,63,100,58309,406,57903,0.993037095474112,932944.0,9329.44,0.0,134775.80000000002,1347.7580000000003,0.855537095474112,58974.1,589.741,0.9367870954741121,32735.05,327.3505,0.964912095474112
cost-p8192-q64-s63,8192,64,8192,63,1000,58309,406,57903,0.993037095474112,932944.0,932.944,0.0,134775.80000000002,134.7758,0.855537095474112,58974.1,58.9741,0.9367870954741121,32735.05,32.73505,0.964912095474112
cost-p8192-q64-s64,8192,64,8192,64,1,66549,406,66143,0.9938992321447354,1064784.0,1064784.0,0.0,152903.80000000002,152903.80000000002,0.8563992321447355,66390.1,66390.1,0.9376492321447355,36443.05,36443.05,0.9657742321447355
cost-p8192-q64-s64,8192,64,8192,64,10,66549,406,66143,0.9938992321447354,1064784.0,106478.4,0.0,152903.80000000002,15290.380000000001,0.8563992321447355,66390.1,6639.01,0.9376492321447355,36443.05,3644.3050000000003,0.9657742321447355
cost-p8192-q64-s64,8192,64,8192,64,100,66549,406,66143,0.9938992321447354,1064784.0,10647.84,0.0,152903.80000000002,1529.0380000000002,0.8563992321447355,66390.1,663.9010000000001,0.9376492321447355,36443.05,364.43050000000005,0.9657742321447355
cost-p8192-q64-s64,8192,64,8192,64,1000,66549,406,66143,0.9938992321447354,1064784.0,1064.784,0.0,152903.80000000002,152.90380000000002,0.8563992321447355,66390.1,66.3901,0.9376492321447355,36443.05,36.44305,0.9657742321447355
cost-p8192-q64-s65,8192,64,8192,65,1,33589,406,33183,0.9879127095179969,537424.0,537424.0,0.0,80391.8,80391.8,0.850412709517997,36726.100000000006,36726.100000000006,0.931662709517997,21611.050000000003,21611.050000000003,0.959787709517997
cost-p8192-q64-s65,8192,64,8192,65,10,33589,406,33183,0.9879127095179969,537424.0,53742.4,0.0,80391.8,8039.18,0.850412709517997,36726.100000000006,3672.6100000000006,0.931662709517997,21611.050000000003,2161.1050000000005,0.959787709517997
cost-p8192-q64-s65,8192,64,8192,65,100,33589,406,33183,0.9879127095179969,537424.0,5374.24,0.0,80391.8,803.918,0.850412709517997,36726.100000000006,367.2610000000001,0.931662709517997,21611.050000000003,216.11050000000003,0.959787709517997
cost-p8192-q64-s65,8192,64,8192,65,1000,33589,406,33183,0.9879127095179969,537424.0,537.424,0.0,80391.8,80.3918,0.850412709517997,36726.100000000006,36.7261,0.931662709517997,21611.050000000003,21.611050000000002,0.959787709517997
cost-p8192-q64-s66,8192,64,8192,66,1,41829,406,41423,0.9902938152956083,669264.0,669264.0,0.0,98519.8,98519.8,0.8527938152956083,44142.1,44142.1,0.9340438152956083,25319.05,25319.05,0.9621688152956083
cost-p8192-q64-s66,8192,64,8192,66,10,41829,406,41423,0.9902938152956083,669264.0,66926.4,0.0,98519.8,9851.98,0.8527938152956083,44142.1,4414.21,0.9340438152956083,25319.05,2531.9049999999997,0.9621688152956083
cost-p8192-q64-s66,8192,64,8192,66,100,41829,406,41423,0.9902938152956083,669264.0,6692.64,0.0,98519.8,985.198,0.8527938152956083,44142.1,441.421,0.9340438152956083,25319.05,253.1905,0.9621688152956083
cost-p8192-q64-s66,8192,64,8192,66,1000,41829,406,41423,0.9902938152956083,669264.0,669.264,0.0,98519.8,98.5198,0.8527938152956083,44142.1,44.1421,0.9340438152956083,25319.05,25.31905,0.9621688152956083
cost-p8192-q64-s67,8192,64,8192,67,1,50069,406,49663,0.9918911901575825,801104.0,801104.0,0.0,116647.8,116647.8,0.8543911901575825,51558.1,51558.1,0.9356411901575825,29027.05,29027.05,0.9637661901575825
cost-p8192-q64-s67,8192,64,8192,67,10,50069,406,49663,0.9918911901575825,801104.0,80110.4,0.0,116647.8,11664.78,0.8543911901575825,51558.1,5155.8099999999995,0.9356411901575825,29027.05,2902.705,0.9637661901575825
cost-p8192-q64-s67,8192,64,8192,67,100,50069,406,49663,0.9918911901575825,801104.0,8011.04,0.0,116647.8,1166.478,0.8543911901575825,51558.1,515.581,0.9356411901575825,29027.05,290.27049999999997,0.9637661901575825
cost-p8192-q64-s67,8192,64,8192,67,1000,50069,406,49663,0.9918911901575825,801104.0,801.104,0.0,116647.8,116.6478,0.8543911901575825,51558.1,51.558099999999996,0.9356411901575825,29027.05,29.02705,0.9637661901575825
cost-p8192-q64-s68,8192,64,8192,68,1,58309,406,57903,0.993037095474112,932944.0,932944.0,0.0,134775.80000000002,134775.80000000002,0.855537095474112,58974.1,58974.1,0.9367870954741121,32735.05,32735.05,0.964912095474112
cost-p8192-q64-s68,8192,64,8192,68,10,58309,406,57903,0.993037095474112,932944.0,93294.4,0.0,134775.80000000002,13477.580000000002,0.855537095474112,58974.1,5897.41,0.9367870954741121,32735.05,3273.505,0.964912095474112
cost-p8192-q64-s68,8192,64,8192,68,100,58309,406,57903,0.993037095474112,932944.0,9329.44,0.0,134775.80000000002,1347.7580000000003,0.855537095474112,58974.1,589.741,0.9367870954741121,32735.05,327.3505,0.964912095474112
cost-p8192-q64-s68,8192,64,8192,68,1000,58309,406,57903,0.993037095474112,932944.0,932.944,0.0,134775.80000000002,134.7758,0.855537095474112,58974.1,58.9741,0.9367870954741121,32735.05,32.73505,0.964912095474112
cost-p8192-q64-s69,8192,64,8192,69,1,66549,406,66143,0.9938992321447354,1064784.0,1064784.0,0.0,152903.80000000002,152903.80000000002,0.8563992321447355,66390.1,66390.1,0.9376492321447355,36443.05,36443.05,0.9657742321447355
cost-p8192-q64-s69,8192,64,8192,69,10,66549,406,66143,0.9938992321447354,1064784.0,106478.4,0.0,152903.80000000002,15290.380000000001,0.8563992321447355,66390.1,6639.01,0.9376492321447355,36443.05,3644.3050000000003,0.9657742321447355
cost-p8192-q64-s69,8192,64,8192,69,100,66549,406,66143,0.9938992321447354,1064784.0,10647.84,0.0,152903.80000000002,1529.0380000000002,0.8563992321447355,66390.1,663.9010000000001,0.9376492321447355,36443.05,364.43050000000005,0.9657742321447355
cost-p8192-q64-s69,8192,64,8192,69,1000,66549,406,66143,0.9938992321447354,1064784.0,1064.784,0.0,152903.80000000002,152.90380000000002,0.8563992321447355,66390.1,66.3901,0.9376492321447355,36443.05,36.44305,0.9657742321447355
cost-p8192-q64-s70,8192,64,8192,70,1,33589,406,33183,0.9879127095179969,537424.0,537424.0,0.0,80391.8,80391.8,0.850412709517997,36726.100000000006,36726.100000000006,0.931662709517997,21611.050000000003,21611.050000000003,0.959787709517997
cost-p8192-q64-s70,8192,64,8192,70,10,33589,406,33183,0.9879127095179969,537424.0,53742.4,0.0,80391.8,8039.18,0.850412709517997,36726.100000000006,3672.6100000000006,0.931662709517997,21611.050000000003,2161.1050000000005,0.959787709517997
cost-p8192-q64-s70,8192,64,8192,70,100,33589,406,33183,0.9879127095179969,537424.0,5374.24,0.0,80391.8,803.918,0.850412709517997,36726.100000000006,367.2610000000001,0.931662709517997,21611.050000000003,216.11050000000003,0.959787709517997
cost-p8192-q64-s70,8192,64,8192,70,1000,33589,406,33183,0.9879127095179969,537424.0,537.424,0.0,80391.8,80.3918,0.850412709517997,36726.100000000006,36.7261,0.931662709517997,21611.050000000003,21.611050000000002,0.959787709517997
cost-p8192-q64-s71,8192,64,8192,71,1,41829,406,41423,0.9902938152956083,669264.0,669264.0,0.0,98519.8,98519.8,0.8527938152956083,44142.1,44142.1,0.9340438152956083,25319.05,25319.05,0.9621688152956083
cost-p8192-q64-s71,8192,64,8192,71,10,41829,406,41423,0.9902938152956083,669264.0,66926.4,0.0,98519.8,9851.98,0.8527938152956083,44142.1,4414.21,0.9340438152956083,25319.05,2531.9049999999997,0.9621688152956083
cost-p8192-q64-s71,8192,64,8192,71,100,41829,406,41423,0.9902938152956083,669264.0,6692.64,0.0,98519.8,985.198,0.8527938152956083,44142.1,441.421,0.9340438152956083,25319.05,253.1905,0.9621688152956083
cost-p8192-q64-s71,8192,64,8192,71,1000,41829,406,41423,0.9902938152956083,669264.0,669.264,0.0,98519.8,98.5198,0.8527938152956083,44142.1,44.1421,0.9340438152956083,25319.05,25.31905,0.9621688152956083
cost-p8192-q64-s72,8192,64,8192,72,1,50069,406,49663,0.9918911901575825,801104.0,801104.0,0.0,116647.8,116647.8,0.8543911901575825,51558.1,51558.1,0.9356411901575825,29027.05,29027.05,0.9637661901575825
cost-p8192-q64-s72,8192,64,8192,72,10,50069,406,49663,0.9918911901575825,801104.0,80110.4,0.0,116647.8,11664.78,0.8543911901575825,51558.1,5155.8099999999995,0.9356411901575825,29027.05,2902.705,0.9637661901575825
cost-p8192-q64-s72,8192,64,8192,72,100,50069,406,49663,0.9918911901575825,801104.0,8011.04,0.0,116647.8,1166.478,0.8543911901575825,51558.1,515.581,0.9356411901575825,29027.05,290.27049999999997,0.9637661901575825
cost-p8192-q64-s72,8192,64,8192,72,1000,50069,406,49663,0.9918911901575825,801104.0,801.104,0.0,116647.8,116.6478,0.8543911901575825,51558.1,51.558099999999996,0.9356411901575825,29027.05,29.02705,0.9637661901575825
cost-p8192-q64-s73,8192,64,8192,73,1,58309,406,57903,0.993037095474112,932944.0,932944.0,0.0,134775.80000000002,134775.80000000002,0.855537095474112,58974.1,58974.1,0.9367870954741121,32735.05,32735.05,0.964912095474112
cost-p8192-q64-s73,8192,64,8192,73,10,58309,406,57903,0.993037095474112,932944.0,93294.4,0.0,134775.80000000002,13477.580000000002,0.855537095474112,58974.1,5897.41,0.9367870954741121,32735.05,3273.505,0.964912095474112
cost-p8192-q64-s73,8192,64,8192,73,100,58309,406,57903,0.993037095474112,932944.0,9329.44,0.0,134775.80000000002,1347.7580000000003,0.855537095474112,58974.1,589.741,0.9367870954741121,32735.05,327.3505,0.964912095474112
cost-p8192-q64-s73,8192,64,8192,73,1000,58309,406,57903,0.993037095474112,932944.0,932.944,0.0,134775.80000000002,134.7758,0.855537095474112,58974.1,58.9741,0.9367870954741121,32735.05,32.73505,0.964912095474112
cost-p8192-q64-s74,8192,64,8192,74,1,66549,406,66143,0.9938992321447354,1064784.0,1064784.0,0.0,152903.80000000002,152903.80000000002,0.8563992321447355,66390.1,66390.1,0.9376492321447355,36443.05,36443.05,0.9657742321447355
cost-p8192-q64-s74,8192,64,8192,74,10,66549,406,66143,0.9938992321447354,1064784.0,106478.4,0.0,152903.80000000002,15290.380000000001,0.8563992321447355,66390.1,6639.01,0.9376492321447355,36443.05,3644.3050000000003,0.9657742321447355
cost-p8192-q64-s74,8192,64,8192,74,100,66549,406,66143,0.9938992321447354,1064784.0,10647.84,0.0,152903.80000000002,1529.0380000000002,0.8563992321447355,66390.1,663.9010000000001,0.9376492321447355,36443.05,364.43050000000005,0.9657742321447355
cost-p8192-q64-s74,8192,64,8192,74,1000,66549,406,66143,0.9938992321447354,1064784.0,1064.784,0.0,152903.80000000002,152.90380000000002,0.8563992321447355,66390.1,66.3901,0.9376492321447355,36443.05,36.44305,0.9657742321447355
cost-p8192-q64-s75,8192,64,8192,75,1,33589,406,33183,0.9879127095179969,537424.0,537424.0,0.0,80391.8,80391.8,0.850412709517997,36726.100000000006,36726.100000000006,0.931662709517997,21611.050000000003,21611.050000000003,0.959787709517997
cost-p8192-q64-s75,8192,64,8192,75,10,33589,406,33183,0.9879127095179969,537424.0,53742.4,0.0,80391.8,8039.18,0.850412709517997,36726.100000000006,3672.6100000000006,0.931662709517997,21611.050000000003,2161.1050000000005,0.959787709517997
cost-p8192-q64-s75,8192,64,8192,75,100,33589,406,33183,0.9879127095179969,537424.0,5374.24,0.0,80391.8,803.918,0.850412709517997,36726.100000000006,367.2610000000001,0.931662709517997,21611.050000000003,216.11050000000003,0.959787709517997
cost-p8192-q64-s75,8192,64,8192,75,1000,33589,406,33183,0.9879127095179969,537424.0,537.424,0.0,80391.8,80.3918,0.850412709517997,36726.100000000006,36.7261,0.931662709517997,21611.050000000003,21.611050000000002,0.959787709517997
cost-p8192-q64-s76,8192,64,8192,76,1,41829,406,41423,0.9902938152956083,669264.0,669264.0,0.0,98519.8,98519.8,0.8527938152956083,44142.1,44142.1,0.9340438152956083,25319.05,25319.05,0.9621688152956083
cost-p8192-q64-s76,8192,64,8192,76,10,41829,406,41423,0.9902938152956083,669264.0,66926.4,0.0,98519.8,9851.98,0.8527938152956083,44142.1,4414.21,0.9340438152956083,25319.05,2531.9049999999997,0.9621688152956083
cost-p8192-q64-s76,8192,64,8192,76,100,41829,406,41423,0.9902938152956083,669264.0,6692.64,0.0,98519.8,985.198,0.8527938152956083,44142.1,441.421,0.9340438152956083,25319.05,253.1905,0.9621688152956083
cost-p8192-q64-s76,8192,64,8192,76,1000,41829,406,41423,0.9902938152956083,669264.0,669.264,0.0,98519.8,98.5198,0.8527938152956083,44142.1,44.1421,0.9340438152956083,25319.05,25.31905,0.9621688152956083
cost-p8192-q64-s77,8192,64,8192,77,1,50069,406,49663,0.9918911901575825,801104.0,801104.0,0.0,116647.8,116647.8,0.8543911901575825,51558.1,51558.1,0.9356411901575825,29027.05,29027.05,0.9637661901575825
cost-p8192-q64-s77,8192,64,8192,77,10,50069,406,49663,0.9918911901575825,801104.0,80110.4,0.0,116647.8,11664.78,0.8543911901575825,51558.1,5155.8099999999995,0.9356411901575825,29027.05,2902.705,0.9637661901575825
cost-p8192-q64-s77,8192,64,8192,77,100,50069,406,49663,0.9918911901575825,801104.0,8011.04,0.0,116647.8,1166.478,0.8543911901575825,51558.1,515.581,0.9356411901575825,29027.05,290.27049999999997,0.9637661901575825
cost-p8192-q64-s77,8192,64,8192,77,1000,50069,406,49663,0.9918911901575825,801104.0,801.104,0.0,116647.8,116.6478,0.8543911901575825,51558.1,51.558099999999996,0.9356411901575825,29027.05,29.02705,0.9637661901575825
cost-p8192-q64-s78,8192,64,8192,78,1,58309,406,57903,0.993037095474112,932944.0,932944.0,0.0,134775.80000000002,134775.80000000002,0.855537095474112,58974.1,58974.1,0.9367870954741121,32735.05,32735.05,0.964912095474112
cost-p8192-q64-s78,8192,64,8192,78,10,58309,406,57903,0.993037095474112,932944.0,93294.4,0.0,134775.80000000002,13477.580000000002,0.855537095474112,58974.1,5897.41,0.9367870954741121,32735.05,3273.505,0.964912095474112
cost-p8192-q64-s78,8192,64,8192,78,100,58309,406,57903,0.993037095474112,932944.0,9329.44,0.0,134775.80000000002,1347.7580000000003,0.855537095474112,58974.1,589.741,0.9367870954741121,32735.05,327.3505,0.964912095474112
cost-p8192-q64-s78,8192,64,8192,78,1000,58309,406,57903,0.993037095474112,932944.0,932.944,0.0,134775.80000000002,134.7758,0.855537095474112,58974.1,58.9741,0.9367870954741121,32735.05,32.73505,0.964912095474112
cost-p8192-q64-s79,8192,64,8192,79,1,66549,406,66143,0.9938992321447354,1064784.0,1064784.0,0.0,152903.80000000002,152903.80000000002,0.8563992321447355,66390.1,66390.1,0.9376492321447355,36443.05,36443.05,0.9657742321447355
cost-p8192-q64-s79,8192,64,8192,79,10,66549,406,66143,0.9938992321447354,1064784.0,106478.4,0.0,152903.80000000002,15290.380000000001,0.8563992321447355,66390.1,6639.01,0.9376492321447355,36443.05,3644.3050000000003,0.9657742321447355
cost-p8192-q64-s79,8192,64,8192,79,100,66549,406,66143,0.9938992321447354,1064784.0,10647.84,0.0,152903.80000000002,1529.0380000000002,0.8563992321447355,66390.1,663.9010000000001,0.9376492321447355,36443.05,364.43050000000005,0.9657742321447355
cost-p8192-q64-s79,8192,64,8192,79,1000,66549,406,66143,0.9938992321447354,1064784.0,1064.784,0.0,152903.80000000002,152.90380000000002,0.8563992321447355,66390.1,66.3901,0.9376492321447355,36443.05,36.44305,0.9657742321447355
cost-p8192-q64-s80,8192,64,8192,80,1,33589,406,33183,0.9879127095179969,537424.0,537424.0,0.0,80391.8,80391.8,0.850412709517997,36726.100000000006,36726.100000000006,0.931662709517997,21611.050000000003,21611.050000000003,0.959787709517997
cost-p8192-q64-s80,8192,64,8192,80,10,33589,406,33183,0.9879127095179969,537424.0,53742.4,0.0,80391.8,8039.18,0.850412709517997,36726.100000000006,3672.6100000000006,0.931662709517997,21611.050000000003,2161.1050000000005,0.959787709517997
cost-p8192-q64-s80,8192,64,8192,80,100,33589,406,33183,0.9879127095179969,537424.0,5374.24,0.0,80391.8,803.918,0.850412709517997,36726.100000000006,367.2610000000001,0.931662709517997,21611.050000000003,216.11050000000003,0.959787709517997
cost-p8192-q64-s80,8192,64,8192,80,1000,33589,406,33183,0.9879127095179969,537424.0,537.424,0.0,80391.8,80.3918,0.850412709517997,36726.100000000006,36.7261,0.931662709517997,21611.050000000003,21.611050000000002,0.959787709517997
cost-p8192-q64-s81,8192,64,8192,81,1,41829,406,41423,0.9902938152956083,669264.0,669264.0,0.0,98519.8,98519.8,0.8527938152956083,44142.1,44142.1,0.9340438152956083,25319.05,25319.05,0.9621688152956083
cost-p8192-q64-s81,8192,64,8192,81,10,41829,406,41423,0.9902938152956083,669264.0,66926.4,0.0,98519.8,9851.98,0.8527938152956083,44142.1,4414.21,0.9340438152956083,25319.05,2531.9049999999997,0.9621688152956083
cost-p8192-q64-s81,8192,64,8192,81,100,41829,406,41423,0.9902938152956083,669264.0,6692.64,0.0,98519.8,985.198,0.8527938152956083,44142.1,441.421,0.9340438152956083,25319.05,253.1905,0.9621688152956083
cost-p8192-q64-s81,8192,64,8192,81,1000,41829,406,41423,0.9902938152956083,669264.0,669.264,0.0,98519.8,98.5198,0.8527938152956083,44142.1,44.1421,0.9340438152956083,25319.05,25.31905,0.9621688152956083
cost-p8192-q64-s82,8192,64,8192,82,1,50069,406,49663,0.9918911901575825,801104.0,801104.0,0.0,116647.8,116647.8,0.8543911901575825,51558.1,51558.1,0.9356411901575825,29027.05,29027.05,0.9637661901575825
cost-p8192-q64-s82,8192,64,8192,82,10,50069,406,49663,0.9918911901575825,801104.0,80110.4,0.0,116647.8,11664.78,0.8543911901575825,51558.1,5155.8099999999995,0.9356411901575825,29027.05,2902.705,0.9637661901575825
cost-p8192-q64-s82,8192,64,8192,82,100,50069,406,49663,0.9918911901575825,801104.0,8011.04,0.0,116647.8,1166.478,0.8543911901575825,51558.1,515.581,0.9356411901575825,29027.05,290.27049999999997,0.9637661901575825
cost-p8192-q64-s82,8192,64,8192,82,1000,50069,406,49663,0.9918911901575825,801104.0,801.104,0.0,116647.8,116.6478,0.8543911901575825,51558.1,51.558099999999996,0.9356411901575825,29027.05,29.02705,0.9637661901575825
cost-p8192-q64-s83,8192,64,8192,83,1,58309,406,57903,0.993037095474112,932944.0,932944.0,0.0,134775.80000000002,134775.80000000002,0.855537095474112,58974.1,58974.1,0.9367870954741121,32735.05,32735.05,0.964912095474112
cost-p8192-q64-s83,8192,64,8192,83,10,58309,406,57903,0.993037095474112,932944.0,93294.4,0.0,134775.80000000002,13477.580000000002,0.855537095474112,58974.1,5897.41,0.9367870954741121,32735.05,3273.505,0.964912095474112
cost-p8192-q64-s83,8192,64,8192,83,100,58309,406,57903,0.993037095474112,932944.0,9329.44,0.0,134775.80000000002,1347.7580000000003,0.855537095474112,58974.1,589.741,0.9367870954741121,32735.05,327.3505,0.964912095474112
cost-p8192-q64-s83,8192,64,8192,83,1000,58309,406,57903,0.993037095474112,932944.0,932.944,0.0,134775.80000000002,134.7758,0.855537095474112,58974.1,58.9741,0.9367870954741121,32735.05,32.73505,0.964912095474112
cost-p8192-q64-s84,8192,64,8192,84,1,66549,406,66143,0.9938992321447354,1064784.0,1064784.0,0.0,152903.80000000002,152903.80000000002,0.8563992321447355,66390.1,66390.1,0.9376492321447355,36443.05,36443.05,0.9657742321447355
cost-p8192-q64-s84,8192,64,8192,84,10,66549,406,66143,0.9938992321447354,1064784.0,106478.4,0.0,152903.80000000002,15290.380000000001,0.8563992321447355,66390.1,6639.01,0.9376492321447355,36443.05,3644.3050000000003,0.9657742321447355
cost-p8192-q64-s84,8192,64,8192,84,100,66549,406,66143,0.9938992321447354,1064784.0,10647.84,0.0,152903.80000000002,1529.0380000000002,0.8563992321447355,66390.1,663.9010000000001,0.9376492321447355,36443.05,364.43050000000005,0.9657742321447355
cost-p8192-q64-s84,8192,64,8192,84,1000,66549,406,66143,0.9938992321447354,1064784.0,1064.784,0.0,152903.80000000002,152.90380000000002,0.8563992321447355,66390.1,66.3901,0.9376492321447355,36443.05,36.44305,0.9657742321447355
cost-p8192-q64-s85,8192,64,8192,85,1,33589,406,33183,0.9879127095179969,537424.0,537424.0,0.0,80391.8,80391.8,0.850412709517997,36726.100000000006,36726.100000000006,0.931662709517997,21611.050000000003,21611.050000000003,0.959787709517997
cost-p8192-q64-s85,8192,64,8192,85,10,33589,406,33183,0.9879127095179969,537424.0,53742.4,0.0,80391.8,8039.18,0.850412709517997,36726.100000000006,3672.6100000000006,0.931662709517997,21611.050000000003,2161.1050000000005,0.959787709517997
cost-p8192-q64-s85,8192,64,8192,85,100,33589,406,33183,0.9879127095179969,537424.0,5374.24,0.0,80391.8,803.918,0.850412709517997,36726.100000000006,367.2610000000001,0.931662709517997,21611.050000000003,216.11050000000003,0.959787709517997
cost-p8192-q64-s85,8192,64,8192,85,1000,33589,406,33183,0.9879127095179969,537424.0,537.424,0.0,80391.8,80.3918,0.850412709517997,36726.100000000006,36.7261,0.931662709517997,21611.050000000003,21.611050000000002,0.959787709517997
cost-p8192-q64-s86,8192,64,8192,86,1,41829,406,41423,0.9902938152956083,669264.0,669264.0,0.0,98519.8,98519.8,0.8527938152956083,44142.1,44142.1,0.9340438152956083,25319.05,25319.05,0.9621688152956083
cost-p8192-q64-s86,8192,64,8192,86,10,41829,406,41423,0.9902938152956083,669264.0,66926.4,0.0,98519.8,9851.98,0.8527938152956083,44142.1,4414.21,0.9340438152956083,25319.05,2531.9049999999997,0.9621688152956083
cost-p8192-q64-s86,8192,64,8192,86,100,41829,406,41423,0.9902938152956083,669264.0,6692.64,0.0,98519.8,985.198,0.8527938152956083,44142.1,441.421,0.9340438152956083,25319.05,253.1905,0.9621688152956083
cost-p8192-q64-s86,8192,64,8192,86,1000,41829,406,41423,0.9902938152956083,669264.0,669.264,0.0,98519.8,98.5198,0.8527938152956083,44142.1,44.1421,0.9340438152956083,25319.05,25.31905,0.9621688152956083
cost-p8192-q64-s87,8192,64,8192,87,1,50069,406,49663,0.9918911901575825,801104.0,801104.0,0.0,116647.8,116647.8,0.8543911901575825,51558.1,51558.1,0.9356411901575825,29027.05,29027.05,0.9637661901575825
cost-p8192-q64-s87,8192,64,8192,87,10,50069,406,49663,0.9918911901575825,801104.0,80110.4,0.0,116647.8,11664.78,0.8543911901575825,51558.1,5155.8099999999995,0.9356411901575825,29027.05,2902.705,0.9637661901575825
cost-p8192-q64-s87,8192,64,8192,87,100,50069,406,49663,0.9918911901575825,801104.0,8011.04,0.0,116647.8,1166.478,0.8543911901575825,51558.1,515.581,0.9356411901575825,29027.05,290.27049999999997,0.9637661901575825
cost-p8192-q64-s87,8192,64,8192,87,1000,50069,406,49663,0.9918911901575825,801104.0,801.104,0.0,116647.8,116.6478,0.8543911901575825,51558.1,51.558099999999996,0.9356411901575825,29027.05,29.02705,0.9637661901575825
cost-p8192-q64-s88,8192,64,8192,88,1,58309,406,57903,0.993037095474112,932944.0,932944.0,0.0,134775.80000000002,134775.80000000002,0.855537095474112,58974.1,58974.1,0.9367870954741121,32735.05,32735.05,0.964912095474112
cost-p8192-q64-s88,8192,64,8192,88,10,58309,406,57903,0.993037095474112,932944.0,93294.4,0.0,134775.80000000002,13477.580000000002,0.855537095474112,58974.1,5897.41,0.9367870954741121,32735.05,3273.505,0.964912095474112
cost-p8192-q64-s88,8192,64,8192,88,100,58309,406,57903,0.993037095474112,932944.0,9329.44,0.0,134775.80000000002,1347.7580000000003,0.855537095474112,58974.1,589.741,0.9367870954741121,32735.05,327.3505,0.964912095474112
cost-p8192-q64-s88,8192,64,8192,88,1000,58309,406,57903,0.993037095474112,932944.0,932.944,0.0,134775.80000000002,134.7758,0.855537095474112,58974.1,58.9741,0.9367870954741121,32735.05,32.73505,0.964912095474112
cost-p8192-q64-s89,8192,64,8192,89,1,66549,406,66143,0.9938992321447354,1064784.0,1064784.0,0.0,152903.80000000002,152903.80000000002,0.8563992321447355,66390.1,66390.1,0.9376492321447355,36443.05,36443.05,0.9657742321447355
cost-p8192-q64-s89,8192,64,8192,89,10,66549,406,66143,0.9938992321447354,1064784.0,106478.4,0.0,152903.80000000002,15290.380000000001,0.8563992321447355,66390.1,6639.01,0.9376492321447355,36443.05,3644.3050000000003,0.9657742321447355
cost-p8192-q64-s89,8192,64,8192,89,100,66549,406,66143,0.9938992321447354,1064784.0,10647.84,0.0,152903.80000000002,1529.0380000000002,0.8563992321447355,66390.1,663.9010000000001,0.9376492321447355,36443.05,364.43050000000005,0.9657742321447355
cost-p8192-q64-s89,8192,64,8192,89,1000,66549,406,66143,0.9938992321447354,1064784.0,1064.784,0.0,152903.80000000002,152.90380000000002,0.8563992321447355,66390.1,66.3901,0.9376492321447355,36443.05,36.44305,0.9657742321447355
cost-p8192-q64-s90,8192,64,8192,90,1,33589,406,33183,0.9879127095179969,537424.0,537424.0,0.0,80391.8,80391.8,0.850412709517997,36726.100000000006,36726.100000000006,0.931662709517997,21611.050000000003,21611.050000000003,0.959787709517997
cost-p8192-q64-s90,8192,64,8192,90,10,33589,406,33183,0.9879127095179969,537424.0,53742.4,0.0,80391.8,8039.18,0.850412709517997,36726.100000000006,3672.6100000000006,0.931662709517997,21611.050000000003,2161.1050000000005,0.959787709517997
cost-p8192-q64-s90,8192,64,8192,90,100,33589,406,33183,0.9879127095179969,537424.0,5374.24,0.0,80391.8,803.918,0.850412709517997,36726.100000000006,367.2610000000001,0.931662709517997,21611.050000000003,216.11050000000003,0.959787709517997
cost-p8192-q64-s90,8192,64,8192,90,1000,33589,406,33183,0.9879127095179969,537424.0,537.424,0.0,80391.8,80.3918,0.850412709517997,36726.100000000006,36.7261,0.931662709517997,21611.050000000003,21.611050000000002,0.959787709517997
cost-p8192-q64-s91,8192,64,8192,91,1,41829,406,41423,0.9902938152956083,669264.0,669264.0,0.0,98519.8,98519.8,0.8527938152956083,44142.1,44142.1,0.9340438152956083,25319.05,25319.05,0.9621688152956083
cost-p8192-q64-s91,8192,64,8192,91,10,41829,406,41423,0.9902938152956083,669264.0,66926.4,0.0,98519.8,9851.98,0.8527938152956083,44142.1,4414.21,0.9340438152956083,25319.05,2531.9049999999997,0.9621688152956083
cost-p8192-q64-s91,8192,64,8192,91,100,41829,406,41423,0.9902938152956083,669264.0,6692.64,0.0,98519.8,985.198,0.8527938152956083,44142.1,441.421,0.9340438152956083,25319.05,253.1905,0.9621688152956083
cost-p8192-q64-s91,8192,64,8192,91,1000,41829,406,41423,0.9902938152956083,669264.0,669.264,0.0,98519.8,98.5198,0.8527938152956083,44142.1,44.1421,0.9340438152956083,25319.05,25.31905,0.9621688152956083
cost-p8192-q64-s92,8192,64,8192,92,1,50069,406,49663,0.9918911901575825,801104.0,801104.0,0.0,116647.8,116647.8,0.8543911901575825,51558.1,51558.1,0.9356411901575825,29027.05,29027.05,0.9637661901575825
cost-p8192-q64-s92,8192,64,8192,92,10,50069,406,49663,0.9918911901575825,801104.0,80110.4,0.0,116647.8,11664.78,0.8543911901575825,51558.1,5155.8099999999995,0.9356411901575825,29027.05,2902.705,0.9637661901575825
cost-p8192-q64-s92,8192,64,8192,92,100,50069,406,49663,0.9918911901575825,801104.0,8011.04,0.0,116647.8,1166.478,0.8543911901575825,51558.1,515.581,0.9356411901575825,29027.05,290.27049999999997,0.9637661901575825
cost-p8192-q64-s92,8192,64,8192,92,1000,50069,406,49663,0.9918911901575825,801104.0,801.104,0.0,116647.8,116.6478,0.8543911901575825,51558.1,51.558099999999996,0.9356411901575825,29027.05,29.02705,0.9637661901575825
cost-p8192-q64-s93,8192,64,8192,93,1,58309,406,57903,0.993037095474112,932944.0,932944.0,0.0,134775.80000000002,134775.80000000002,0.855537095474112,58974.1,58974.1,0.9367870954741121,32735.05,32735.05,0.964912095474112
cost-p8192-q64-s93,8192,64,8192,93,10,58309,406,57903,0.993037095474112,932944.0,93294.4,0.0,134775.80000000002,13477.580000000002,0.855537095474112,58974.1,5897.41,0.9367870954741121,32735.05,3273.505,0.964912095474112
cost-p8192-q64-s93,8192,64,8192,93,100,58309,406,57903,0.993037095474112,932944.0,9329.44,0.0,134775.80000000002,1347.7580000000003,0.855537095474112,58974.1,589.741,0.9367870954741121,32735.05,327.3505,0.964912095474112
cost-p8192-q64-s93,8192,64,8192,93,1000,58309,406,57903,0.993037095474112,932944.0,932.944,0.0,134775.80000000002,134.7758,0.855537095474112,58974.1,58.9741,0.9367870954741121,32735.05,32.73505,0.964912095474112
cost-p8192-q64-s94,8192,64,8192,94,1,66549,406,66143,0.9938992321447354,1064784.0,1064784.0,0.0,152903.80000000002,152903.80000000002,0.8563992321447355,66390.1,66390.1,0.9376492321447355,36443.05,36443.05,0.9657742321447355
cost-p8192-q64-s94,8192,64,8192,94,10,66549,406,66143,0.9938992321447354,1064784.0,106478.4,0.0,152903.80000000002,15290.380000000001,0.8563992321447355,66390.1,6639.01,0.9376492321447355,36443.05,3644.3050000000003,0.9657742321447355
cost-p8192-q64-s94,8192,64,8192,94,100,66549,406,66143,0.9938992321447354,1064784.0,10647.84,0.0,152903.80000000002,1529.0380000000002,0.8563992321447355,66390.1,663.9010000000001,0.9376492321447355,36443.05,364.43050000000005,0.9657742321447355
cost-p8192-q64-s94,8192,64,8192,94,1000,66549,406,66143,0.9938992321447354,1064784.0,1064.784,0.0,152903.80000000002,152.90380000000002,0.8563992321447355,66390.1,66.3901,0.9376492321447355,36443.05,36.44305,0.9657742321447355
cost-p8192-q64-s95,8192,64,8192,95,1,33589,406,33183,0.9879127095179969,537424.0,537424.0,0.0,80391.8,80391.8,0.850412709517997,36726.100000000006,36726.100000000006,0.931662709517997,21611.050000000003,21611.050000000003,0.959787709517997
cost-p8192-q64-s95,8192,64,8192,95,10,33589,406,33183,0.9879127095179969,537424.0,53742.4,0.0,80391.8,8039.18,0.850412709517997,36726.100000000006,3672.6100000000006,0.931662709517997,21611.050000000003,2161.1050000000005,0.959787709517997
cost-p8192-q64-s95,8192,64,8192,95,100,33589,406,33183,0.9879127095179969,537424.0,5374.24,0.0,80391.8,803.918,0.850412709517997,36726.100000000006,367.2610000000001,0.931662709517997,21611.050000000003,216.11050000000003,0.959787709517997
cost-p8192-q64-s95,8192,64,8192,95,1000,33589,406,33183,0.9879127095179969,537424.0,537.424,0.0,80391.8,80.3918,0.850412709517997,36726.100000000006,36.7261,0.931662709517997,21611.050000000003,21.611050000000002,0.959787709517997
cost-p8192-q64-s96,8192,64,8192,96,1,41829,406,41423,0.9902938152956083,669264.0,669264.0,0.0,98519.8,98519.8,0.8527938152956083,44142.1,44142.1,0.9340438152956083,25319.05,25319.05,0.9621688152956083
cost-p8192-q64-s96,8192,64,8192,96,10,41829,406,41423,0.9902938152956083,669264.0,66926.4,0.0,98519.8,9851.98,0.8527938152956083,44142.1,4414.21,0.9340438152956083,25319.05,2531.9049999999997,0.9621688152956083
cost-p8192-q64-s96,8192,64,8192,96,100,41829,406,41423,0.9902938152956083,669264.0,6692.64,0.0,98519.8,985.198,0.8527938152956083,44142.1,441.421,0.9340438152956083,25319.05,253.1905,0.9621688152956083
cost-p8192-q64-s96,8192,64,8192,96,1000,41829,406,41423,0.9902938152956083,669264.0,669.264,0.0,98519.8,98.5198,0.8527938152956083,44142.1,44.1421,0.9340438152956083,25319.05,25.31905,0.9621688152956083
cost-p8192-q64-s97,8192,64,8192,97,1,50069,406,49663,0.9918911901575825,801104.0,801104.0,0.0,116647.8,116647.8,0.8543911901575825,51558.1,51558.1,0.9356411901575825,29027.05,29027.05,0.9637661901575825
cost-p8192-q64-s97,8192,64,8192,97,10,50069,406,49663,0.9918911901575825,801104.0,80110.4,0.0,116647.8,11664.78,0.8543911901575825,51558.1,5155.8099999999995,0.9356411901575825,29027.05,2902.705,0.9637661901575825
cost-p8192-q64-s97,8192,64,8192,97,100,50069,406,49663,0.9918911901575825,801104.0,8011.04,0.0,116647.8,1166.478,0.8543911901575825,51558.1,515.581,0.9356411901575825,29027.05,290.27049999999997,0.9637661901575825
cost-p8192-q64-s97,8192,64,8192,97,1000,50069,406,49663,0.9918911901575825,801104.0,801.104,0.0,116647.8,116.6478,0.8543911901575825,51558.1,51.558099999999996,0.9356411901575825,29027.05,29.02705,0.9637661901575825
cost-p8192-q64-s98,8192,64,8192,98,1,58309,406,57903,0.993037095474112,932944.0,932944.0,0.0,134775.80000000002,134775.80000000002,0.855537095474112,58974.1,58974.1,0.9367870954741121,32735.05,32735.05,0.964912095474112
cost-p8192-q64-s98,8192,64,8192,98,10,58309,406,57903,0.993037095474112,932944.0,93294.4,0.0,134775.80000000002,13477.580000000002,0.855537095474112,58974.1,5897.41,0.9367870954741121,32735.05,3273.505,0.964912095474112
cost-p8192-q64-s98,8192,64,8192,98,100,58309,406,57903,0.993037095474112,932944.0,9329.44,0.0,134775.80000000002,1347.7580000000003,0.855537095474112,58974.1,589.741,0.9367870954741121,32735.05,327.3505,0.964912095474112
cost-p8192-q64-s98,8192,64,8192,98,1000,58309,406,57903,0.993037095474112,932944.0,932.944,0.0,134775.80000000002,134.7758,0.855537095474112,58974.1,58.9741,0.9367870954741121,32735.05,32.73505,0.964912095474112
cost-p8192-q64-s99,8192,64,8192,99,1,66549,406,66143,0.9938992321447354,1064784.0,1064784.0,0.0,152903.80000000002,152903.80000000002,0.8563992321447355,66390.1,66390.1,0.9376492321447355,36443.05,36443.05,0.9657742321447355
cost-p8192-q64-s99,8192,64,8192,99,10,66549,406,66143,0.9938992321447354,1064784.0,106478.4,0.0,152903.80000000002,15290.380000000001,0.8563992321447355,66390.1,6639.01,0.9376492321447355,36443.05,3644.3050000000003,0.9657742321447355
cost-p8192-q64-s99,8192,64,8192,99,100,66549,406,66143,0.9938992321447354,1064784.0,10647.84,0.0,152903.80000000002,1529.0380000000002,0.8563992321447355,66390.1,663.9010000000001,0.9376492321447355,36443.05,364.43050000000005,0.9657742321447355
cost-p8192-q64-s99,8192,64,8192,99,1000,66549,406,66143,0.9938992321447354,1064784.0,1064.784,0.0,152903.80000000002,152.90380000000002,0.8563992321447355,66390.1,66.3901,0.9376492321447355,36443.05,36.44305,0.9657742321447355
cost-p8192-q64-s100,8192,64,8192,100,1,33591,406,33185,0.9879134291923432,537456.0,537456.0,0.0,80396.20000000001,80396.20000000001,0.8504134291923432,36727.9,36727.9,0.9316634291923431,21611.95,21611.95,0.9597884291923432
cost-p8192-q64-s100,8192,64,8192,100,10,33591,406,33185,0.9879134291923432,537456.0,53745.6,0.0,80396.20000000001,8039.620000000001,0.8504134291923432,36727.9,3672.79,0.9316634291923431,21611.95,2161.195,0.9597884291923432
cost-p8192-q64-s100,8192,64,8192,100,100,33591,406,33185,0.9879134291923432,537456.0,5374.56,0.0,80396.20000000001,803.9620000000001,0.8504134291923432,36727.9,367.279,0.9316634291923431,21611.95,216.11950000000002,0.9597884291923432
cost-p8192-q64-s100,8192,64,8192,100,1000,33591,406,33185,0.9879134291923432,537456.0,537.456,0.0,80396.20000000001,80.39620000000001,0.8504134291923432,36727.9,36.7279,0.9316634291923431,21611.95,21.61195,0.9597884291923432
cost-p8192-q256-s1,8192,256,8192,1,1,42021,406,41615,0.9903381642512077,672336.0,672336.0,0.0,98942.20000000001,98942.20000000001,0.8528381642512078,44314.9,44314.9,0.9340881642512077,25405.45,25405.45,0.9622131642512078
cost-p8192-q256-s1,8192,256,8192,1,10,42021,406,41615,0.9903381642512077,672336.0,67233.6,0.0,98942.20000000001,9894.220000000001,0.8528381642512078,44314.9,4431.49,0.9340881642512077,25405.45,2540.545,0.9622131642512078
cost-p8192-q256-s1,8192,256,8192,1,100,42021,406,41615,0.9903381642512077,672336.0,6723.36,0.0,98942.20000000001,989.4220000000001,0.8528381642512078,44314.9,443.149,0.9340881642512077,25405.45,254.05450000000002,0.9622131642512078
cost-p8192-q256-s1,8192,256,8192,1,1000,42021,406,41615,0.9903381642512077,672336.0,672.336,0.0,98942.20000000001,98.94220000000001,0.8528381642512078,44314.9,44.3149,0.9340881642512077,25405.45,25.405450000000002,0.9622131642512078
cost-p8192-q256-s2,8192,256,8192,2,1,50261,406,49855,0.991922166291956,804176.0,804176.0,0.0,117070.20000000001,117070.20000000001,0.854422166291956,51730.9,51730.9,0.9356721662919559,29113.45,29113.45,0.963797166291956
cost-p8192-q256-s2,8192,256,8192,2,10,50261,406,49855,0.991922166291956,804176.0,80417.6,0.0,117070.20000000001,11707.02,0.854422166291956,51730.9,5173.09,0.9356721662919559,29113.45,2911.3450000000003,0.963797166291956
cost-p8192-q256-s2,8192,256,8192,2,100,50261,406,49855,0.991922166291956,804176.0,8041.76,0.0,117070.20000000001,1170.7020000000002,0.854422166291956,51730.9,517.309,0.9356721662919559,29113.45,291.1345,0.963797166291956
cost-p8192-q256-s2,8192,256,8192,2,1000,50261,406,49855,0.991922166291956,804176.0,804.176,0.0,117070.20000000001,117.07020000000001,0.854422166291956,51730.9,51.7309,0.9356721662919559,29113.45,29.11345,0.963797166291956
cost-p8192-q256-s3,8192,256,8192,3,1,58501,406,58095,0.9930599476932018,936016.0,936016.0,0.0,135198.2,135198.2,0.8555599476932019,59146.9,59146.9,0.9368099476932018,32821.45,32821.45,0.9649349476932019
cost-p8192-q256-s3,8192,256,8192,3,10,58501,406,58095,0.9930599476932018,936016.0,93601.6,0.0,135198.2,13519.820000000002,0.8555599476932019,59146.9,5914.6900000000005,0.9368099476932018,32821.45,3282.1449999999995,0.9649349476932019
cost-p8192-q256-s3,8192,256,8192,3,100,58501,406,58095,0.9930599476932018,936016.0,9360.16,0.0,135198.2,1351.9820000000002,0.8555599476932019,59146.9,591.469,0.9368099476932018,32821.45,328.2145,0.9649349476932019
cost-p8192-q256-s3,8192,256,8192,3,1000,58501,406,58095,0.9930599476932018,936016.0,936.016,0.0,135198.2,135.1982,0.8555599476932019,59146.9,59.1469,0.9368099476932018,32821.45,32.82145,0.9649349476932019
cost-p8192-q256-s4,8192,256,8192,4,1,66741,406,66335,0.9939167827871923,1067856.0,1067856.0,0.0,153326.2,153326.2,0.8564167827871924,66562.9,66562.9,0.9376667827871923,36529.45,36529.45,0.9657917827871924
cost-p8192-q256-s4,8192,256,8192,4,10,66741,406,66335,0.9939167827871923,1067856.0,106785.6,0.0,153326.2,15332.62,0.8564167827871924,66562.9,6656.289999999999,0.9376667827871923,36529.45,3652.9449999999997,0.9657917827871924
cost-p8192-q256-s4,8192,256,8192,4,100,66741,406,66335,0.9939167827871923,1067856.0,10678.56,0.0,153326.2,1533.2620000000002,0.8564167827871924,66562.9,665.6289999999999,0.9376667827871923,36529.45,365.29449999999997,0.9657917827871924
cost-p8192-q256-s4,8192,256,8192,4,1000,66741,406,66335,0.9939167827871923,1067856.0,1067.856,0.0,153326.2,153.3262,0.8564167827871924,66562.9,66.5629,0.9376667827871923,36529.45,36.52945,0.9657917827871924
cost-p8192-q256-s5,8192,256,8192,5,1,33781,406,33375,0.9879814096681566,540496.0,540496.0,0.0,80814.20000000001,80814.20000000001,0.8504814096681567,36898.9,36898.9,0.9317314096681566,21697.45,21697.45,0.9598564096681567
cost-p8192-q256-s5,8192,256,8192,5,10,33781,406,33375,0.9879814096681566,540496.0,54049.6,0.0,80814.20000000001,8081.420000000001,0.8504814096681567,36898.9,3689.8900000000003,0.9317314096681566,21697.45,2169.745,0.9598564096681567
cost-p8192-q256-s5,8192,256,8192,5,100,33781,406,33375,0.9879814096681566,540496.0,5404.96,0.0,80814.20000000001,808.1420000000002,0.8504814096681567,36898.9,368.98900000000003,0.9317314096681566,21697.45,216.9745,0.9598564096681567
cost-p8192-q256-s5,8192,256,8192,5,1000,33781,406,33375,0.9879814096681566,540496.0,540.496,0.0,80814.20000000001,80.81420000000001,0.8504814096681567,36898.9,36.898900000000005,0.9317314096681566,21697.45,21.69745,0.9598564096681567
cost-p8192-q256-s6,8192,256,8192,6,1,42021,406,41615,0.9903381642512077,672336.0,672336.0,0.0,98942.20000000001,98942.20000000001,0.8528381642512078,44314.9,44314.9,0.9340881642512077,25405.45,25405.45,0.9622131642512078
cost-p8192-q256-s6,8192,256,8192,6,10,42021,406,41615,0.9903381642512077,672336.0,67233.6,0.0,98942.20000000001,9894.220000000001,0.8528381642512078,44314.9,4431.49,0.9340881642512077,25405.45,2540.545,0.9622131642512078
cost-p8192-q256-s6,8192,256,8192,6,100,42021,406,41615,0.9903381642512077,672336.0,6723.36,0.0,98942.20000000001,989.4220000000001,0.8528381642512078,44314.9,443.149,0.9340881642512077,25405.45,254.05450000000002,0.9622131642512078
cost-p8192-q256-s6,8192,256,8192,6,1000,42021,406,41615,0.9903381642512077,672336.0,672.336,0.0,98942.20000000001,98.94220000000001,0.8528381642512078,44314.9,44.3149,0.9340881642512077,25405.45,25.405450000000002,0.9622131642512078
cost-p8192-q256-s7,8192,256,8192,7,1,50261,406,49855,0.991922166291956,804176.0,804176.0,0.0,117070.20000000001,117070.20000000001,0.854422166291956,51730.9,51730.9,0.9356721662919559,29113.45,29113.45,0.963797166291956
cost-p8192-q256-s7,8192,256,8192,7,10,50261,406,49855,0.991922166291956,804176.0,80417.6,0.0,117070.20000000001,11707.02,0.854422166291956,51730.9,5173.09,0.9356721662919559,29113.45,2911.3450000000003,0.963797166291956
cost-p8192-q256-s7,8192,256,8192,7,100,50261,406,49855,0.991922166291956,804176.0,8041.76,0.0,117070.20000000001,1170.7020000000002,0.854422166291956,51730.9,517.309,0.9356721662919559,29113.45,291.1345,0.963797166291956
cost-p8192-q256-s7,8192,256,8192,7,1000,50261,406,49855,0.991922166291956,804176.0,804.176,0.0,117070.20000000001,117.07020000000001,0.854422166291956,51730.9,51.7309,0.9356721662919559,29113.45,29.11345,0.963797166291956
cost-p8192-q256-s8,8192,256,8192,8,1,58501,406,58095,0.9930599476932018,936016.0,936016.0,0.0,135198.2,135198.2,0.8555599476932019,59146.9,59146.9,0.9368099476932018,32821.45,32821.45,0.9649349476932019
cost-p8192-q256-s8,8192,256,8192,8,10,58501,406,58095,0.9930599476932018,936016.0,93601.6,0.0,135198.2,13519.820000000002,0.8555599476932019,59146.9,5914.6900000000005,0.9368099476932018,32821.45,3282.1449999999995,0.9649349476932019
cost-p8192-q256-s8,8192,256,8192,8,100,58501,406,58095,0.9930599476932018,936016.0,9360.16,0.0,135198.2,1351.9820000000002,0.8555599476932019,59146.9,591.469,0.9368099476932018,32821.45,328.2145,0.9649349476932019
cost-p8192-q256-s8,8192,256,8192,8,1000,58501,406,58095,0.9930599476932018,936016.0,936.016,0.0,135198.2,135.1982,0.8555599476932019,59146.9,59.1469,0.9368099476932018,32821.45,32.82145,0.9649349476932019
cost-p8192-q256-s9,8192,256,8192,9,1,66741,406,66335,0.9939167827871923,1067856.0,1067856.0,0.0,153326.2,153326.2,0.8564167827871924,66562.9,66562.9,0.9376667827871923,36529.45,36529.45,0.9657917827871924
cost-p8192-q256-s9,8192,256,8192,9,10,66741,406,66335,0.9939167827871923,1067856.0,106785.6,0.0,153326.2,15332.62,0.8564167827871924,66562.9,6656.289999999999,0.9376667827871923,36529.45,3652.9449999999997,0.9657917827871924
cost-p8192-q256-s9,8192,256,8192,9,100,66741,406,66335,0.9939167827871923,1067856.0,10678.56,0.0,153326.2,1533.2620000000002,0.8564167827871924,66562.9,665.6289999999999,0.9376667827871923,36529.45,365.29449999999997,0.9657917827871924
cost-p8192-q256-s9,8192,256,8192,9,1000,66741,406,66335,0.9939167827871923,1067856.0,1067.856,0.0,153326.2,153.3262,0.8564167827871924,66562.9,66.5629,0.9376667827871923,36529.45,36.52945,0.9657917827871924
cost-p8192-q256-s10,8192,256,8192,10,1,33783,406,33377,0.9879821211852114,540528.0,540528.0,0.0,80818.6,80818.6,0.8504821211852115,36900.7,36900.7,0.9317321211852114,21698.35,21698.35,0.9598571211852115
cost-p8192-q256-s10,8192,256,8192,10,10,33783,406,33377,0.9879821211852114,540528.0,54052.8,0.0,80818.6,8081.860000000001,0.8504821211852115,36900.7,3690.0699999999997,0.9317321211852114,21698.35,2169.835,0.9598571211852115
cost-p8192-q256-s10,8192,256,8192,10,100,33783,406,33377,0.9879821211852114,540528.0,5405.28,0.0,80818.6,808.186,0.8504821211852115,36900.7,369.00699999999995,0.9317321211852114,21698.35,216.9835,0.9598571211852115
cost-p8192-q256-s10,8192,256,8192,10,1000,33783,406,33377,0.9879821211852114,540528.0,540.528,0.0,80818.6,80.8186,0.8504821211852115,36900.7,36.9007,0.9317321211852114,21698.35,21.698349999999998,0.9598571211852115
cost-p8192-q256-s11,8192,256,8192,11,1,42023,406,41617,0.9903386240868096,672368.0,672368.0,0.0,98946.6,98946.6,0.8528386240868097,44316.700000000004,44316.700000000004,0.9340886240868097,25406.350000000002,25406.350000000002,0.9622136240868097
cost-p8192-q256-s11,8192,256,8192,11,10,42023,406,41617,0.9903386240868096,672368.0,67236.8,0.0,98946.6,9894.66,0.8528386240868097,44316.700000000004,4431.67,0.9340886240868097,25406.350000000002,2540.635,0.9622136240868097
cost-p8192-q256-s11,8192,256,8192,11,100,42023,406,41617,0.9903386240868096,672368.0,6723.68,0.0,98946.6,989.466,0.8528386240868097,44316.700000000004,443.16700000000003,0.9340886240868097,25406.350000000002,254.06350000000003,0.9622136240868097
cost-p8192-q256-s11,8192,256,8192,11,1000,42023,406,41617,0.9903386240868096,672368.0,672.368,0.0,98946.6,98.9466,0.8528386240868097,44316.700000000004,44.316700000000004,0.9340886240868097,25406.350000000002,25.406350000000003,0.9622136240868097
cost-p8192-q256-s12,8192,256,8192,12,1,50263,406,49857,0.9919224877146211,804208.0,804208.0,0.0,117074.6,117074.6,0.8544224877146211,51732.700000000004,51732.700000000004,0.9356724877146212,29114.350000000002,29114.350000000002,0.9637974877146211
cost-p8192-q256-s12,8192,256,8192,12,10,50263,406,49857,0.9919224877146211,804208.0,80420.8,0.0,117074.6,11707.460000000001,0.8544224877146211,51732.700000000004,5173.27,0.9356724877146212,29114.350000000002,2911.4350000000004,0.9637974877146211
cost-p8192-q256-s12,8192,256,8192,12,100,50263,406,49857,0.9919224877146211,804208.0,8042.08,0.0,117074.6,1170.746,0.8544224877146211,51732.700000000004,517.327,0.9356724877146212,29114.350000000002,291.1435,0.9637974877146211
cost-p8192-q256-s12,8192,256,8192,12,1000,50263,406,49857,0.9919224877146211,804208.0,804.208,0.0,117074.6,117.0746,0.8544224877146211,51732.700000000004,51.7327,0.9356724877146212,29114.350000000002,29.11435,0.9637974877146211
cost-p8192-q256-s13,8192,256,8192,13,1,58503,406,58097,0.9930601849477805,936048.0,936048.0,0.0,135202.6,135202.6,0.8555601849477805,59148.700000000004,59148.700000000004,0.9368101849477805,32822.350000000006,32822.350000000006,0.9649351849477805
cost-p8192-q256-s13,8192,256,8192,13,10,58503,406,58097,0.9930601849477805,936048.0,93604.8,0.0,135202.6,13520.26,0.8555601849477805,59148.700000000004,5914.870000000001,0.9368101849477805,32822.350000000006,3282.2350000000006,0.9649351849477805
cost-p8192-q256-s13,8192,256,8192,13,100,58503,406,58097,0.9930601849477805,936048.0,9360.48,0.0,135202.6,1352.026,0.8555601849477805,59148.700000000004,591.4870000000001,0.9368101849477805,32822.350000000006,328.22350000000006,0.9649351849477805
cost-p8192-q256-s13,8192,256,8192,13,1000,58503,406,58097,0.9930601849477805,936048.0,936.048,0.0,135202.6,135.20260000000002,0.8555601849477805,59148.700000000004,59.148700000000005,0.9368101849477805,32822.350000000006,32.82235000000001,0.9649351849477805
cost-p8192-q256-s14,8192,256,8192,14,1,66743,406,66337,0.9939169650749892,1067888.0,1067888.0,0.0,153330.6,153330.6,0.8564169650749892,66564.70000000001,66564.70000000001,0.9376669650749891,36530.350000000006,36530.350000000006,0.9657919650749892
cost-p8192-q256-s14,8192,256,8192,14,10,66743,406,66337,0.9939169650749892,1067888.0,106788.8,0.0,153330.6,15333.060000000001,0.8564169650749892,66564.70000000001,6656.470000000001,0.9376669650749891,36530.350000000006,3653.0350000000008,0.9657919650749892
cost-p8192-q256-s14,8192,256,8192,14,100,66743,406,66337,0.9939169650749892,1067888.0,10678.88,0.0,153330.6,1533.306,0.8564169650749892,66564.70000000001,665.6470000000002,0.9376669650749891,36530.350000000006,365.30350000000004,0.9657919650749892
cost-p8192-q256-s14,8192,256,8192,14,1000,66743,406,66337,0.9939169650749892,1067888.0,1067.888,0.0,153330.6,153.3306,0.8564169650749892,66564.70000000001,66.56470000000002,0.9376669650749891,36530.350000000006,36.530350000000006,0.9657919650749892
cost-p8192-q256-s15,8192,256,8192,15,1,33783,406,33377,0.9879821211852114,540528.0,540528.0,0.0,80818.6,80818.6,0.8504821211852115,36900.7,36900.7,0.9317321211852114,21698.35,21698.35,0.9598571211852115
cost-p8192-q256-s15,8192,256,8192,15,10,33783,406,33377,0.9879821211852114,540528.0,54052.8,0.0,80818.6,8081.860000000001,0.8504821211852115,36900.7,3690.0699999999997,0.9317321211852114,21698.35,2169.835,0.9598571211852115
cost-p8192-q256-s15,8192,256,8192,15,100,33783,406,33377,0.9879821211852114,540528.0,5405.28,0.0,80818.6,808.186,0.8504821211852115,36900.7,369.00699999999995,0.9317321211852114,21698.35,216.9835,0.9598571211852115
cost-p8192-q256-s15,8192,256,8192,15,1000,33783,406,33377,0.9879821211852114,540528.0,540.528,0.0,80818.6,80.8186,0.8504821211852115,36900.7,36.9007,0.9317321211852114,21698.35,21.698349999999998,0.9598571211852115
cost-p8192-q256-s16,8192,256,8192,16,1,42023,406,41617,0.9903386240868096,672368.0,672368.0,0.0,98946.6,98946.6,0.8528386240868097,44316.700000000004,44316.700000000004,0.9340886240868097,25406.350000000002,25406.350000000002,0.9622136240868097
cost-p8192-q256-s16,8192,256,8192,16,10,42023,406,41617,0.9903386240868096,672368.0,67236.8,0.0,98946.6,9894.66,0.8528386240868097,44316.700000000004,4431.67,0.9340886240868097,25406.350000000002,2540.635,0.9622136240868097
cost-p8192-q256-s16,8192,256,8192,16,100,42023,406,41617,0.9903386240868096,672368.0,6723.68,0.0,98946.6,989.466,0.8528386240868097,44316.700000000004,443.16700000000003,0.9340886240868097,25406.350000000002,254.06350000000003,0.9622136240868097
cost-p8192-q256-s16,8192,256,8192,16,1000,42023,406,41617,0.9903386240868096,672368.0,672.368,0.0,98946.6,98.9466,0.8528386240868097,44316.700000000004,44.316700000000004,0.9340886240868097,25406.350000000002,25.406350000000003,0.9622136240868097
cost-p8192-q256-s17,8192,256,8192,17,1,50263,406,49857,0.9919224877146211,804208.0,804208.0,0.0,117074.6,117074.6,0.8544224877146211,51732.700000000004,51732.700000000004,0.9356724877146212,29114.350000000002,29114.350000000002,0.9637974877146211
cost-p8192-q256-s17,8192,256,8192,17,10,50263,406,49857,0.9919224877146211,804208.0,80420.8,0.0,117074.6,11707.460000000001,0.8544224877146211,51732.700000000004,5173.27,0.9356724877146212,29114.350000000002,2911.4350000000004,0.9637974877146211
cost-p8192-q256-s17,8192,256,8192,17,100,50263,406,49857,0.9919224877146211,804208.0,8042.08,0.0,117074.6,1170.746,0.8544224877146211,51732.700000000004,517.327,0.9356724877146212,29114.350000000002,291.1435,0.9637974877146211
cost-p8192-q256-s17,8192,256,8192,17,1000,50263,406,49857,0.9919224877146211,804208.0,804.208,0.0,117074.6,117.0746,0.8544224877146211,51732.700000000004,51.7327,0.9356724877146212,29114.350000000002,29.11435,0.9637974877146211
cost-p8192-q256-s18,8192,256,8192,18,1,58503,406,58097,0.9930601849477805,936048.0,936048.0,0.0,135202.6,135202.6,0.8555601849477805,59148.700000000004,59148.700000000004,0.9368101849477805,32822.350000000006,32822.350000000006,0.9649351849477805
cost-p8192-q256-s18,8192,256,8192,18,10,58503,406,58097,0.9930601849477805,936048.0,93604.8,0.0,135202.6,13520.26,0.8555601849477805,59148.700000000004,5914.870000000001,0.9368101849477805,32822.350000000006,3282.2350000000006,0.9649351849477805
cost-p8192-q256-s18,8192,256,8192,18,100,58503,406,58097,0.9930601849477805,936048.0,9360.48,0.0,135202.6,1352.026,0.8555601849477805,59148.700000000004,591.4870000000001,0.9368101849477805,32822.350000000006,328.22350000000006,0.9649351849477805
cost-p8192-q256-s18,8192,256,8192,18,1000,58503,406,58097,0.9930601849477805,936048.0,936.048,0.0,135202.6,135.20260000000002,0.8555601849477805,59148.700000000004,59.148700000000005,0.9368101849477805,32822.350000000006,32.82235000000001,0.9649351849477805
cost-p8192-q256-s19,8192,256,8192,19,1,66743,406,66337,0.9939169650749892,1067888.0,1067888.0,0.0,153330.6,153330.6,0.8564169650749892,66564.70000000001,66564.70000000001,0.9376669650749891,36530.350000000006,36530.350000000006,0.9657919650749892
cost-p8192-q256-s19,8192,256,8192,19,10,66743,406,66337,0.9939169650749892,1067888.0,106788.8,0.0,153330.6,15333.060000000001,0.8564169650749892,66564.70000000001,6656.470000000001,0.9376669650749891,36530.350000000006,3653.0350000000008,0.9657919650749892
cost-p8192-q256-s19,8192,256,8192,19,100,66743,406,66337,0.9939169650749892,1067888.0,10678.88,0.0,153330.6,1533.306,0.8564169650749892,66564.70000000001,665.6470000000002,0.9376669650749891,36530.350000000006,365.30350000000004,0.9657919650749892
cost-p8192-q256-s19,8192,256,8192,19,1000,66743,406,66337,0.9939169650749892,1067888.0,1067.888,0.0,153330.6,153.3306,0.8564169650749892,66564.70000000001,66.56470000000002,0.9376669650749891,36530.350000000006,36.530350000000006,0.9657919650749892
cost-p8192-q256-s20,8192,256,8192,20,1,33783,406,33377,0.9879821211852114,540528.0,540528.0,0.0,80818.6,80818.6,0.8504821211852115,36900.7,36900.7,0.9317321211852114,21698.35,21698.35,0.9598571211852115
cost-p8192-q256-s20,8192,256,8192,20,10,33783,406,33377,0.9879821211852114,540528.0,54052.8,0.0,80818.6,8081.860000000001,0.8504821211852115,36900.7,3690.0699999999997,0.9317321211852114,21698.35,2169.835,0.9598571211852115
cost-p8192-q256-s20,8192,256,8192,20,100,33783,406,33377,0.9879821211852114,540528.0,5405.28,0.0,80818.6,808.186,0.8504821211852115,36900.7,369.00699999999995,0.9317321211852114,21698.35,216.9835,0.9598571211852115
cost-p8192-q256-s20,8192,256,8192,20,1000,33783,406,33377,0.9879821211852114,540528.0,540.528,0.0,80818.6,80.8186,0.8504821211852115,36900.7,36.9007,0.9317321211852114,21698.35,21.698349999999998,0.9598571211852115
cost-p8192-q256-s21,8192,256,8192,21,1,42023,406,41617,0.9903386240868096,672368.0,672368.0,0.0,98946.6,98946.6,0.8528386240868097,44316.700000000004,44316.700000000004,0.9340886240868097,25406.350000000002,25406.350000000002,0.9622136240868097
cost-p8192-q256-s21,8192,256,8192,21,10,42023,406,41617,0.9903386240868096,672368.0,67236.8,0.0,98946.6,9894.66,0.8528386240868097,44316.700000000004,4431.67,0.9340886240868097,25406.350000000002,2540.635,0.9622136240868097
cost-p8192-q256-s21,8192,256,8192,21,100,42023,406,41617,0.9903386240868096,672368.0,6723.68,0.0,98946.6,989.466,0.8528386240868097,44316.700000000004,443.16700000000003,0.9340886240868097,25406.350000000002,254.06350000000003,0.9622136240868097
cost-p8192-q256-s21,8192,256,8192,21,1000,42023,406,41617,0.9903386240868096,672368.0,672.368,0.0,98946.6,98.9466,0.8528386240868097,44316.700000000004,44.316700000000004,0.9340886240868097,25406.350000000002,25.406350000000003,0.9622136240868097
cost-p8192-q256-s22,8192,256,8192,22,1,50263,406,49857,0.9919224877146211,804208.0,804208.0,0.0,117074.6,117074.6,0.8544224877146211,51732.700000000004,51732.700000000004,0.9356724877146212,29114.350000000002,29114.350000000002,0.9637974877146211
cost-p8192-q256-s22,8192,256,8192,22,10,50263,406,49857,0.9919224877146211,804208.0,80420.8,0.0,117074.6,11707.460000000001,0.8544224877146211,51732.700000000004,5173.27,0.9356724877146212,29114.350000000002,2911.4350000000004,0.9637974877146211
cost-p8192-q256-s22,8192,256,8192,22,100,50263,406,49857,0.9919224877146211,804208.0,8042.08,0.0,117074.6,1170.746,0.8544224877146211,51732.700000000004,517.327,0.9356724877146212,29114.350000000002,291.1435,0.9637974877146211
cost-p8192-q256-s22,8192,256,8192,22,1000,50263,406,49857,0.9919224877146211,804208.0,804.208,0.0,117074.6,117.0746,0.8544224877146211,51732.700000000004,51.7327,0.9356724877146212,29114.350000000002,29.11435,0.9637974877146211
cost-p8192-q256-s23,8192,256,8192,23,1,58503,406,58097,0.9930601849477805,936048.0,936048.0,0.0,135202.6,135202.6,0.8555601849477805,59148.700000000004,59148.700000000004,0.9368101849477805,32822.350000000006,32822.350000000006,0.9649351849477805
cost-p8192-q256-s23,8192,256,8192,23,10,58503,406,58097,0.9930601849477805,936048.0,93604.8,0.0,135202.6,13520.26,0.8555601849477805,59148.700000000004,5914.870000000001,0.9368101849477805,32822.350000000006,3282.2350000000006,0.9649351849477805
cost-p8192-q256-s23,8192,256,8192,23,100,58503,406,58097,0.9930601849477805,936048.0,9360.48,0.0,135202.6,1352.026,0.8555601849477805,59148.700000000004,591.4870000000001,0.9368101849477805,32822.350000000006,328.22350000000006,0.9649351849477805
cost-p8192-q256-s23,8192,256,8192,23,1000,58503,406,58097,0.9930601849477805,936048.0,936.048,0.0,135202.6,135.20260000000002,0.8555601849477805,59148.700000000004,59.148700000000005,0.9368101849477805,32822.350000000006,32.82235000000001,0.9649351849477805
cost-p8192-q256-s24,8192,256,8192,24,1,66743,406,66337,0.9939169650749892,1067888.0,1067888.0,0.0,153330.6,153330.6,0.8564169650749892,66564.70000000001,66564.70000000001,0.9376669650749891,36530.350000000006,36530.350000000006,0.9657919650749892
cost-p8192-q256-s24,8192,256,8192,24,10,66743,406,66337,0.9939169650749892,1067888.0,106788.8,0.0,153330.6,15333.060000000001,0.8564169650749892,66564.70000000001,6656.470000000001,0.9376669650749891,36530.350000000006,3653.0350000000008,0.9657919650749892
cost-p8192-q256-s24,8192,256,8192,24,100,66743,406,66337,0.9939169650749892,1067888.0,10678.88,0.0,153330.6,1533.306,0.8564169650749892,66564.70000000001,665.6470000000002,0.9376669650749891,36530.350000000006,365.30350000000004,0.9657919650749892
cost-p8192-q256-s24,8192,256,8192,24,1000,66743,406,66337,0.9939169650749892,1067888.0,1067.888,0.0,153330.6,153.3306,0.8564169650749892,66564.70000000001,66.56470000000002,0.9376669650749891,36530.350000000006,36.530350000000006,0.9657919650749892
cost-p8192-q256-s25,8192,256,8192,25,1,33783,406,33377,0.9879821211852114,540528.0,540528.0,0.0,80818.6,80818.6,0.8504821211852115,36900.7,36900.7,0.9317321211852114,21698.35,21698.35,0.9598571211852115
cost-p8192-q256-s25,8192,256,8192,25,10,33783,406,33377,0.9879821211852114,540528.0,54052.8,0.0,80818.6,8081.860000000001,0.8504821211852115,36900.7,3690.0699999999997,0.9317321211852114,21698.35,2169.835,0.9598571211852115
cost-p8192-q256-s25,8192,256,8192,25,100,33783,406,33377,0.9879821211852114,540528.0,5405.28,0.0,80818.6,808.186,0.8504821211852115,36900.7,369.00699999999995,0.9317321211852114,21698.35,216.9835,0.9598571211852115
cost-p8192-q256-s25,8192,256,8192,25,1000,33783,406,33377,0.9879821211852114,540528.0,540.528,0.0,80818.6,80.8186,0.8504821211852115,36900.7,36.9007,0.9317321211852114,21698.35,21.698349999999998,0.9598571211852115
cost-p8192-q256-s26,8192,256,8192,26,1,42023,406,41617,0.9903386240868096,672368.0,672368.0,0.0,98946.6,98946.6,0.8528386240868097,44316.700000000004,44316.700000000004,0.9340886240868097,25406.350000000002,25406.350000000002,0.9622136240868097
cost-p8192-q256-s26,8192,256,8192,26,10,42023,406,41617,0.9903386240868096,672368.0,67236.8,0.0,98946.6,9894.66,0.8528386240868097,44316.700000000004,4431.67,0.9340886240868097,25406.350000000002,2540.635,0.9622136240868097
cost-p8192-q256-s26,8192,256,8192,26,100,42023,406,41617,0.9903386240868096,672368.0,6723.68,0.0,98946.6,989.466,0.8528386240868097,44316.700000000004,443.16700000000003,0.9340886240868097,25406.350000000002,254.06350000000003,0.9622136240868097
cost-p8192-q256-s26,8192,256,8192,26,1000,42023,406,41617,0.9903386240868096,672368.0,672.368,0.0,98946.6,98.9466,0.8528386240868097,44316.700000000004,44.316700000000004,0.9340886240868097,25406.350000000002,25.406350000000003,0.9622136240868097
cost-p8192-q256-s27,8192,256,8192,27,1,50263,406,49857,0.9919224877146211,804208.0,804208.0,0.0,117074.6,117074.6,0.8544224877146211,51732.700000000004,51732.700000000004,0.9356724877146212,29114.350000000002,29114.350000000002,0.9637974877146211
cost-p8192-q256-s27,8192,256,8192,27,10,50263,406,49857,0.9919224877146211,804208.0,80420.8,0.0,117074.6,11707.460000000001,0.8544224877146211,51732.700000000004,5173.27,0.9356724877146212,29114.350000000002,2911.4350000000004,0.9637974877146211
cost-p8192-q256-s27,8192,256,8192,27,100,50263,406,49857,0.9919224877146211,804208.0,8042.08,0.0,117074.6,1170.746,0.8544224877146211,51732.700000000004,517.327,0.9356724877146212,29114.350000000002,291.1435,0.9637974877146211
cost-p8192-q256-s27,8192,256,8192,27,1000,50263,406,49857,0.9919224877146211,804208.0,804.208,0.0,117074.6,117.0746,0.8544224877146211,51732.700000000004,51.7327,0.9356724877146212,29114.350000000002,29.11435,0.9637974877146211
cost-p8192-q256-s28,8192,256,8192,28,1,58503,406,58097,0.9930601849477805,936048.0,936048.0,0.0,135202.6,135202.6,0.8555601849477805,59148.700000000004,59148.700000000004,0.9368101849477805,32822.350000000006,32822.350000000006,0.9649351849477805
cost-p8192-q256-s28,8192,256,8192,28,10,58503,406,58097,0.9930601849477805,936048.0,93604.8,0.0,135202.6,13520.26,0.8555601849477805,59148.700000000004,5914.870000000001,0.9368101849477805,32822.350000000006,3282.2350000000006,0.9649351849477805
cost-p8192-q256-s28,8192,256,8192,28,100,58503,406,58097,0.9930601849477805,936048.0,9360.48,0.0,135202.6,1352.026,0.8555601849477805,59148.700000000004,591.4870000000001,0.9368101849477805,32822.350000000006,328.22350000000006,0.9649351849477805
cost-p8192-q256-s28,8192,256,8192,28,1000,58503,406,58097,0.9930601849477805,936048.0,936.048,0.0,135202.6,135.20260000000002,0.8555601849477805,59148.700000000004,59.148700000000005,0.9368101849477805,32822.350000000006,32.82235000000001,0.9649351849477805
cost-p8192-q256-s29,8192,256,8192,29,1,66743,406,66337,0.9939169650749892,1067888.0,1067888.0,0.0,153330.6,153330.6,0.8564169650749892,66564.70000000001,66564.70000000001,0.9376669650749891,36530.350000000006,36530.350000000006,0.9657919650749892
cost-p8192-q256-s29,8192,256,8192,29,10,66743,406,66337,0.9939169650749892,1067888.0,106788.8,0.0,153330.6,15333.060000000001,0.8564169650749892,66564.70000000001,6656.470000000001,0.9376669650749891,36530.350000000006,3653.0350000000008,0.9657919650749892
cost-p8192-q256-s29,8192,256,8192,29,100,66743,406,66337,0.9939169650749892,1067888.0,10678.88,0.0,153330.6,1533.306,0.8564169650749892,66564.70000000001,665.6470000000002,0.9376669650749891,36530.350000000006,365.30350000000004,0.9657919650749892
cost-p8192-q256-s29,8192,256,8192,29,1000,66743,406,66337,0.9939169650749892,1067888.0,1067.888,0.0,153330.6,153.3306,0.8564169650749892,66564.70000000001,66.56470000000002,0.9376669650749891,36530.350000000006,36.530350000000006,0.9657919650749892
cost-p8192-q256-s30,8192,256,8192,30,1,33783,406,33377,0.9879821211852114,540528.0,540528.0,0.0,80818.6,80818.6,0.8504821211852115,36900.7,36900.7,0.9317321211852114,21698.35,21698.35,0.9598571211852115
cost-p8192-q256-s30,8192,256,8192,30,10,33783,406,33377,0.9879821211852114,540528.0,54052.8,0.0,80818.6,8081.860000000001,0.8504821211852115,36900.7,3690.0699999999997,0.9317321211852114,21698.35,2169.835,0.9598571211852115
cost-p8192-q256-s30,8192,256,8192,30,100,33783,406,33377,0.9879821211852114,540528.0,5405.28,0.0,80818.6,808.186,0.8504821211852115,36900.7,369.00699999999995,0.9317321211852114,21698.35,216.9835,0.9598571211852115
cost-p8192-q256-s30,8192,256,8192,30,1000,33783,406,33377,0.9879821211852114,540528.0,540.528,0.0,80818.6,80.8186,0.8504821211852115,36900.7,36.9007,0.9317321211852114,21698.35,21.698349999999998,0.9598571211852115
cost-p8192-q256-s31,8192,256,8192,31,1,42023,406,41617,0.9903386240868096,672368.0,672368.0,0.0,98946.6,98946.6,0.8528386240868097,44316.700000000004,44316.700000000004,0.9340886240868097,25406.350000000002,25406.350000000002,0.9622136240868097
cost-p8192-q256-s31,8192,256,8192,31,10,42023,406,41617,0.9903386240868096,672368.0,67236.8,0.0,98946.6,9894.66,0.8528386240868097,44316.700000000004,4431.67,0.9340886240868097,25406.350000000002,2540.635,0.9622136240868097
cost-p8192-q256-s31,8192,256,8192,31,100,42023,406,41617,0.9903386240868096,672368.0,6723.68,0.0,98946.6,989.466,0.8528386240868097,44316.700000000004,443.16700000000003,0.9340886240868097,25406.350000000002,254.06350000000003,0.9622136240868097
cost-p8192-q256-s31,8192,256,8192,31,1000,42023,406,41617,0.9903386240868096,672368.0,672.368,0.0,98946.6,98.9466,0.8528386240868097,44316.700000000004,44.316700000000004,0.9340886240868097,25406.350000000002,25.406350000000003,0.9622136240868097
cost-p8192-q256-s32,8192,256,8192,32,1,50263,406,49857,0.9919224877146211,804208.0,804208.0,0.0,117074.6,117074.6,0.8544224877146211,51732.700000000004,51732.700000000004,0.9356724877146212,29114.350000000002,29114.350000000002,0.9637974877146211
cost-p8192-q256-s32,8192,256,8192,32,10,50263,406,49857,0.9919224877146211,804208.0,80420.8,0.0,117074.6,11707.460000000001,0.8544224877146211,51732.700000000004,5173.27,0.9356724877146212,29114.350000000002,2911.4350000000004,0.9637974877146211
cost-p8192-q256-s32,8192,256,8192,32,100,50263,406,49857,0.9919224877146211,804208.0,8042.08,0.0,117074.6,1170.746,0.8544224877146211,51732.700000000004,517.327,0.9356724877146212,29114.350000000002,291.1435,0.9637974877146211
cost-p8192-q256-s32,8192,256,8192,32,1000,50263,406,49857,0.9919224877146211,804208.0,804.208,0.0,117074.6,117.0746,0.8544224877146211,51732.700000000004,51.7327,0.9356724877146212,29114.350000000002,29.11435,0.9637974877146211
cost-p8192-q256-s33,8192,256,8192,33,1,58503,406,58097,0.9930601849477805,936048.0,936048.0,0.0,135202.6,135202.6,0.8555601849477805,59148.700000000004,59148.700000000004,0.9368101849477805,32822.350000000006,32822.350000000006,0.9649351849477805
cost-p8192-q256-s33,8192,256,8192,33,10,58503,406,58097,0.9930601849477805,936048.0,93604.8,0.0,135202.6,13520.26,0.8555601849477805,59148.700000000004,5914.870000000001,0.9368101849477805,32822.350000000006,3282.2350000000006,0.9649351849477805
cost-p8192-q256-s33,8192,256,8192,33,100,58503,406,58097,0.9930601849477805,936048.0,9360.48,0.0,135202.6,1352.026,0.8555601849477805,59148.700000000004,591.4870000000001,0.9368101849477805,32822.350000000006,328.22350000000006,0.9649351849477805
cost-p8192-q256-s33,8192,256,8192,33,1000,58503,406,58097,0.9930601849477805,936048.0,936.048,0.0,135202.6,135.20260000000002,0.8555601849477805,59148.700000000004,59.148700000000005,0.9368101849477805,32822.350000000006,32.82235000000001,0.9649351849477805
cost-p8192-q256-s34,8192,256,8192,34,1,66743,406,66337,0.9939169650749892,1067888.0,1067888.0,0.0,153330.6,153330.6,0.8564169650749892,66564.70000000001,66564.70000000001,0.9376669650749891,36530.350000000006,36530.350000000006,0.9657919650749892
cost-p8192-q256-s34,8192,256,8192,34,10,66743,406,66337,0.9939169650749892,1067888.0,106788.8,0.0,153330.6,15333.060000000001,0.8564169650749892,66564.70000000001,6656.470000000001,0.9376669650749891,36530.350000000006,3653.0350000000008,0.9657919650749892
cost-p8192-q256-s34,8192,256,8192,34,100,66743,406,66337,0.9939169650749892,1067888.0,10678.88,0.0,153330.6,1533.306,0.8564169650749892,66564.70000000001,665.6470000000002,0.9376669650749891,36530.350000000006,365.30350000000004,0.9657919650749892
cost-p8192-q256-s34,8192,256,8192,34,1000,66743,406,66337,0.9939169650749892,1067888.0,1067.888,0.0,153330.6,153.3306,0.8564169650749892,66564.70000000001,66.56470000000002,0.9376669650749891,36530.350000000006,36.530350000000006,0.9657919650749892
cost-p8192-q256-s35,8192,256,8192,35,1,33783,406,33377,0.9879821211852114,540528.0,540528.0,0.0,80818.6,80818.6,0.8504821211852115,36900.7,36900.7,0.9317321211852114,21698.35,21698.35,0.9598571211852115
cost-p8192-q256-s35,8192,256,8192,35,10,33783,406,33377,0.9879821211852114,540528.0,54052.8,0.0,80818.6,8081.860000000001,0.8504821211852115,36900.7,3690.0699999999997,0.9317321211852114,21698.35,2169.835,0.9598571211852115
cost-p8192-q256-s35,8192,256,8192,35,100,33783,406,33377,0.9879821211852114,540528.0,5405.28,0.0,80818.6,808.186,0.8504821211852115,36900.7,369.00699999999995,0.9317321211852114,21698.35,216.9835,0.9598571211852115
cost-p8192-q256-s35,8192,256,8192,35,1000,33783,406,33377,0.9879821211852114,540528.0,540.528,0.0,80818.6,80.8186,0.8504821211852115,36900.7,36.9007,0.9317321211852114,21698.35,21.698349999999998,0.9598571211852115
cost-p8192-q256-s36,8192,256,8192,36,1,42023,406,41617,0.9903386240868096,672368.0,672368.0,0.0,98946.6,98946.6,0.8528386240868097,44316.700000000004,44316.700000000004,0.9340886240868097,25406.350000000002,25406.350000000002,0.9622136240868097
cost-p8192-q256-s36,8192,256,8192,36,10,42023,406,41617,0.9903386240868096,672368.0,67236.8,0.0,98946.6,9894.66,0.8528386240868097,44316.700000000004,4431.67,0.9340886240868097,25406.350000000002,2540.635,0.9622136240868097
cost-p8192-q256-s36,8192,256,8192,36,100,42023,406,41617,0.9903386240868096,672368.0,6723.68,0.0,98946.6,989.466,0.8528386240868097,44316.700000000004,443.16700000000003,0.9340886240868097,25406.350000000002,254.06350000000003,0.9622136240868097
cost-p8192-q256-s36,8192,256,8192,36,1000,42023,406,41617,0.9903386240868096,672368.0,672.368,0.0,98946.6,98.9466,0.8528386240868097,44316.700000000004,44.316700000000004,0.9340886240868097,25406.350000000002,25.406350000000003,0.9622136240868097
cost-p8192-q256-s37,8192,256,8192,37,1,50263,406,49857,0.9919224877146211,804208.0,804208.0,0.0,117074.6,117074.6,0.8544224877146211,51732.700000000004,51732.700000000004,0.9356724877146212,29114.350000000002,29114.350000000002,0.9637974877146211
cost-p8192-q256-s37,8192,256,8192,37,10,50263,406,49857,0.9919224877146211,804208.0,80420.8,0.0,117074.6,11707.460000000001,0.8544224877146211,51732.700000000004,5173.27,0.9356724877146212,29114.350000000002,2911.4350000000004,0.9637974877146211
cost-p8192-q256-s37,8192,256,8192,37,100,50263,406,49857,0.9919224877146211,804208.0,8042.08,0.0,117074.6,1170.746,0.8544224877146211,51732.700000000004,517.327,0.9356724877146212,29114.350000000002,291.1435,0.9637974877146211
cost-p8192-q256-s37,8192,256,8192,37,1000,50263,406,49857,0.9919224877146211,804208.0,804.208,0.0,117074.6,117.0746,0.8544224877146211,51732.700000000004,51.7327,0.9356724877146212,29114.350000000002,29.11435,0.9637974877146211
cost-p8192-q256-s38,8192,256,8192,38,1,58503,406,58097,0.9930601849477805,936048.0,936048.0,0.0,135202.6,135202.6,0.8555601849477805,59148.700000000004,59148.700000000004,0.9368101849477805,32822.350000000006,32822.350000000006,0.9649351849477805
cost-p8192-q256-s38,8192,256,8192,38,10,58503,406,58097,0.9930601849477805,936048.0,93604.8,0.0,135202.6,13520.26,0.8555601849477805,59148.700000000004,5914.870000000001,0.9368101849477805,32822.350000000006,3282.2350000000006,0.9649351849477805
cost-p8192-q256-s38,8192,256,8192,38,100,58503,406,58097,0.9930601849477805,936048.0,9360.48,0.0,135202.6,1352.026,0.8555601849477805,59148.700000000004,591.4870000000001,0.9368101849477805,32822.350000000006,328.22350000000006,0.9649351849477805
cost-p8192-q256-s38,8192,256,8192,38,1000,58503,406,58097,0.9930601849477805,936048.0,936.048,0.0,135202.6,135.20260000000002,0.8555601849477805,59148.700000000004,59.148700000000005,0.9368101849477805,32822.350000000006,32.82235000000001,0.9649351849477805
cost-p8192-q256-s39,8192,256,8192,39,1,66743,406,66337,0.9939169650749892,1067888.0,1067888.0,0.0,153330.6,153330.6,0.8564169650749892,66564.70000000001,66564.70000000001,0.9376669650749891,36530.350000000006,36530.350000000006,0.9657919650749892
cost-p8192-q256-s39,8192,256,8192,39,10,66743,406,66337,0.9939169650749892,1067888.0,106788.8,0.0,153330.6,15333.060000000001,0.8564169650749892,66564.70000000001,6656.470000000001,0.9376669650749891,36530.350000000006,3653.0350000000008,0.9657919650749892
cost-p8192-q256-s39,8192,256,8192,39,100,66743,406,66337,0.9939169650749892,1067888.0,10678.88,0.0,153330.6,1533.306,0.8564169650749892,66564.70000000001,665.6470000000002,0.9376669650749891,36530.350000000006,365.30350000000004,0.9657919650749892
cost-p8192-q256-s39,8192,256,8192,39,1000,66743,406,66337,0.9939169650749892,1067888.0,1067.888,0.0,153330.6,153.3306,0.8564169650749892,66564.70000000001,66.56470000000002,0.9376669650749891,36530.350000000006,36.530350000000006,0.9657919650749892
cost-p8192-q256-s40,8192,256,8192,40,1,33783,406,33377,0.9879821211852114,540528.0,540528.0,0.0,80818.6,80818.6,0.8504821211852115,36900.7,36900.7,0.9317321211852114,21698.35,21698.35,0.9598571211852115
cost-p8192-q256-s40,8192,256,8192,40,10,33783,406,33377,0.9879821211852114,540528.0,54052.8,0.0,80818.6,8081.860000000001,0.8504821211852115,36900.7,3690.0699999999997,0.9317321211852114,21698.35,2169.835,0.9598571211852115
cost-p8192-q256-s40,8192,256,8192,40,100,33783,406,33377,0.9879821211852114,540528.0,5405.28,0.0,80818.6,808.186,0.8504821211852115,36900.7,369.00699999999995,0.9317321211852114,21698.35,216.9835,0.9598571211852115
cost-p8192-q256-s40,8192,256,8192,40,1000,33783,406,33377,0.9879821211852114,540528.0,540.528,0.0,80818.6,80.8186,0.8504821211852115,36900.7,36.9007,0.9317321211852114,21698.35,21.698349999999998,0.9598571211852115
cost-p8192-q256-s41,8192,256,8192,41,1,42023,406,41617,0.9903386240868096,672368.0,672368.0,0.0,98946.6,98946.6,0.8528386240868097,44316.700000000004,44316.700000000004,0.9340886240868097,25406.350000000002,25406.350000000002,0.9622136240868097
cost-p8192-q256-s41,8192,256,8192,41,10,42023,406,41617,0.9903386240868096,672368.0,67236.8,0.0,98946.6,9894.66,0.8528386240868097,44316.700000000004,4431.67,0.9340886240868097,25406.350000000002,2540.635,0.9622136240868097
cost-p8192-q256-s41,8192,256,8192,41,100,42023,406,41617,0.9903386240868096,672368.0,6723.68,0.0,98946.6,989.466,0.8528386240868097,44316.700000000004,443.16700000000003,0.9340886240868097,25406.350000000002,254.06350000000003,0.9622136240868097
cost-p8192-q256-s41,8192,256,8192,41,1000,42023,406,41617,0.9903386240868096,672368.0,672.368,0.0,98946.6,98.9466,0.8528386240868097,44316.700000000004,44.316700000000004,0.9340886240868097,25406.350000000002,25.406350000000003,0.9622136240868097
cost-p8192-q256-s42,8192,256,8192,42,1,50263,406,49857,0.9919224877146211,804208.0,804208.0,0.0,117074.6,117074.6,0.8544224877146211,51732.700000000004,51732.700000000004,0.9356724877146212,29114.350000000002,29114.350000000002,0.9637974877146211
cost-p8192-q256-s42,8192,256,8192,42,10,50263,406,49857,0.9919224877146211,804208.0,80420.8,0.0,117074.6,11707.460000000001,0.8544224877146211,51732.700000000004,5173.27,0.9356724877146212,29114.350000000002,2911.4350000000004,0.9637974877146211
cost-p8192-q256-s42,8192,256,8192,42,100,50263,406,49857,0.9919224877146211,804208.0,8042.08,0.0,117074.6,1170.746,0.8544224877146211,51732.700000000004,517.327,0.9356724877146212,29114.350000000002,291.1435,0.9637974877146211
cost-p8192-q256-s42,8192,256,8192,42,1000,50263,406,49857,0.9919224877146211,804208.0,804.208,0.0,117074.6,117.0746,0.8544224877146211,51732.700000000004,51.7327,0.9356724877146212,29114.350000000002,29.11435,0.9637974877146211
cost-p8192-q256-s43,8192,256,8192,43,1,58503,406,58097,0.9930601849477805,936048.0,936048.0,0.0,135202.6,135202.6,0.8555601849477805,59148.700000000004,59148.700000000004,0.9368101849477805,32822.350000000006,32822.350000000006,0.9649351849477805
cost-p8192-q256-s43,8192,256,8192,43,10,58503,406,58097,0.9930601849477805,936048.0,93604.8,0.0,135202.6,13520.26,0.8555601849477805,59148.700000000004,5914.870000000001,0.9368101849477805,32822.350000000006,3282.2350000000006,0.9649351849477805
cost-p8192-q256-s43,8192,256,8192,43,100,58503,406,58097,0.9930601849477805,936048.0,9360.48,0.0,135202.6,1352.026,0.8555601849477805,59148.700000000004,591.4870000000001,0.9368101849477805,32822.350000000006,328.22350000000006,0.9649351849477805
cost-p8192-q256-s43,8192,256,8192,43,1000,58503,406,58097,0.9930601849477805,936048.0,936.048,0.0,135202.6,135.20260000000002,0.8555601849477805,59148.700000000004,59.148700000000005,0.9368101849477805,32822.350000000006,32.82235000000001,0.9649351849477805
cost-p8192-q256-s44,8192,256,8192,44,1,66743,406,66337,0.9939169650749892,1067888.0,1067888.0,0.0,153330.6,153330.6,0.8564169650749892,66564.70000000001,66564.70000000001,0.9376669650749891,36530.350000000006,36530.350000000006,0.9657919650749892
cost-p8192-q256-s44,8192,256,8192,44,10,66743,406,66337,0.9939169650749892,1067888.0,106788.8,0.0,153330.6,15333.060000000001,0.8564169650749892,66564.70000000001,6656.470000000001,0.9376669650749891,36530.350000000006,3653.0350000000008,0.9657919650749892
cost-p8192-q256-s44,8192,256,8192,44,100,66743,406,66337,0.9939169650749892,1067888.0,10678.88,0.0,153330.6,1533.306,0.8564169650749892,66564.70000000001,665.6470000000002,0.9376669650749891,36530.350000000006,365.30350000000004,0.9657919650749892
cost-p8192-q256-s44,8192,256,8192,44,1000,66743,406,66337,0.9939169650749892,1067888.0,1067.888,0.0,153330.6,153.3306,0.8564169650749892,66564.70000000001,66.56470000000002,0.9376669650749891,36530.350000000006,36.530350000000006,0.9657919650749892
cost-p8192-q256-s45,8192,256,8192,45,1,33783,406,33377,0.9879821211852114,540528.0,540528.0,0.0,80818.6,80818.6,0.8504821211852115,36900.7,36900.7,0.9317321211852114,21698.35,21698.35,0.9598571211852115
cost-p8192-q256-s45,8192,256,8192,45,10,33783,406,33377,0.9879821211852114,540528.0,54052.8,0.0,80818.6,8081.860000000001,0.8504821211852115,36900.7,3690.0699999999997,0.9317321211852114,21698.35,2169.835,0.9598571211852115
cost-p8192-q256-s45,8192,256,8192,45,100,33783,406,33377,0.9879821211852114,540528.0,5405.28,0.0,80818.6,808.186,0.8504821211852115,36900.7,369.00699999999995,0.9317321211852114,21698.35,216.9835,0.9598571211852115
cost-p8192-q256-s45,8192,256,8192,45,1000,33783,406,33377,0.9879821211852114,540528.0,540.528,0.0,80818.6,80.8186,0.8504821211852115,36900.7,36.9007,0.9317321211852114,21698.35,21.698349999999998,0.9598571211852115
cost-p8192-q256-s46,8192,256,8192,46,1,42023,406,41617,0.9903386240868096,672368.0,672368.0,0.0,98946.6,98946.6,0.8528386240868097,44316.700000000004,44316.700000000004,0.9340886240868097,25406.350000000002,25406.350000000002,0.9622136240868097
cost-p8192-q256-s46,8192,256,8192,46,10,42023,406,41617,0.9903386240868096,672368.0,67236.8,0.0,98946.6,9894.66,0.8528386240868097,44316.700000000004,4431.67,0.9340886240868097,25406.350000000002,2540.635,0.9622136240868097
cost-p8192-q256-s46,8192,256,8192,46,100,42023,406,41617,0.9903386240868096,672368.0,6723.68,0.0,98946.6,989.466,0.8528386240868097,44316.700000000004,443.16700000000003,0.9340886240868097,25406.350000000002,254.06350000000003,0.9622136240868097
cost-p8192-q256-s46,8192,256,8192,46,1000,42023,406,41617,0.9903386240868096,672368.0,672.368,0.0,98946.6,98.9466,0.8528386240868097,44316.700000000004,44.316700000000004,0.9340886240868097,25406.350000000002,25.406350000000003,0.9622136240868097
cost-p8192-q256-s47,8192,256,8192,47,1,50263,406,49857,0.9919224877146211,804208.0,804208.0,0.0,117074.6,117074.6,0.8544224877146211,51732.700000000004,51732.700000000004,0.9356724877146212,29114.350000000002,29114.350000000002,0.9637974877146211
cost-p8192-q256-s47,8192,256,8192,47,10,50263,406,49857,0.9919224877146211,804208.0,80420.8,0.0,117074.6,11707.460000000001,0.8544224877146211,51732.700000000004,5173.27,0.9356724877146212,29114.350000000002,2911.4350000000004,0.9637974877146211
cost-p8192-q256-s47,8192,256,8192,47,100,50263,406,49857,0.9919224877146211,804208.0,8042.08,0.0,117074.6,1170.746,0.8544224877146211,51732.700000000004,517.327,0.9356724877146212,29114.350000000002,291.1435,0.9637974877146211
cost-p8192-q256-s47,8192,256,8192,47,1000,50263,406,49857,0.9919224877146211,804208.0,804.208,0.0,117074.6,117.0746,0.8544224877146211,51732.700000000004,51.7327,0.9356724877146212,29114.350000000002,29.11435,0.9637974877146211
cost-p8192-q256-s48,8192,256,8192,48,1,58503,406,58097,0.9930601849477805,936048.0,936048.0,0.0,135202.6,135202.6,0.8555601849477805,59148.700000000004,59148.700000000004,0.9368101849477805,32822.350000000006,32822.350000000006,0.9649351849477805
cost-p8192-q256-s48,8192,256,8192,48,10,58503,406,58097,0.9930601849477805,936048.0,93604.8,0.0,135202.6,13520.26,0.8555601849477805,59148.700000000004,5914.870000000001,0.9368101849477805,32822.350000000006,3282.2350000000006,0.9649351849477805
cost-p8192-q256-s48,8192,256,8192,48,100,58503,406,58097,0.9930601849477805,936048.0,9360.48,0.0,135202.6,1352.026,0.8555601849477805,59148.700000000004,591.4870000000001,0.9368101849477805,32822.350000000006,328.22350000000006,0.9649351849477805
cost-p8192-q256-s48,8192,256,8192,48,1000,58503,406,58097,0.9930601849477805,936048.0,936.048,0.0,135202.6,135.20260000000002,0.8555601849477805,59148.700000000004,59.148700000000005,0.9368101849477805,32822.350000000006,32.82235000000001,0.9649351849477805
cost-p8192-q256-s49,8192,256,8192,49,1,66743,406,66337,0.9939169650749892,1067888.0,1067888.0,0.0,153330.6,153330.6,0.8564169650749892,66564.70000000001,66564.70000000001,0.9376669650749891,36530.350000000006,36530.350000000006,0.9657919650749892
cost-p8192-q256-s49,8192,256,8192,49,10,66743,406,66337,0.9939169650749892,1067888.0,106788.8,0.0,153330.6,15333.060000000001,0.8564169650749892,66564.70000000001,6656.470000000001,0.9376669650749891,36530.350000000006,3653.0350000000008,0.9657919650749892
cost-p8192-q256-s49,8192,256,8192,49,100,66743,406,66337,0.9939169650749892,1067888.0,10678.88,0.0,153330.6,1533.306,0.8564169650749892,66564.70000000001,665.6470000000002,0.9376669650749891,36530.350000000006,365.30350000000004,0.9657919650749892
cost-p8192-q256-s49,8192,256,8192,49,1000,66743,406,66337,0.9939169650749892,1067888.0,1067.888,0.0,153330.6,153.3306,0.8564169650749892,66564.70000000001,66.56470000000002,0.9376669650749891,36530.350000000006,36.530350000000006,0.9657919650749892
cost-p8192-q256-s50,8192,256,8192,50,1,33783,406,33377,0.9879821211852114,540528.0,540528.0,0.0,80818.6,80818.6,0.8504821211852115,36900.7,36900.7,0.9317321211852114,21698.35,21698.35,0.9598571211852115
cost-p8192-q256-s50,8192,256,8192,50,10,33783,406,33377,0.9879821211852114,540528.0,54052.8,0.0,80818.6,8081.860000000001,0.8504821211852115,36900.7,3690.0699999999997,0.9317321211852114,21698.35,2169.835,0.9598571211852115
cost-p8192-q256-s50,8192,256,8192,50,100,33783,406,33377,0.9879821211852114,540528.0,5405.28,0.0,80818.6,808.186,0.8504821211852115,36900.7,369.00699999999995,0.9317321211852114,21698.35,216.9835,0.9598571211852115
cost-p8192-q256-s50,8192,256,8192,50,1000,33783,406,33377,0.9879821211852114,540528.0,540.528,0.0,80818.6,80.8186,0.8504821211852115,36900.7,36.9007,0.9317321211852114,21698.35,21.698349999999998,0.9598571211852115
cost-p8192-q256-s51,8192,256,8192,51,1,42023,406,41617,0.9903386240868096,672368.0,672368.0,0.0,98946.6,98946.6,0.8528386240868097,44316.700000000004,44316.700000000004,0.9340886240868097,25406.350000000002,25406.350000000002,0.9622136240868097
cost-p8192-q256-s51,8192,256,8192,51,10,42023,406,41617,0.9903386240868096,672368.0,67236.8,0.0,98946.6,9894.66,0.8528386240868097,44316.700000000004,4431.67,0.9340886240868097,25406.350000000002,2540.635,0.9622136240868097
cost-p8192-q256-s51,8192,256,8192,51,100,42023,406,41617,0.9903386240868096,672368.0,6723.68,0.0,98946.6,989.466,0.8528386240868097,44316.700000000004,443.16700000000003,0.9340886240868097,25406.350000000002,254.06350000000003,0.9622136240868097
cost-p8192-q256-s51,8192,256,8192,51,1000,42023,406,41617,0.9903386240868096,672368.0,672.368,0.0,98946.6,98.9466,0.8528386240868097,44316.700000000004,44.316700000000004,0.9340886240868097,25406.350000000002,25.406350000000003,0.9622136240868097
cost-p8192-q256-s52,8192,256,8192,52,1,50263,406,49857,0.9919224877146211,804208.0,804208.0,0.0,117074.6,117074.6,0.8544224877146211,51732.700000000004,51732.700000000004,0.9356724877146212,29114.350000000002,29114.350000000002,0.9637974877146211
cost-p8192-q256-s52,8192,256,8192,52,10,50263,406,49857,0.9919224877146211,804208.0,80420.8,0.0,117074.6,11707.460000000001,0.8544224877146211,51732.700000000004,5173.27,0.9356724877146212,29114.350000000002,2911.4350000000004,0.9637974877146211
cost-p8192-q256-s52,8192,256,8192,52,100,50263,406,49857,0.9919224877146211,804208.0,8042.08,0.0,117074.6,1170.746,0.8544224877146211,51732.700000000004,517.327,0.9356724877146212,29114.350000000002,291.1435,0.9637974877146211
cost-p8192-q256-s52,8192,256,8192,52,1000,50263,406,49857,0.9919224877146211,804208.0,804.208,0.0,117074.6,117.0746,0.8544224877146211,51732.700000000004,51.7327,0.9356724877146212,29114.350000000002,29.11435,0.9637974877146211
cost-p8192-q256-s53,8192,256,8192,53,1,58503,406,58097,0.9930601849477805,936048.0,936048.0,0.0,135202.6,135202.6,0.8555601849477805,59148.700000000004,59148.700000000004,0.9368101849477805,32822.350000000006,32822.350000000006,0.9649351849477805
cost-p8192-q256-s53,8192,256,8192,53,10,58503,406,58097,0.9930601849477805,936048.0,93604.8,0.0,135202.6,13520.26,0.8555601849477805,59148.700000000004,5914.870000000001,0.9368101849477805,32822.350000000006,3282.2350000000006,0.9649351849477805
cost-p8192-q256-s53,8192,256,8192,53,100,58503,406,58097,0.9930601849477805,936048.0,9360.48,0.0,135202.6,1352.026,0.8555601849477805,59148.700000000004,591.4870000000001,0.9368101849477805,32822.350000000006,328.22350000000006,0.9649351849477805
cost-p8192-q256-s53,8192,256,8192,53,1000,58503,406,58097,0.9930601849477805,936048.0,936.048,0.0,135202.6,135.20260000000002,0.8555601849477805,59148.700000000004,59.148700000000005,0.9368101849477805,32822.350000000006,32.82235000000001,0.9649351849477805
cost-p8192-q256-s54,8192,256,8192,54,1,66743,406,66337,0.9939169650749892,1067888.0,1067888.0,0.0,153330.6,153330.6,0.8564169650749892,66564.70000000001,66564.70000000001,0.9376669650749891,36530.350000000006,36530.350000000006,0.9657919650749892
cost-p8192-q256-s54,8192,256,8192,54,10,66743,406,66337,0.9939169650749892,1067888.0,106788.8,0.0,153330.6,15333.060000000001,0.8564169650749892,66564.70000000001,6656.470000000001,0.9376669650749891,36530.350000000006,3653.0350000000008,0.9657919650749892
cost-p8192-q256-s54,8192,256,8192,54,100,66743,406,66337,0.9939169650749892,1067888.0,10678.88,0.0,153330.6,1533.306,0.8564169650749892,66564.70000000001,665.6470000000002,0.9376669650749891,36530.350000000006,365.30350000000004,0.9657919650749892
cost-p8192-q256-s54,8192,256,8192,54,1000,66743,406,66337,0.9939169650749892,1067888.0,1067.888,0.0,153330.6,153.3306,0.8564169650749892,66564.70000000001,66.56470000000002,0.9376669650749891,36530.350000000006,36.530350000000006,0.9657919650749892
cost-p8192-q256-s55,8192,256,8192,55,1,33783,406,33377,0.9879821211852114,540528.0,540528.0,0.0,80818.6,80818.6,0.8504821211852115,36900.7,36900.7,0.9317321211852114,21698.35,21698.35,0.9598571211852115
cost-p8192-q256-s55,8192,256,8192,55,10,33783,406,33377,0.9879821211852114,540528.0,54052.8,0.0,80818.6,8081.860000000001,0.8504821211852115,36900.7,3690.0699999999997,0.9317321211852114,21698.35,2169.835,0.9598571211852115
cost-p8192-q256-s55,8192,256,8192,55,100,33783,406,33377,0.9879821211852114,540528.0,5405.28,0.0,80818.6,808.186,0.8504821211852115,36900.7,369.00699999999995,0.9317321211852114,21698.35,216.9835,0.9598571211852115
cost-p8192-q256-s55,8192,256,8192,55,1000,33783,406,33377,0.9879821211852114,540528.0,540.528,0.0,80818.6,80.8186,0.8504821211852115,36900.7,36.9007,0.9317321211852114,21698.35,21.698349999999998,0.9598571211852115
cost-p8192-q256-s56,8192,256,8192,56,1,42023,406,41617,0.9903386240868096,672368.0,672368.0,0.0,98946.6,98946.6,0.8528386240868097,44316.700000000004,44316.700000000004,0.9340886240868097,25406.350000000002,25406.350000000002,0.9622136240868097
cost-p8192-q256-s56,8192,256,8192,56,10,42023,406,41617,0.9903386240868096,672368.0,67236.8,0.0,98946.6,9894.66,0.8528386240868097,44316.700000000004,4431.67,0.9340886240868097,25406.350000000002,2540.635,0.9622136240868097
cost-p8192-q256-s56,8192,256,8192,56,100,42023,406,41617,0.9903386240868096,672368.0,6723.68,0.0,98946.6,989.466,0.8528386240868097,44316.700000000004,443.16700000000003,0.9340886240868097,25406.350000000002,254.06350000000003,0.9622136240868097
cost-p8192-q256-s56,8192,256,8192,56,1000,42023,406,41617,0.9903386240868096,672368.0,672.368,0.0,98946.6,98.9466,0.8528386240868097,44316.700000000004,44.316700000000004,0.9340886240868097,25406.350000000002,25.406350000000003,0.9622136240868097
cost-p8192-q256-s57,8192,256,8192,57,1,50263,406,49857,0.9919224877146211,804208.0,804208.0,0.0,117074.6,117074.6,0.8544224877146211,51732.700000000004,51732.700000000004,0.9356724877146212,29114.350000000002,29114.350000000002,0.9637974877146211
cost-p8192-q256-s57,8192,256,8192,57,10,50263,406,49857,0.9919224877146211,804208.0,80420.8,0.0,117074.6,11707.460000000001,0.8544224877146211,51732.700000000004,5173.27,0.9356724877146212,29114.350000000002,2911.4350000000004,0.9637974877146211
cost-p8192-q256-s57,8192,256,8192,57,100,50263,406,49857,0.9919224877146211,804208.0,8042.08,0.0,117074.6,1170.746,0.8544224877146211,51732.700000000004,517.327,0.9356724877146212,29114.350000000002,291.1435,0.9637974877146211
cost-p8192-q256-s57,8192,256,8192,57,1000,50263,406,49857,0.9919224877146211,804208.0,804.208,0.0,117074.6,117.0746,0.8544224877146211,51732.700000000004,51.7327,0.9356724877146212,29114.350000000002,29.11435,0.9637974877146211
cost-p8192-q256-s58,8192,256,8192,58,1,58503,406,58097,0.9930601849477805,936048.0,936048.0,0.0,135202.6,135202.6,0.8555601849477805,59148.700000000004,59148.700000000004,0.9368101849477805,32822.350000000006,32822.350000000006,0.9649351849477805
cost-p8192-q256-s58,8192,256,8192,58,10,58503,406,58097,0.9930601849477805,936048.0,93604.8,0.0,135202.6,13520.26,0.8555601849477805,59148.700000000004,5914.870000000001,0.9368101849477805,32822.350000000006,3282.2350000000006,0.9649351849477805
cost-p8192-q256-s58,8192,256,8192,58,100,58503,406,58097,0.9930601849477805,936048.0,9360.48,0.0,135202.6,1352.026,0.8555601849477805,59148.700000000004,591.4870000000001,0.9368101849477805,32822.350000000006,328.22350000000006,0.9649351849477805
cost-p8192-q256-s58,8192,256,8192,58,1000,58503,406,58097,0.9930601849477805,936048.0,936.048,0.0,135202.6,135.20260000000002,0.8555601849477805,59148.700000000004,59.148700000000005,0.9368101849477805,32822.350000000006,32.82235000000001,0.9649351849477805
cost-p8192-q256-s59,8192,256,8192,59,1,66743,406,66337,0.9939169650749892,1067888.0,1067888.0,0.0,153330.6,153330.6,0.8564169650749892,66564.70000000001,66564.70000000001,0.9376669650749891,36530.350000000006,36530.350000000006,0.9657919650749892
cost-p8192-q256-s59,8192,256,8192,59,10,66743,406,66337,0.9939169650749892,1067888.0,106788.8,0.0,153330.6,15333.060000000001,0.8564169650749892,66564.70000000001,6656.470000000001,0.9376669650749891,36530.350000000006,3653.0350000000008,0.9657919650749892
cost-p8192-q256-s59,8192,256,8192,59,100,66743,406,66337,0.9939169650749892,1067888.0,10678.88,0.0,153330.6,1533.306,0.8564169650749892,66564.70000000001,665.6470000000002,0.9376669650749891,36530.350000000006,365.30350000000004,0.9657919650749892
cost-p8192-q256-s59,8192,256,8192,59,1000,66743,406,66337,0.9939169650749892,1067888.0,1067.888,0.0,153330.6,153.3306,0.8564169650749892,66564.70000000001,66.56470000000002,0.9376669650749891,36530.350000000006,36.530350000000006,0.9657919650749892
cost-p8192-q256-s60,8192,256,8192,60,1,33783,406,33377,0.9879821211852114,540528.0,540528.0,0.0,80818.6,80818.6,0.8504821211852115,36900.7,36900.7,0.9317321211852114,21698.35,21698.35,0.9598571211852115
cost-p8192-q256-s60,8192,256,8192,60,10,33783,406,33377,0.9879821211852114,540528.0,54052.8,0.0,80818.6,8081.860000000001,0.8504821211852115,36900.7,3690.0699999999997,0.9317321211852114,21698.35,2169.835,0.9598571211852115
cost-p8192-q256-s60,8192,256,8192,60,100,33783,406,33377,0.9879821211852114,540528.0,5405.28,0.0,80818.6,808.186,0.8504821211852115,36900.7,369.00699999999995,0.9317321211852114,21698.35,216.9835,0.9598571211852115
cost-p8192-q256-s60,8192,256,8192,60,1000,33783,406,33377,0.9879821211852114,540528.0,540.528,0.0,80818.6,80.8186,0.8504821211852115,36900.7,36.9007,0.9317321211852114,21698.35,21.698349999999998,0.9598571211852115
cost-p8192-q256-s61,8192,256,8192,61,1,42023,406,41617,0.9903386240868096,672368.0,672368.0,0.0,98946.6,98946.6,0.8528386240868097,44316.700000000004,44316.700000000004,0.9340886240868097,25406.350000000002,25406.350000000002,0.9622136240868097
cost-p8192-q256-s61,8192,256,8192,61,10,42023,406,41617,0.9903386240868096,672368.0,67236.8,0.0,98946.6,9894.66,0.8528386240868097,44316.700000000004,4431.67,0.9340886240868097,25406.350000000002,2540.635,0.9622136240868097
cost-p8192-q256-s61,8192,256,8192,61,100,42023,406,41617,0.9903386240868096,672368.0,6723.68,0.0,98946.6,989.466,0.8528386240868097,44316.700000000004,443.16700000000003,0.9340886240868097,25406.350000000002,254.06350000000003,0.9622136240868097
cost-p8192-q256-s61,8192,256,8192,61,1000,42023,406,41617,0.9903386240868096,672368.0,672.368,0.0,98946.6,98.9466,0.8528386240868097,44316.700000000004,44.316700000000004,0.9340886240868097,25406.350000000002,25.406350000000003,0.9622136240868097
cost-p8192-q256-s62,8192,256,8192,62,1,50263,406,49857,0.9919224877146211,804208.0,804208.0,0.0,117074.6,117074.6,0.8544224877146211,51732.700000000004,51732.700000000004,0.9356724877146212,29114.350000000002,29114.350000000002,0.9637974877146211
cost-p8192-q256-s62,8192,256,8192,62,10,50263,406,49857,0.9919224877146211,804208.0,80420.8,0.0,117074.6,11707.460000000001,0.8544224877146211,51732.700000000004,5173.27,0.9356724877146212,29114.350000000002,2911.4350000000004,0.9637974877146211
cost-p8192-q256-s62,8192,256,8192,62,100,50263,406,49857,0.9919224877146211,804208.0,8042.08,0.0,117074.6,1170.746,0.8544224877146211,51732.700000000004,517.327,0.9356724877146212,29114.350000000002,291.1435,0.9637974877146211
cost-p8192-q256-s62,8192,256,8192,62,1000,50263,406,49857,0.9919224877146211,804208.0,804.208,0.0,117074.6,117.0746,0.8544224877146211,51732.700000000004,51.7327,0.9356724877146212,29114.350000000002,29.11435,0.9637974877146211
cost-p8192-q256-s63,8192,256,8192,63,1,58503,406,58097,0.9930601849477805,936048.0,936048.0,0.0,135202.6,135202.6,0.8555601849477805,59148.700000000004,59148.700000000004,0.9368101849477805,32822.350000000006,32822.350000000006,0.9649351849477805
cost-p8192-q256-s63,8192,256,8192,63,10,58503,406,58097,0.9930601849477805,936048.0,93604.8,0.0,135202.6,13520.26,0.8555601849477805,59148.700000000004,5914.870000000001,0.9368101849477805,32822.350000000006,3282.2350000000006,0.9649351849477805
cost-p8192-q256-s63,8192,256,8192,63,100,58503,406,58097,0.9930601849477805,936048.0,9360.48,0.0,135202.6,1352.026,0.8555601849477805,59148.700000000004,591.4870000000001,0.9368101849477805,32822.350000000006,328.22350000000006,0.9649351849477805
cost-p8192-q256-s63,8192,256,8192,63,1000,58503,406,58097,0.9930601849477805,936048.0,936.048,0.0,135202.6,135.20260000000002,0.8555601849477805,59148.700000000004,59.148700000000005,0.9368101849477805,32822.350000000006,32.82235000000001,0.9649351849477805
cost-p8192-q256-s64,8192,256,8192,64,1,66743,406,66337,0.9939169650749892,1067888.0,1067888.0,0.0,153330.6,153330.6,0.8564169650749892,66564.70000000001,66564.70000000001,0.9376669650749891,36530.350000000006,36530.350000000006,0.9657919650749892
cost-p8192-q256-s64,8192,256,8192,64,10,66743,406,66337,0.9939169650749892,1067888.0,106788.8,0.0,153330.6,15333.060000000001,0.8564169650749892,66564.70000000001,6656.470000000001,0.9376669650749891,36530.350000000006,3653.0350000000008,0.9657919650749892
cost-p8192-q256-s64,8192,256,8192,64,100,66743,406,66337,0.9939169650749892,1067888.0,10678.88,0.0,153330.6,1533.306,0.8564169650749892,66564.70000000001,665.6470000000002,0.9376669650749891,36530.350000000006,365.30350000000004,0.9657919650749892
cost-p8192-q256-s64,8192,256,8192,64,1000,66743,406,66337,0.9939169650749892,1067888.0,1067.888,0.0,153330.6,153.3306,0.8564169650749892,66564.70000000001,66.56470000000002,0.9376669650749891,36530.350000000006,36.530350000000006,0.9657919650749892
cost-p8192-q256-s65,8192,256,8192,65,1,33783,406,33377,0.9879821211852114,540528.0,540528.0,0.0,80818.6,80818.6,0.8504821211852115,36900.7,36900.7,0.9317321211852114,21698.35,21698.35,0.9598571211852115
cost-p8192-q256-s65,8192,256,8192,65,10,33783,406,33377,0.9879821211852114,540528.0,54052.8,0.0,80818.6,8081.860000000001,0.8504821211852115,36900.7,3690.0699999999997,0.9317321211852114,21698.35,2169.835,0.9598571211852115
cost-p8192-q256-s65,8192,256,8192,65,100,33783,406,33377,0.9879821211852114,540528.0,5405.28,0.0,80818.6,808.186,0.8504821211852115,36900.7,369.00699999999995,0.9317321211852114,21698.35,216.9835,0.9598571211852115
cost-p8192-q256-s65,8192,256,8192,65,1000,33783,406,33377,0.9879821211852114,540528.0,540.528,0.0,80818.6,80.8186,0.8504821211852115,36900.7,36.9007,0.9317321211852114,21698.35,21.698349999999998,0.9598571211852115
cost-p8192-q256-s66,8192,256,8192,66,1,42023,406,41617,0.9903386240868096,672368.0,672368.0,0.0,98946.6,98946.6,0.8528386240868097,44316.700000000004,44316.700000000004,0.9340886240868097,25406.350000000002,25406.350000000002,0.9622136240868097
cost-p8192-q256-s66,8192,256,8192,66,10,42023,406,41617,0.9903386240868096,672368.0,67236.8,0.0,98946.6,9894.66,0.8528386240868097,44316.700000000004,4431.67,0.9340886240868097,25406.350000000002,2540.635,0.9622136240868097
cost-p8192-q256-s66,8192,256,8192,66,100,42023,406,41617,0.9903386240868096,672368.0,6723.68,0.0,98946.6,989.466,0.8528386240868097,44316.700000000004,443.16700000000003,0.9340886240868097,25406.350000000002,254.06350000000003,0.9622136240868097
cost-p8192-q256-s66,8192,256,8192,66,1000,42023,406,41617,0.9903386240868096,672368.0,672.368,0.0,98946.6,98.9466,0.8528386240868097,44316.700000000004,44.316700000000004,0.9340886240868097,25406.350000000002,25.406350000000003,0.9622136240868097
cost-p8192-q256-s67,8192,256,8192,67,1,50263,406,49857,0.9919224877146211,804208.0,804208.0,0.0,117074.6,117074.6,0.8544224877146211,51732.700000000004,51732.700000000004,0.9356724877146212,29114.350000000002,29114.350000000002,0.9637974877146211
cost-p8192-q256-s67,8192,256,8192,67,10,50263,406,49857,0.9919224877146211,804208.0,80420.8,0.0,117074.6,11707.460000000001,0.8544224877146211,51732.700000000004,5173.27,0.9356724877146212,29114.350000000002,2911.4350000000004,0.9637974877146211
cost-p8192-q256-s67,8192,256,8192,67,100,50263,406,49857,0.9919224877146211,804208.0,8042.08,0.0,117074.6,1170.746,0.8544224877146211,51732.700000000004,517.327,0.9356724877146212,29114.350000000002,291.1435,0.9637974877146211
cost-p8192-q256-s67,8192,256,8192,67,1000,50263,406,49857,0.9919224877146211,804208.0,804.208,0.0,117074.6,117.0746,0.8544224877146211,51732.700000000004,51.7327,0.9356724877146212,29114.350000000002,29.11435,0.9637974877146211
cost-p8192-q256-s68,8192,256,8192,68,1,58503,406,58097,0.9930601849477805,936048.0,936048.0,0.0,135202.6,135202.6,0.8555601849477805,59148.700000000004,59148.700000000004,0.9368101849477805,32822.350000000006,32822.350000000006,0.9649351849477805
cost-p8192-q256-s68,8192,256,8192,68,10,58503,406,58097,0.9930601849477805,936048.0,93604.8,0.0,135202.6,13520.26,0.8555601849477805,59148.700000000004,5914.870000000001,0.9368101849477805,32822.350000000006,3282.2350000000006,0.9649351849477805
cost-p8192-q256-s68,8192,256,8192,68,100,58503,406,58097,0.9930601849477805,936048.0,9360.48,0.0,135202.6,1352.026,0.8555601849477805,59148.700000000004,591.4870000000001,0.9368101849477805,32822.350000000006,328.22350000000006,0.9649351849477805
cost-p8192-q256-s68,8192,256,8192,68,1000,58503,406,58097,0.9930601849477805,936048.0,936.048,0.0,135202.6,135.20260000000002,0.8555601849477805,59148.700000000004,59.148700000000005,0.9368101849477805,32822.350000000006,32.82235000000001,0.9649351849477805
cost-p8192-q256-s69,8192,256,8192,69,1,66743,406,66337,0.9939169650749892,1067888.0,1067888.0,0.0,153330.6,153330.6,0.8564169650749892,66564.70000000001,66564.70000000001,0.9376669650749891,36530.350000000006,36530.350000000006,0.9657919650749892
cost-p8192-q256-s69,8192,256,8192,69,10,66743,406,66337,0.9939169650749892,1067888.0,106788.8,0.0,153330.6,15333.060000000001,0.8564169650749892,66564.70000000001,6656.470000000001,0.9376669650749891,36530.350000000006,3653.0350000000008,0.9657919650749892
cost-p8192-q256-s69,8192,256,8192,69,100,66743,406,66337,0.9939169650749892,1067888.0,10678.88,0.0,153330.6,1533.306,0.8564169650749892,66564.70000000001,665.6470000000002,0.9376669650749891,36530.350000000006,365.30350000000004,0.9657919650749892
cost-p8192-q256-s69,8192,256,8192,69,1000,66743,406,66337,0.9939169650749892,1067888.0,1067.888,0.0,153330.6,153.3306,0.8564169650749892,66564.70000000001,66.56470000000002,0.9376669650749891,36530.350000000006,36.530350000000006,0.9657919650749892
cost-p8192-q256-s70,8192,256,8192,70,1,33783,406,33377,0.9879821211852114,540528.0,540528.0,0.0,80818.6,80818.6,0.8504821211852115,36900.7,36900.7,0.9317321211852114,21698.35,21698.35,0.9598571211852115
cost-p8192-q256-s70,8192,256,8192,70,10,33783,406,33377,0.9879821211852114,540528.0,54052.8,0.0,80818.6,8081.860000000001,0.8504821211852115,36900.7,3690.0699999999997,0.9317321211852114,21698.35,2169.835,0.9598571211852115
cost-p8192-q256-s70,8192,256,8192,70,100,33783,406,33377,0.9879821211852114,540528.0,5405.28,0.0,80818.6,808.186,0.8504821211852115,36900.7,369.00699999999995,0.9317321211852114,21698.35,216.9835,0.9598571211852115
cost-p8192-q256-s70,8192,256,8192,70,1000,33783,406,33377,0.9879821211852114,540528.0,540.528,0.0,80818.6,80.8186,0.8504821211852115,36900.7,36.9007,0.9317321211852114,21698.35,21.698349999999998,0.9598571211852115
cost-p8192-q256-s71,8192,256,8192,71,1,42023,406,41617,0.9903386240868096,672368.0,672368.0,0.0,98946.6,98946.6,0.8528386240868097,44316.700000000004,44316.700000000004,0.9340886240868097,25406.350000000002,25406.350000000002,0.9622136240868097
cost-p8192-q256-s71,8192,256,8192,71,10,42023,406,41617,0.9903386240868096,672368.0,67236.8,0.0,98946.6,9894.66,0.8528386240868097,44316.700000000004,4431.67,0.9340886240868097,25406.350000000002,2540.635,0.9622136240868097
cost-p8192-q256-s71,8192,256,8192,71,100,42023,406,41617,0.9903386240868096,672368.0,6723.68,0.0,98946.6,989.466,0.8528386240868097,44316.700000000004,443.16700000000003,0.9340886240868097,25406.350000000002,254.06350000000003,0.9622136240868097
cost-p8192-q256-s71,8192,256,8192,71,1000,42023,406,41617,0.9903386240868096,672368.0,672.368,0.0,98946.6,98.9466,0.8528386240868097,44316.700000000004,44.316700000000004,0.9340886240868097,25406.350000000002,25.406350000000003,0.9622136240868097
cost-p8192-q256-s72,8192,256,8192,72,1,50263,406,49857,0.9919224877146211,804208.0,804208.0,0.0,117074.6,117074.6,0.8544224877146211,51732.700000000004,51732.700000000004,0.9356724877146212,29114.350000000002,29114.350000000002,0.9637974877146211
cost-p8192-q256-s72,8192,256,8192,72,10,50263,406,49857,0.9919224877146211,804208.0,80420.8,0.0,117074.6,11707.460000000001,0.8544224877146211,51732.700000000004,5173.27,0.9356724877146212,29114.350000000002,2911.4350000000004,0.9637974877146211
cost-p8192-q256-s72,8192,256,8192,72,100,50263,406,49857,0.9919224877146211,804208.0,8042.08,0.0,117074.6,1170.746,0.8544224877146211,51732.700000000004,517.327,0.9356724877146212,29114.350000000002,291.1435,0.9637974877146211
cost-p8192-q256-s72,8192,256,8192,72,1000,50263,406,49857,0.9919224877146211,804208.0,804.208,0.0,117074.6,117.0746,0.8544224877146211,51732.700000000004,51.7327,0.9356724877146212,29114.350000000002,29.11435,0.9637974877146211
cost-p8192-q256-s73,8192,256,8192,73,1,58503,406,58097,0.9930601849477805,936048.0,936048.0,0.0,135202.6,135202.6,0.8555601849477805,59148.700000000004,59148.700000000004,0.9368101849477805,32822.350000000006,32822.350000000006,0.9649351849477805
cost-p8192-q256-s73,8192,256,8192,73,10,58503,406,58097,0.9930601849477805,936048.0,93604.8,0.0,135202.6,13520.26,0.8555601849477805,59148.700000000004,5914.870000000001,0.9368101849477805,32822.350000000006,3282.2350000000006,0.9649351849477805
cost-p8192-q256-s73,8192,256,8192,73,100,58503,406,58097,0.9930601849477805,936048.0,9360.48,0.0,135202.6,1352.026,0.8555601849477805,59148.700000000004,591.4870000000001,0.9368101849477805,32822.350000000006,328.22350000000006,0.9649351849477805
cost-p8192-q256-s73,8192,256,8192,73,1000,58503,406,58097,0.9930601849477805,936048.0,936.048,0.0,135202.6,135.20260000000002,0.8555601849477805,59148.700000000004,59.148700000000005,0.9368101849477805,32822.350000000006,32.82235000000001,0.9649351849477805
cost-p8192-q256-s74,8192,256,8192,74,1,66743,406,66337,0.9939169650749892,1067888.0,1067888.0,0.0,153330.6,153330.6,0.8564169650749892,66564.70000000001,66564.70000000001,0.9376669650749891,36530.350000000006,36530.350000000006,0.9657919650749892
cost-p8192-q256-s74,8192,256,8192,74,10,66743,406,66337,0.9939169650749892,1067888.0,106788.8,0.0,153330.6,15333.060000000001,0.8564169650749892,66564.70000000001,6656.470000000001,0.9376669650749891,36530.350000000006,3653.0350000000008,0.9657919650749892
cost-p8192-q256-s74,8192,256,8192,74,100,66743,406,66337,0.9939169650749892,1067888.0,10678.88,0.0,153330.6,1533.306,0.8564169650749892,66564.70000000001,665.6470000000002,0.9376669650749891,36530.350000000006,365.30350000000004,0.9657919650749892
cost-p8192-q256-s74,8192,256,8192,74,1000,66743,406,66337,0.9939169650749892,1067888.0,1067.888,0.0,153330.6,153.3306,0.8564169650749892,66564.70000000001,66.56470000000002,0.9376669650749891,36530.350000000006,36.530350000000006,0.9657919650749892
cost-p8192-q256-s75,8192,256,8192,75,1,33783,406,33377,0.9879821211852114,540528.0,540528.0,0.0,80818.6,80818.6,0.8504821211852115,36900.7,36900.7,0.9317321211852114,21698.35,21698.35,0.9598571211852115
cost-p8192-q256-s75,8192,256,8192,75,10,33783,406,33377,0.9879821211852114,540528.0,54052.8,0.0,80818.6,8081.860000000001,0.8504821211852115,36900.7,3690.0699999999997,0.9317321211852114,21698.35,2169.835,0.9598571211852115
cost-p8192-q256-s75,8192,256,8192,75,100,33783,406,33377,0.9879821211852114,540528.0,5405.28,0.0,80818.6,808.186,0.8504821211852115,36900.7,369.00699999999995,0.9317321211852114,21698.35,216.9835,0.9598571211852115
cost-p8192-q256-s75,8192,256,8192,75,1000,33783,406,33377,0.9879821211852114,540528.0,540.528,0.0,80818.6,80.8186,0.8504821211852115,36900.7,36.9007,0.9317321211852114,21698.35,21.698349999999998,0.9598571211852115
cost-p8192-q256-s76,8192,256,8192,76,1,42023,406,41617,0.9903386240868096,672368.0,672368.0,0.0,98946.6,98946.6,0.8528386240868097,44316.700000000004,44316.700000000004,0.9340886240868097,25406.350000000002,25406.350000000002,0.9622136240868097
cost-p8192-q256-s76,8192,256,8192,76,10,42023,406,41617,0.9903386240868096,672368.0,67236.8,0.0,98946.6,9894.66,0.8528386240868097,44316.700000000004,4431.67,0.9340886240868097,25406.350000000002,2540.635,0.9622136240868097
cost-p8192-q256-s76,8192,256,8192,76,100,42023,406,41617,0.9903386240868096,672368.0,6723.68,0.0,98946.6,989.466,0.8528386240868097,44316.700000000004,443.16700000000003,0.9340886240868097,25406.350000000002,254.06350000000003,0.9622136240868097
cost-p8192-q256-s76,8192,256,8192,76,1000,42023,406,41617,0.9903386240868096,672368.0,672.368,0.0,98946.6,98.9466,0.8528386240868097,44316.700000000004,44.316700000000004,0.9340886240868097,25406.350000000002,25.406350000000003,0.9622136240868097
cost-p8192-q256-s77,8192,256,8192,77,1,50263,406,49857,0.9919224877146211,804208.0,804208.0,0.0,117074.6,117074.6,0.8544224877146211,51732.700000000004,51732.700000000004,0.9356724877146212,29114.350000000002,29114.350000000002,0.9637974877146211
cost-p8192-q256-s77,8192,256,8192,77,10,50263,406,49857,0.9919224877146211,804208.0,80420.8,0.0,117074.6,11707.460000000001,0.8544224877146211,51732.700000000004,5173.27,0.9356724877146212,29114.350000000002,2911.4350000000004,0.9637974877146211
cost-p8192-q256-s77,8192,256,8192,77,100,50263,406,49857,0.9919224877146211,804208.0,8042.08,0.0,117074.6,1170.746,0.8544224877146211,51732.700000000004,517.327,0.9356724877146212,29114.350000000002,291.1435,0.9637974877146211
cost-p8192-q256-s77,8192,256,8192,77,1000,50263,406,49857,0.9919224877146211,804208.0,804.208,0.0,117074.6,117.0746,0.8544224877146211,51732.700000000004,51.7327,0.9356724877146212,29114.350000000002,29.11435,0.9637974877146211
cost-p8192-q256-s78,8192,256,8192,78,1,58503,406,58097,0.9930601849477805,936048.0,936048.0,0.0,135202.6,135202.6,0.8555601849477805,59148.700000000004,59148.700000000004,0.9368101849477805,32822.350000000006,32822.350000000006,0.9649351849477805
cost-p8192-q256-s78,8192,256,8192,78,10,58503,406,58097,0.9930601849477805,936048.0,93604.8,0.0,135202.6,13520.26,0.8555601849477805,59148.700000000004,5914.870000000001,0.9368101849477805,32822.350000000006,3282.2350000000006,0.9649351849477805
cost-p8192-q256-s78,8192,256,8192,78,100,58503,406,58097,0.9930601849477805,936048.0,9360.48,0.0,135202.6,1352.026,0.8555601849477805,59148.700000000004,591.4870000000001,0.9368101849477805,32822.350000000006,328.22350000000006,0.9649351849477805
cost-p8192-q256-s78,8192,256,8192,78,1000,58503,406,58097,0.9930601849477805,936048.0,936.048,0.0,135202.6,135.20260000000002,0.8555601849477805,59148.700000000004,59.148700000000005,0.9368101849477805,32822.350000000006,32.82235000000001,0.9649351849477805
cost-p8192-q256-s79,8192,256,8192,79,1,66743,406,66337,0.9939169650749892,1067888.0,1067888.0,0.0,153330.6,153330.6,0.8564169650749892,66564.70000000001,66564.70000000001,0.9376669650749891,36530.350000000006,36530.350000000006,0.9657919650749892
cost-p8192-q256-s79,8192,256,8192,79,10,66743,406,66337,0.9939169650749892,1067888.0,106788.8,0.0,153330.6,15333.060000000001,0.8564169650749892,66564.70000000001,6656.470000000001,0.9376669650749891,36530.350000000006,3653.0350000000008,0.9657919650749892
cost-p8192-q256-s79,8192,256,8192,79,100,66743,406,66337,0.9939169650749892,1067888.0,10678.88,0.0,153330.6,1533.306,0.8564169650749892,66564.70000000001,665.6470000000002,0.9376669650749891,36530.350000000006,365.30350000000004,0.9657919650749892
cost-p8192-q256-s79,8192,256,8192,79,1000,66743,406,66337,0.9939169650749892,1067888.0,1067.888,0.0,153330.6,153.3306,0.8564169650749892,66564.70000000001,66.56470000000002,0.9376669650749891,36530.350000000006,36.530350000000006,0.9657919650749892
cost-p8192-q256-s80,8192,256,8192,80,1,33783,406,33377,0.9879821211852114,540528.0,540528.0,0.0,80818.6,80818.6,0.8504821211852115,36900.7,36900.7,0.9317321211852114,21698.35,21698.35,0.9598571211852115
cost-p8192-q256-s80,8192,256,8192,80,10,33783,406,33377,0.9879821211852114,540528.0,54052.8,0.0,80818.6,8081.860000000001,0.8504821211852115,36900.7,3690.0699999999997,0.9317321211852114,21698.35,2169.835,0.9598571211852115
cost-p8192-q256-s80,8192,256,8192,80,100,33783,406,33377,0.9879821211852114,540528.0,5405.28,0.0,80818.6,808.186,0.8504821211852115,36900.7,369.00699999999995,0.9317321211852114,21698.35,216.9835,0.9598571211852115
cost-p8192-q256-s80,8192,256,8192,80,1000,33783,406,33377,0.9879821211852114,540528.0,540.528,0.0,80818.6,80.8186,0.8504821211852115,36900.7,36.9007,0.9317321211852114,21698.35,21.698349999999998,0.9598571211852115
cost-p8192-q256-s81,8192,256,8192,81,1,42023,406,41617,0.9903386240868096,672368.0,672368.0,0.0,98946.6,98946.6,0.8528386240868097,44316.700000000004,44316.700000000004,0.9340886240868097,25406.350000000002,25406.350000000002,0.9622136240868097
cost-p8192-q256-s81,8192,256,8192,81,10,42023,406,41617,0.9903386240868096,672368.0,67236.8,0.0,98946.6,9894.66,0.8528386240868097,44316.700000000004,4431.67,0.9340886240868097,25406.350000000002,2540.635,0.9622136240868097
cost-p8192-q256-s81,8192,256,8192,81,100,42023,406,41617,0.9903386240868096,672368.0,6723.68,0.0,98946.6,989.466,0.8528386240868097,44316.700000000004,443.16700000000003,0.9340886240868097,25406.350000000002,254.06350000000003,0.9622136240868097
cost-p8192-q256-s81,8192,256,8192,81,1000,42023,406,41617,0.9903386240868096,672368.0,672.368,0.0,98946.6,98.9466,0.8528386240868097,44316.700000000004,44.316700000000004,0.9340886240868097,25406.350000000002,25.406350000000003,0.9622136240868097
cost-p8192-q256-s82,8192,256,8192,82,1,50263,406,49857,0.9919224877146211,804208.0,804208.0,0.0,117074.6,117074.6,0.8544224877146211,51732.700000000004,51732.700000000004,0.9356724877146212,29114.350000000002,29114.350000000002,0.9637974877146211
cost-p8192-q256-s82,8192,256,8192,82,10,50263,406,49857,0.9919224877146211,804208.0,80420.8,0.0,117074.6,11707.460000000001,0.8544224877146211,51732.700000000004,5173.27,0.9356724877146212,29114.350000000002,2911.4350000000004,0.9637974877146211
cost-p8192-q256-s82,8192,256,8192,82,100,50263,406,49857,0.9919224877146211,804208.0,8042.08,0.0,117074.6,1170.746,0.8544224877146211,51732.700000000004,517.327,0.9356724877146212,29114.350000000002,291.1435,0.9637974877146211
cost-p8192-q256-s82,8192,256,8192,82,1000,50263,406,49857,0.9919224877146211,804208.0,804.208,0.0,117074.6,117.0746,0.8544224877146211,51732.700000000004,51.7327,0.9356724877146212,29114.350000000002,29.11435,0.9637974877146211
cost-p8192-q256-s83,8192,256,8192,83,1,58503,406,58097,0.9930601849477805,936048.0,936048.0,0.0,135202.6,135202.6,0.8555601849477805,59148.700000000004,59148.700000000004,0.9368101849477805,32822.350000000006,32822.350000000006,0.9649351849477805
cost-p8192-q256-s83,8192,256,8192,83,10,58503,406,58097,0.9930601849477805,936048.0,93604.8,0.0,135202.6,13520.26,0.8555601849477805,59148.700000000004,5914.870000000001,0.9368101849477805,32822.350000000006,3282.2350000000006,0.9649351849477805
cost-p8192-q256-s83,8192,256,8192,83,100,58503,406,58097,0.9930601849477805,936048.0,9360.48,0.0,135202.6,1352.026,0.8555601849477805,59148.700000000004,591.4870000000001,0.9368101849477805,32822.350000000006,328.22350000000006,0.9649351849477805
cost-p8192-q256-s83,8192,256,8192,83,1000,58503,406,58097,0.9930601849477805,936048.0,936.048,0.0,135202.6,135.20260000000002,0.8555601849477805,59148.700000000004,59.148700000000005,0.9368101849477805,32822.350000000006,32.82235000000001,0.9649351849477805
cost-p8192-q256-s84,8192,256,8192,84,1,66743,406,66337,0.9939169650749892,1067888.0,1067888.0,0.0,153330.6,153330.6,0.8564169650749892,66564.70000000001,66564.70000000001,0.9376669650749891,36530.350000000006,36530.350000000006,0.9657919650749892
cost-p8192-q256-s84,8192,256,8192,84,10,66743,406,66337,0.9939169650749892,1067888.0,106788.8,0.0,153330.6,15333.060000000001,0.8564169650749892,66564.70000000001,6656.470000000001,0.9376669650749891,36530.350000000006,3653.0350000000008,0.9657919650749892
cost-p8192-q256-s84,8192,256,8192,84,100,66743,406,66337,0.9939169650749892,1067888.0,10678.88,0.0,153330.6,1533.306,0.8564169650749892,66564.70000000001,665.6470000000002,0.9376669650749891,36530.350000000006,365.30350000000004,0.9657919650749892
cost-p8192-q256-s84,8192,256,8192,84,1000,66743,406,66337,0.9939169650749892,1067888.0,1067.888,0.0,153330.6,153.3306,0.8564169650749892,66564.70000000001,66.56470000000002,0.9376669650749891,36530.350000000006,36.530350000000006,0.9657919650749892
cost-p8192-q256-s85,8192,256,8192,85,1,33783,406,33377,0.9879821211852114,540528.0,540528.0,0.0,80818.6,80818.6,0.8504821211852115,36900.7,36900.7,0.9317321211852114,21698.35,21698.35,0.9598571211852115
cost-p8192-q256-s85,8192,256,8192,85,10,33783,406,33377,0.9879821211852114,540528.0,54052.8,0.0,80818.6,8081.860000000001,0.8504821211852115,36900.7,3690.0699999999997,0.9317321211852114,21698.35,2169.835,0.9598571211852115
cost-p8192-q256-s85,8192,256,8192,85,100,33783,406,33377,0.9879821211852114,540528.0,5405.28,0.0,80818.6,808.186,0.8504821211852115,36900.7,369.00699999999995,0.9317321211852114,21698.35,216.9835,0.9598571211852115
cost-p8192-q256-s85,8192,256,8192,85,1000,33783,406,33377,0.9879821211852114,540528.0,540.528,0.0,80818.6,80.8186,0.8504821211852115,36900.7,36.9007,0.9317321211852114,21698.35,21.698349999999998,0.9598571211852115
cost-p8192-q256-s86,8192,256,8192,86,1,42023,406,41617,0.9903386240868096,672368.0,672368.0,0.0,98946.6,98946.6,0.8528386240868097,44316.700000000004,44316.700000000004,0.9340886240868097,25406.350000000002,25406.350000000002,0.9622136240868097
cost-p8192-q256-s86,8192,256,8192,86,10,42023,406,41617,0.9903386240868096,672368.0,67236.8,0.0,98946.6,9894.66,0.8528386240868097,44316.700000000004,4431.67,0.9340886240868097,25406.350000000002,2540.635,0.9622136240868097
cost-p8192-q256-s86,8192,256,8192,86,100,42023,406,41617,0.9903386240868096,672368.0,6723.68,0.0,98946.6,989.466,0.8528386240868097,44316.700000000004,443.16700000000003,0.9340886240868097,25406.350000000002,254.06350000000003,0.9622136240868097
cost-p8192-q256-s86,8192,256,8192,86,1000,42023,406,41617,0.9903386240868096,672368.0,672.368,0.0,98946.6,98.9466,0.8528386240868097,44316.700000000004,44.316700000000004,0.9340886240868097,25406.350000000002,25.406350000000003,0.9622136240868097
cost-p8192-q256-s87,8192,256,8192,87,1,50263,406,49857,0.9919224877146211,804208.0,804208.0,0.0,117074.6,117074.6,0.8544224877146211,51732.700000000004,51732.700000000004,0.9356724877146212,29114.350000000002,29114.350000000002,0.9637974877146211
cost-p8192-q256-s87,8192,256,8192,87,10,50263,406,49857,0.9919224877146211,804208.0,80420.8,0.0,117074.6,11707.460000000001,0.8544224877146211,51732.700000000004,5173.27,0.9356724877146212,29114.350000000002,2911.4350000000004,0.9637974877146211
cost-p8192-q256-s87,8192,256,8192,87,100,50263,406,49857,0.9919224877146211,804208.0,8042.08,0.0,117074.6,1170.746,0.8544224877146211,51732.700000000004,517.327,0.9356724877146212,29114.350000000002,291.1435,0.9637974877146211
cost-p8192-q256-s87,8192,256,8192,87,1000,50263,406,49857,0.9919224877146211,804208.0,804.208,0.0,117074.6,117.0746,0.8544224877146211,51732.700000000004,51.7327,0.9356724877146212,29114.350000000002,29.11435,0.9637974877146211
cost-p8192-q256-s88,8192,256,8192,88,1,58503,406,58097,0.9930601849477805,936048.0,936048.0,0.0,135202.6,135202.6,0.8555601849477805,59148.700000000004,59148.700000000004,0.9368101849477805,32822.350000000006,32822.350000000006,0.9649351849477805
cost-p8192-q256-s88,8192,256,8192,88,10,58503,406,58097,0.9930601849477805,936048.0,93604.8,0.0,135202.6,13520.26,0.8555601849477805,59148.700000000004,5914.870000000001,0.9368101849477805,32822.350000000006,3282.2350000000006,0.9649351849477805
cost-p8192-q256-s88,8192,256,8192,88,100,58503,406,58097,0.9930601849477805,936048.0,9360.48,0.0,135202.6,1352.026,0.8555601849477805,59148.700000000004,591.4870000000001,0.9368101849477805,32822.350000000006,328.22350000000006,0.9649351849477805
cost-p8192-q256-s88,8192,256,8192,88,1000,58503,406,58097,0.9930601849477805,936048.0,936.048,0.0,135202.6,135.20260000000002,0.8555601849477805,59148.700000000004,59.148700000000005,0.9368101849477805,32822.350000000006,32.82235000000001,0.9649351849477805
cost-p8192-q256-s89,8192,256,8192,89,1,66743,406,66337,0.9939169650749892,1067888.0,1067888.0,0.0,153330.6,153330.6,0.8564169650749892,66564.70000000001,66564.70000000001,0.9376669650749891,36530.350000000006,36530.350000000006,0.9657919650749892
cost-p8192-q256-s89,8192,256,8192,89,10,66743,406,66337,0.9939169650749892,1067888.0,106788.8,0.0,153330.6,15333.060000000001,0.8564169650749892,66564.70000000001,6656.470000000001,0.9376669650749891,36530.350000000006,3653.0350000000008,0.9657919650749892
cost-p8192-q256-s89,8192,256,8192,89,100,66743,406,66337,0.9939169650749892,1067888.0,10678.88,0.0,153330.6,1533.306,0.8564169650749892,66564.70000000001,665.6470000000002,0.9376669650749891,36530.350000000006,365.30350000000004,0.9657919650749892
cost-p8192-q256-s89,8192,256,8192,89,1000,66743,406,66337,0.9939169650749892,1067888.0,1067.888,0.0,153330.6,153.3306,0.8564169650749892,66564.70000000001,66.56470000000002,0.9376669650749891,36530.350000000006,36.530350000000006,0.9657919650749892
cost-p8192-q256-s90,8192,256,8192,90,1,33783,406,33377,0.9879821211852114,540528.0,540528.0,0.0,80818.6,80818.6,0.8504821211852115,36900.7,36900.7,0.9317321211852114,21698.35,21698.35,0.9598571211852115
cost-p8192-q256-s90,8192,256,8192,90,10,33783,406,33377,0.9879821211852114,540528.0,54052.8,0.0,80818.6,8081.860000000001,0.8504821211852115,36900.7,3690.0699999999997,0.9317321211852114,21698.35,2169.835,0.9598571211852115
cost-p8192-q256-s90,8192,256,8192,90,100,33783,406,33377,0.9879821211852114,540528.0,5405.28,0.0,80818.6,808.186,0.8504821211852115,36900.7,369.00699999999995,0.9317321211852114,21698.35,216.9835,0.9598571211852115
cost-p8192-q256-s90,8192,256,8192,90,1000,33783,406,33377,0.9879821211852114,540528.0,540.528,0.0,80818.6,80.8186,0.8504821211852115,36900.7,36.9007,0.9317321211852114,21698.35,21.698349999999998,0.9598571211852115
cost-p8192-q256-s91,8192,256,8192,91,1,42023,406,41617,0.9903386240868096,672368.0,672368.0,0.0,98946.6,98946.6,0.8528386240868097,44316.700000000004,44316.700000000004,0.9340886240868097,25406.350000000002,25406.350000000002,0.9622136240868097
cost-p8192-q256-s91,8192,256,8192,91,10,42023,406,41617,0.9903386240868096,672368.0,67236.8,0.0,98946.6,9894.66,0.8528386240868097,44316.700000000004,4431.67,0.9340886240868097,25406.350000000002,2540.635,0.9622136240868097
cost-p8192-q256-s91,8192,256,8192,91,100,42023,406,41617,0.9903386240868096,672368.0,6723.68,0.0,98946.6,989.466,0.8528386240868097,44316.700000000004,443.16700000000003,0.9340886240868097,25406.350000000002,254.06350000000003,0.9622136240868097
cost-p8192-q256-s91,8192,256,8192,91,1000,42023,406,41617,0.9903386240868096,672368.0,672.368,0.0,98946.6,98.9466,0.8528386240868097,44316.700000000004,44.316700000000004,0.9340886240868097,25406.350000000002,25.406350000000003,0.9622136240868097
cost-p8192-q256-s92,8192,256,8192,92,1,50263,406,49857,0.9919224877146211,804208.0,804208.0,0.0,117074.6,117074.6,0.8544224877146211,51732.700000000004,51732.700000000004,0.9356724877146212,29114.350000000002,29114.350000000002,0.9637974877146211
cost-p8192-q256-s92,8192,256,8192,92,10,50263,406,49857,0.9919224877146211,804208.0,80420.8,0.0,117074.6,11707.460000000001,0.8544224877146211,51732.700000000004,5173.27,0.9356724877146212,29114.350000000002,2911.4350000000004,0.9637974877146211
cost-p8192-q256-s92,8192,256,8192,92,100,50263,406,49857,0.9919224877146211,804208.0,8042.08,0.0,117074.6,1170.746,0.8544224877146211,51732.700000000004,517.327,0.9356724877146212,29114.350000000002,291.1435,0.9637974877146211
cost-p8192-q256-s92,8192,256,8192,92,1000,50263,406,49857,0.9919224877146211,804208.0,804.208,0.0,117074.6,117.0746,0.8544224877146211,51732.700000000004,51.7327,0.9356724877146212,29114.350000000002,29.11435,0.9637974877146211
cost-p8192-q256-s93,8192,256,8192,93,1,58503,406,58097,0.9930601849477805,936048.0,936048.0,0.0,135202.6,135202.6,0.8555601849477805,59148.700000000004,59148.700000000004,0.9368101849477805,32822.350000000006,32822.350000000006,0.9649351849477805
cost-p8192-q256-s93,8192,256,8192,93,10,58503,406,58097,0.9930601849477805,936048.0,93604.8,0.0,135202.6,13520.26,0.8555601849477805,59148.700000000004,5914.870000000001,0.9368101849477805,32822.350000000006,3282.2350000000006,0.9649351849477805
cost-p8192-q256-s93,8192,256,8192,93,100,58503,406,58097,0.9930601849477805,936048.0,9360.48,0.0,135202.6,1352.026,0.8555601849477805,59148.700000000004,591.4870000000001,0.9368101849477805,32822.350000000006,328.22350000000006,0.9649351849477805
cost-p8192-q256-s93,8192,256,8192,93,1000,58503,406,58097,0.9930601849477805,936048.0,936.048,0.0,135202.6,135.20260000000002,0.8555601849477805,59148.700000000004,59.148700000000005,0.9368101849477805,32822.350000000006,32.82235000000001,0.9649351849477805
cost-p8192-q256-s94,8192,256,8192,94,1,66743,406,66337,0.9939169650749892,1067888.0,1067888.0,0.0,153330.6,153330.6,0.8564169650749892,66564.70000000001,66564.70000000001,0.9376669650749891,36530.350000000006,36530.350000000006,0.9657919650749892
cost-p8192-q256-s94,8192,256,8192,94,10,66743,406,66337,0.9939169650749892,1067888.0,106788.8,0.0,153330.6,15333.060000000001,0.8564169650749892,66564.70000000001,6656.470000000001,0.9376669650749891,36530.350000000006,3653.0350000000008,0.9657919650749892
cost-p8192-q256-s94,8192,256,8192,94,100,66743,406,66337,0.9939169650749892,1067888.0,10678.88,0.0,153330.6,1533.306,0.8564169650749892,66564.70000000001,665.6470000000002,0.9376669650749891,36530.350000000006,365.30350000000004,0.9657919650749892
cost-p8192-q256-s94,8192,256,8192,94,1000,66743,406,66337,0.9939169650749892,1067888.0,1067.888,0.0,153330.6,153.3306,0.8564169650749892,66564.70000000001,66.56470000000002,0.9376669650749891,36530.350000000006,36.530350000000006,0.9657919650749892
cost-p8192-q256-s95,8192,256,8192,95,1,33783,406,33377,0.9879821211852114,540528.0,540528.0,0.0,80818.6,80818.6,0.8504821211852115,36900.7,36900.7,0.9317321211852114,21698.35,21698.35,0.9598571211852115
cost-p8192-q256-s95,8192,256,8192,95,10,33783,406,33377,0.9879821211852114,540528.0,54052.8,0.0,80818.6,8081.860000000001,0.8504821211852115,36900.7,3690.0699999999997,0.9317321211852114,21698.35,2169.835,0.9598571211852115
cost-p8192-q256-s95,8192,256,8192,95,100,33783,406,33377,0.9879821211852114,540528.0,5405.28,0.0,80818.6,808.186,0.8504821211852115,36900.7,369.00699999999995,0.9317321211852114,21698.35,216.9835,0.9598571211852115
cost-p8192-q256-s95,8192,256,8192,95,1000,33783,406,33377,0.9879821211852114,540528.0,540.528,0.0,80818.6,80.8186,0.8504821211852115,36900.7,36.9007,0.9317321211852114,21698.35,21.698349999999998,0.9598571211852115
cost-p8192-q256-s96,8192,256,8192,96,1,42023,406,41617,0.9903386240868096,672368.0,672368.0,0.0,98946.6,98946.6,0.8528386240868097,44316.700000000004,44316.700000000004,0.9340886240868097,25406.350000000002,25406.350000000002,0.9622136240868097
cost-p8192-q256-s96,8192,256,8192,96,10,42023,406,41617,0.9903386240868096,672368.0,67236.8,0.0,98946.6,9894.66,0.8528386240868097,44316.700000000004,4431.67,0.9340886240868097,25406.350000000002,2540.635,0.9622136240868097
cost-p8192-q256-s96,8192,256,8192,96,100,42023,406,41617,0.9903386240868096,672368.0,6723.68,0.0,98946.6,989.466,0.8528386240868097,44316.700000000004,443.16700000000003,0.9340886240868097,25406.350000000002,254.06350000000003,0.9622136240868097
cost-p8192-q256-s96,8192,256,8192,96,1000,42023,406,41617,0.9903386240868096,672368.0,672.368,0.0,98946.6,98.9466,0.8528386240868097,44316.700000000004,44.316700000000004,0.9340886240868097,25406.350000000002,25.406350000000003,0.9622136240868097
cost-p8192-q256-s97,8192,256,8192,97,1,50263,406,49857,0.9919224877146211,804208.0,804208.0,0.0,117074.6,117074.6,0.8544224877146211,51732.700000000004,51732.700000000004,0.9356724877146212,29114.350000000002,29114.350000000002,0.9637974877146211
cost-p8192-q256-s97,8192,256,8192,97,10,50263,406,49857,0.9919224877146211,804208.0,80420.8,0.0,117074.6,11707.460000000001,0.8544224877146211,51732.700000000004,5173.27,0.9356724877146212,29114.350000000002,2911.4350000000004,0.9637974877146211
cost-p8192-q256-s97,8192,256,8192,97,100,50263,406,49857,0.9919224877146211,804208.0,8042.08,0.0,117074.6,1170.746,0.8544224877146211,51732.700000000004,517.327,0.9356724877146212,29114.350000000002,291.1435,0.9637974877146211
cost-p8192-q256-s97,8192,256,8192,97,1000,50263,406,49857,0.9919224877146211,804208.0,804.208,0.0,117074.6,117.0746,0.8544224877146211,51732.700000000004,51.7327,0.9356724877146212,29114.350000000002,29.11435,0.9637974877146211
cost-p8192-q256-s98,8192,256,8192,98,1,58503,406,58097,0.9930601849477805,936048.0,936048.0,0.0,135202.6,135202.6,0.8555601849477805,59148.700000000004,59148.700000000004,0.9368101849477805,32822.350000000006,32822.350000000006,0.9649351849477805
cost-p8192-q256-s98,8192,256,8192,98,10,58503,406,58097,0.9930601849477805,936048.0,93604.8,0.0,135202.6,13520.26,0.8555601849477805,59148.700000000004,5914.870000000001,0.9368101849477805,32822.350000000006,3282.2350000000006,0.9649351849477805
cost-p8192-q256-s98,8192,256,8192,98,100,58503,406,58097,0.9930601849477805,936048.0,9360.48,0.0,135202.6,1352.026,0.8555601849477805,59148.700000000004,591.4870000000001,0.9368101849477805,32822.350000000006,328.22350000000006,0.9649351849477805
cost-p8192-q256-s98,8192,256,8192,98,1000,58503,406,58097,0.9930601849477805,936048.0,936.048,0.0,135202.6,135.20260000000002,0.8555601849477805,59148.700000000004,59.148700000000005,0.9368101849477805,32822.350000000006,32.82235000000001,0.9649351849477805
cost-p8192-q256-s99,8192,256,8192,99,1,66743,406,66337,0.9939169650749892,1067888.0,1067888.0,0.0,153330.6,153330.6,0.8564169650749892,66564.70000000001,66564.70000000001,0.9376669650749891,36530.350000000006,36530.350000000006,0.9657919650749892
cost-p8192-q256-s99,8192,256,8192,99,10,66743,406,66337,0.9939169650749892,1067888.0,106788.8,0.0,153330.6,15333.060000000001,0.8564169650749892,66564.70000000001,6656.470000000001,0.9376669650749891,36530.350000000006,3653.0350000000008,0.9657919650749892
cost-p8192-q256-s99,8192,256,8192,99,100,66743,406,66337,0.9939169650749892,1067888.0,10678.88,0.0,153330.6,1533.306,0.8564169650749892,66564.70000000001,665.6470000000002,0.9376669650749891,36530.350000000006,365.30350000000004,0.9657919650749892
cost-p8192-q256-s99,8192,256,8192,99,1000,66743,406,66337,0.9939169650749892,1067888.0,1067.888,0.0,153330.6,153.3306,0.8564169650749892,66564.70000000001,66.56470000000002,0.9376669650749891,36530.350000000006,36.530350000000006,0.9657919650749892
cost-p8192-q256-s100,8192,256,8192,100,1,33785,406,33379,0.9879828326180258,540560.0,540560.0,0.0,80823.0,80823.0,0.8504828326180257,36902.5,36902.5,0.9317328326180258,21699.25,21699.25,0.9598578326180257
cost-p8192-q256-s100,8192,256,8192,100,10,33785,406,33379,0.9879828326180258,540560.0,54056.0,0.0,80823.0,8082.3,0.8504828326180257,36902.5,3690.25,0.9317328326180258,21699.25,2169.925,0.9598578326180257
cost-p8192-q256-s100,8192,256,8192,100,100,33785,406,33379,0.9879828326180258,540560.0,5405.6,0.0,80823.0,808.23,0.8504828326180257,36902.5,369.025,0.9317328326180258,21699.25,216.9925,0.9598578326180257
cost-p8192-q256-s100,8192,256,8192,100,1000,33785,406,33379,0.9879828326180258,540560.0,540.56,0.0,80823.0,80.823,0.8504828326180257,36902.5,36.9025,0.9317328326180258,21699.25,21.69925,0.9598578326180257
