scenario,sample_index,tx_id,detected,verify_valid,mismatches,recover_used,challenge_success,replay_reason,final_status
normal,1,failure-normal-1,False,True,,False,False,,PENDING
normal,2,failure-normal-2,False,True,,False,False,,PENDING
normal,3,failure-normal-3,False,True,,False,False,,PENDING
normal,4,failure-normal-4,False,True,,False,False,,PENDING
normal,5,failure-normal-5,False,True,,False,False,,PENDING
normal,6,failure-normal-6,False,True,,False,False,,PENDING
normal,7,failure-normal-7,False,True,,False,False,,PENDING
normal,8,failure-normal-8,False,True,,False,False,,PENDING
normal,9,failure-normal-9,False,True,,False,False,,PENDING
normal,10,failure-normal-10,False,True,,False,False,,PENDING
normal,11,failure-normal-11,False,True,,False,False,,PENDING
normal,12,failure-normal-12,False,True,,False,False,,PENDING
normal,13,failure-normal-13,False,True,,False,False,,PENDING
normal,14,failure-normal-14,False,True,,False,False,,PENDING
normal,15,failure-normal-15,False,True,,False,False,,PENDING
normal,16,failure-normal-16,False,True,,False,False,,PENDING
normal,17,failure-normal-17,False,True,,False,False,,PENDING
normal,18,failure-normal-18,False,True,,False,False,,PENDING
normal,19,failure-normal-19,False,True,,False,False,,PENDING
normal,20,failure-normal-20,False,True,,False,False,,PENDING
normal,21,failure-normal-21,False,True,,False,False,,PENDING
normal,22,failure-normal-22,False,True,,False,False,,PENDING
normal,23,failure-normal-23,False,True,,False,False,,PENDING
normal,24,failure-normal-24,False,True,,False,False,,PENDING
normal,25,failure-normal-25,False,True,,False,False,,PENDING
normal,26,failure-normal-26,False,True,,False,False,,PENDING
normal,27,failure-normal-27,False,True,,False,False,,PENDING
normal,28,failure-normal-28,False,True,,False,False,,PENDING
normal,29,failure-normal-29,False,True,,False,False,,PENDING
normal,30,failure-normal-30,False,True,,False,False,,PENDING
normal,31,failure-normal-31,False,True,,False,False,,PENDING
normal,32,failure-normal-32,False,True,,False,False,,PENDING
normal,33,failure-normal-33,False,True,,False,False,,PENDING
normal,34,failure-normal-34,False,True,,False,False,,PENDING
normal,35,failure-normal-35,False,True,,False,False,,PENDING
normal,36,failure-normal-36,False,True,,False,False,,PENDING
normal,37,failure-normal-37,False,True,,False,False,,PENDING
normal,38,failure-normal-38,False,True,,False,False,,PENDING
normal,39,failure-normal-39,False,True,,False,False,,PENDING
normal,40,failure-normal-40,False,True,,False,False,,PENDING
normal,41,failure-normal-41,False,True,,False,False,,PENDING
normal,42,failure-normal-42,False,True,,False,False,,PENDING
normal,43,failure-normal-43,False,True,,False,False,,PENDING
normal,44,failure-normal-44,False,True,,False,False,,PENDING
normal,45,failure-normal-45,False,True,,False,False,,PENDING
normal,46,failure-normal-46,False,True,,False,False,,PENDING
normal,47,failure-normal-47,False,True,,False,False,,PENDING
normal,48,failure-normal-48,False,True,,False,False,,PENDING
normal,49,failure-normal-49,False,True,,False,False,,PENDING
normal,50,failure-normal-50,False,True,,False,False,,PENDING
normal,51,failure-normal-51,False,True,,False,False,,PENDING
normal,52,failure-normal-52,False,True,,False,False,,PENDING
normal,53,failure-normal-53,False,True,,False,False,,PENDING
normal,54,failure-normal-54,False,True,,False,False,,PENDING
normal,55,failure-normal-55,False,True,,False,False,,PENDING
normal,56,failure-normal-56,False,True,,False,False,,PENDING
normal,57,failure-normal-57,False,True,,False,False,,PENDING
normal,58,failure-normal-58,False,True,,False,False,,PENDING
normal,59,failure-normal-59,False,True,,False,False,,PENDING
normal,60,failure-normal-60,False,True,,False,False,,PENDING
normal,61,failure-normal-61,False,True,,False,False,,PENDING
normal,62,failure-normal-62,False,True,,False,False,,PENDING
normal,63,failure-normal-63,False,True,,False,False,,PENDING
normal,64,failure-normal-64,False,True,,False,False,,PENDING
normal,65,failure-normal-65,False,True,,False,False,,PENDING
normal,66,failure-normal-66,False,True,,False,False,,PENDING
normal,67,failure-normal-67,False,True,,False,False,,PENDING
normal,68,failure-normal-68,False,True,,False,False,,PENDING
normal,69,failure-normal-69,False,True,,False,False,,PENDING
normal,70,failure-normal-70,False,True,,False,False,,PENDING
normal,71,failure-normal-71,False,True,,False,False,,PENDING
normal,72,failure-normal-72,False,True,,False,False,,PENDING
normal,73,failure-normal-73,False,True,,False,False,,PENDING
normal,74,failure-normal-74,False,True,,False,False,,PENDING
normal,75,failure-normal-75,False,True,,False,False,,PENDING
normal,76,failure-normal-76,False,True,,False,False,,PENDING
normal,77,failure-normal-77,False,True,,False,False,,PENDING
normal,78,failure-normal-78,False,True,,False,False,,PENDING
normal,79,failure-normal-79,False,True,,False,False,,PENDING
normal,80,failure-normal-80,False,True,,False,False,,PENDING
normal,81,failure-normal-81,False,True,,False,False,,PENDING
normal,82,failure-normal-82,False,True,,False,False,,PENDING
normal,83,failure-normal-83,False,True,,False,False,,PENDING
normal,84,failure-normal-84,False,True,,False,False,,PENDING
normal,85,failure-normal-85,False,True,,False,False,,PENDING
normal,86,failure-normal-86,False,True,,False,False,,PENDING
normal,87,failure-normal-87,False,True,,False,False,,PENDING
normal,88,failure-normal-88,False,True,,False,False,,PENDING
normal,89,failure-normal-89,False,True,,False,False,,PENDING
normal,90,failure-normal-90,False,True,,False,False,,PENDING
normal,91,failure-normal-91,False,True,,False,False,,PENDING
normal,92,failure-normal-92,False,True,,False,False,,PENDING
normal,93,failure-normal-93,False,True,,False,False,,PENDING
normal,94,failure-normal-94,False,True,,False,False,,PENDING
normal,95,failure-normal-95,False,True,,False,False,,PENDING
normal,96,failure-normal-96,False,True,,False,False,,PENDING
normal,97,failure-normal-97,False,True,,False,False,,PENDING
normal,98,failure-normal-98,False,True,,False,False,,PENDING
normal,99,failure-normal-99,False,True,,False,False,,PENDING
normal,100,failure-normal-100,False,True,,False,False,,PENDING
response_tampered,1,failure-response_tampered-1,True,False,da_payload_hash_mismatch;da_proof_invalid;attestation_invalid;state_root_mismatch,False,True,step_state_mismatch,SLASHED
response_tampered,2,failure-response_tampered-2,True,False,da_payload_hash_mismatch;da_proof_invalid;attestation_invalid;state_root_mismatch,False,True,step_state_mismatch,SLASHED
response_tampered,3,failure-response_tampered-3,True,False,da_payload_hash_mismatch;da_proof_invalid;attestation_invalid;state_root_mismatch,False,True,step_state_mismatch,SLASHED
response_tampered,4,failure-response_tampered-4,True,False,da_payload_hash_mismatch;da_proof_invalid;attestation_invalid;state_root_mismatch,False,True,step_state_mismatch,SLASHED
response_tampered,5,failure-response_tampered-5,True,False,da_payload_hash_mismatch;da_proof_invalid;attestation_invalid;state_root_mismatch,False,True,step_state_mismatch,SLASHED
response_tampered,6,failure-response_tampered-6,True,False,da_payload_hash_mismatch;da_proof_invalid;attestation_invalid;state_root_mismatch,False,True,step_state_mismatch,SLASHED
response_tampered,7,failure-response_tampered-7,True,False,da_payload_hash_mismatch;da_proof_invalid;attestation_invalid;state_root_mismatch,False,True,step_state_mismatch,SLASHED
response_tampered,8,failure-response_tampered-8,True,False,da_payload_hash_mismatch;da_proof_invalid;attestation_invalid;state_root_mismatch,False,True,step_state_mismatch,SLASHED
response_tampered,9,failure-response_tampered-9,True,False,da_payload_hash_mismatch;da_proof_invalid;attestation_invalid;state_root_mismatch,False,True,step_state_mismatch,SLASHED
response_tampered,10,failure-response_tampered-10,True,False,da_payload_hash_mismatch;da_proof_invalid;attestation_invalid;state_root_mismatch,False,True,step_state_mismatch,SLASHED
response_tampered,11,failure-response_tampered-11,True,False,da_payload_hash_mismatch;da_proof_invalid;attestation_invalid;state_root_mismatch,False,True,step_state_mismatch,SLASHED
response_tampered,12,failure-response_tampered-12,True,False,da_payload_hash_mismatch;da_proof_invalid;attestation_invalid;state_root_mismatch,False,True,step_state_mismatch,SLASHED
response_tampered,13,failure-response_tampered-13,True,False,da_payload_hash_mismatch;da_proof_invalid;attestation_invalid;state_root_mismatch,False,True,step_state_mismatch,SLASHED
response_tampered,14,failure-response_tampered-14,True,False,da_payload_hash_mismatch;da_proof_invalid;attestation_invalid;state_root_mismatch,False,True,step_state_mismatch,SLASHED
response_tampered,15,failure-response_tampered-15,True,False,da_payload_hash_mismatch;da_proof_invalid;attestation_invalid;state_root_mismatch,False,True,step_state_mismatch,SLASHED
response_tampered,16,failure-response_tampered-16,True,False,da_payload_hash_mismatch;da_proof_invalid;attestation_invalid;state_root_mismatch,False,True,step_state_mismatch,SLASHED
response_tampered,17,failure-response_tampered-17,True,False,da_payload_hash_mismatch;da_proof_invalid;attestation_invalid;state_root_mismatch,False,True,step_state_mismatch,SLASHED
response_tampered,18,failure-response_tampered-18,True,False,da_payload_hash_mismatch;da_proof_invalid;attestation_invalid;state_root_mismatch,False,True,step_state_mismatch,SLASHED
response_tampered,19,failure-response_tampered-19,True,False,da_payload_hash_mismatch;da_proof_invalid;attestation_invalid;state_root_mismatch,False,True,step_state_mismatch,SLASHED
response_tampered,20,failure-response_tampered-20,True,False,da_payload_hash_mismatch;da_proof_invalid;attestation_invalid;state_root_mismatch,False,True,step_state_mismatch,SLASHED
response_tampered,21,failure-response_tampered-21,True,False,da_payload_hash_mismatch;da_proof_invalid;attestation_invalid;state_root_mismatch,False,True,step_state_mismatch,SLASHED
response_tampered,22,failure-response_tampered-22,True,False,da_payload_hash_mismatch;da_proof_invalid;attestation_invalid;state_root_mismatch,False,True,step_state_mismatch,SLASHED
response_tampered,23,failure-response_tampered-23,True,False,da_payload_hash_mismatch;da_proof_invalid;attestation_invalid;state_root_mismatch,False,True,step_state_mismatch,SLASHED
response_tampered,24,failure-response_tampered-24,True,False,da_payload_hash_mismatch;da_proof_invalid;attestation_invalid;state_root_mismatch,False,True,step_state_mismatch,SLASHED
response_tampered,25,failure-response_tampered-25,True,False,da_payload_hash_mismatch;da_proof_invalid;attestation_invalid;state_root_mismatch,False,True,step_state_mismatch,SLASHED
response_tampered,26,failure-response_tampered-26,True,False,da_payload_hash_mismatch;da_proof_invalid;attestation_invalid;state_root_mismatch,False,True,step_state_mismatch,SLASHED
response_tampered,27,failure-response_tampered-27,True,False,da_payload_hash_mismatch;da_proof_invalid;attestation_invalid;state_root_mismatch,False,True,step_state_mismatch,SLASHED
response_tampered,28,failure-response_tampered-28,True,False,da_payload_hash_mismatch;da_proof_invalid;attestation_invalid;state_root_mismatch,False,True,step_state_mismatch,SLASHED
response_tampered,29,failure-response_tampered-29,True,False,da_payload_hash_mismatch;da_proof_invalid;attestation_invalid;state_root_mismatch,False,True,step_state_mismatch,SLASHED
response_tampered,30,failure-response_tampered-30,True,False,da_payload_hash_mismatch;da_proof_invalid;attestation_invalid;state_root_mismatch,False,True,step_state_mismatch,SLASHED
response_tampered,31,failure-response_tampered-31,True,False,da_payload_hash_mismatch;da_proof_invalid;attestation_invalid;state_root_mismatch,False,True,step_state_mismatch,SLASHED
response_tampered,32,failure-response_tampered-32,True,False,da_payload_hash_mismatch;da_proof_invalid;attestation_invalid;state_root_mismatch,False,True,step_state_mismatch,SLASHED
response_tampered,33,failure-response_tampered-33,True,False,da_payload_hash_mismatch;da_proof_invalid;attestation_invalid;state_root_mismatch,False,True,step_state_mismatch,SLASHED
response_tampered,34,failure-response_tampered-34,True,False,da_payload_hash_mismatch;da_proof_invalid;attestation_invalid;state_root_mismatch,False,True,step_state_mismatch,SLASHED
response_tampered,35,failure-response_tampered-35,True,False,da_payload_hash_mismatch;da_proof_invalid;attestation_invalid;state_root_mismatch,False,True,step_state_mismatch,SLASHED
response_tampered,36,failure-response_tampered-36,True,False,da_payload_hash_mismatch;da_proof_invalid;attestation_invalid;state_root_mismatch,False,True,step_state_mismatch,SLASHED
response_tampered,37,failure-response_tampered-37,True,False,da_payload_hash_mismatch;da_proof_invalid;attestation_invalid;state_root_mismatch,False,True,step_state_mismatch,SLASHED
response_tampered,38,failure-response_tampered-38,True,False,da_payload_hash_mismatch;da_proof_invalid;attestation_invalid;state_root_mismatch,False,True,step_state_mismatch,SLASHED
response_tampered,39,failure-response_tampered-39,True,False,da_payload_hash_mismatch;da_proof_invalid;attestation_invalid;state_root_mismatch,False,True,step_state_mismatch,SLASHED
response_tampered,40,failure-response_tampered-40,True,False,da_payload_hash_mismatch;da_proof_invalid;attestation_invalid;state_root_mismatch,False,True,step_state_mismatch,SLASHED
response_tampered,41,failure-response_tampered-41,True,False,da_payload_hash_mismatch;da_proof_invalid;attestation_invalid;state_root_mismatch,False,True,step_state_mismatch,SLASHED
response_tampered,42,failure-response_tampered-42,True,False,da_payload_hash_mismatch;da_proof_invalid;attestation_invalid;state_root_mismatch,False,True,step_state_mismatch,SLASHED
response_tampered,43,failure-response_tampered-43,True,False,da_payload_hash_mismatch;da_proof_invalid;attestation_invalid;state_root_mismatch,False,True,step_state_mismatch,SLASHED
response_tampered,44,failure-response_tampered-44,True,False,da_payload_hash_mismatch;da_proof_invalid;attestation_invalid;state_root_mismatch,False,True,step_state_mismatch,SLASHED
response_tampered,45,failure-response_tampered-45,True,False,da_payload_hash_mismatch;da_proof_invalid;attestation_invalid;state_root_mismatch,False,True,step_state_mismatch,SLASHED
response_tampered,46,failure-response_tampered-46,True,False,da_payload_hash_mismatch;da_proof_invalid;attestation_invalid;state_root_mismatch,False,True,step_state_mismatch,SLASHED
response_tampered,47,failure-response_tampered-47,True,False,da_payload_hash_mismatch;da_proof_invalid;attestation_invalid;state_root_mismatch,False,True,step_state_mismatch,SLASHED
response_tampered,48,failure-response_tampered-48,True,False,da_payload_hash_mismatch;da_proof_invalid;attestation_invalid;state_root_mismatch,False,True,step_state_mismatch,SLASHED
response_tampered,49,failure-response_tampered-49,True,False,da_payload_hash_mismatch;da_proof_invalid;attestation_invalid;state_root_mismatch,False,True,step_state_mismatch,SLASHED
response_tampered,50,failure-response_tampered-50,True,False,da_payload_hash_mismatch;da_proof_invalid;attestation_invalid;state_root_mismatch,False,True,step_state_mismatch,SLASHED
response_tampered,51,failure-response_tampered-51,True,False,da_payload_hash_mismatch;da_proof_invalid;attestation_invalid;state_root_mismatch,False,True,step_state_mismatch,SLASHED
response_tampered,52,failure-response_tampered-52,True,False,da_payload_hash_mismatch;da_proof_invalid;attestation_invalid;state_root_mismatch,False,True,step_state_mismatch,SLASHED
response_tampered,53,failure-response_tampered-53,True,False,da_payload_hash_mismatch;da_proof_invalid;attestation_invalid;state_root_mismatch,False,True,step_state_mismatch,SLASHED
response_tampered,54,failure-response_tampered-54,True,False,da_payload_hash_mismatch;da_proof_invalid;attestation_invalid;state_root_mismatch,False,True,step_state_mismatch,SLASHED
response_tampered,55,failure-response_tampered-55,True,False,da_payload_hash_mismatch;da_proof_invalid;attestation_invalid;state_root_mismatch,False,True,step_state_mismatch,SLASHED
response_tampered,56,failure-response_tampered-56,True,False,da_payload_hash_mismatch;da_proof_invalid;attestation_invalid;state_root_mismatch,False,True,step_state_mismatch,SLASHED
response_tampered,57,failure-response_tampered-57,True,False,da_payload_hash_mismatch;da_proof_invalid;attestation_invalid;state_root_mismatch,False,True,step_state_mismatch,SLASHED
response_tampered,58,failure-response_tampered-58,True,False,da_payload_hash_mismatch;da_proof_invalid;attestation_invalid;state_root_mismatch,False,True,step_state_mismatch,SLASHED
response_tampered,59,failure-response_tampered-59,True,False,da_payload_hash_mismatch;da_proof_invalid;attestation_invalid;state_root_mismatch,False,True,step_state_mismatch,SLASHED
response_tampered,60,failure-response_tampered-60,True,False,da_payload_hash_mismatch;da_proof_invalid;attestation_invalid;state_root_mismatch,False,True,step_state_mismatch,SLASHED
response_tampered,61,failure-response_tampered-61,True,False,da_payload_hash_mismatch;da_proof_invalid;attestation_invalid;state_root_mismatch,False,True,step_state_mismatch,SLASHED
response_tampered,62,failure-response_tampered-62,True,False,da_payload_hash_mismatch;da_proof_invalid;attestation_invalid;state_root_mismatch,False,True,step_state_mismatch,SLASHED
response_tampered,63,failure-response_tampered-63,True,False,da_payload_hash_mismatch;da_proof_invalid;attestation_invalid;state_root_mismatch,False,True,step_state_mismatch,SLASHED
response_tampered,64,failure-response_tampered-64,True,False,da_payload_hash_mismatch;da_proof_invalid;attestation_invalid;state_root_mismatch,False,True,step_state_mismatch,SLASHED
response_tampered,65,failure-response_tampered-65,True,False,da_payload_hash_mismatch;da_proof_invalid;attestation_invalid;state_root_mismatch,False,True,step_state_mismatch,SLASHED
response_tampered,66,failure-response_tampered-66,True,False,da_payload_hash_mismatch;da_proof_invalid;attestation_invalid;state_root_mismatch,False,True,step_state_mismatch,SLASHED
response_tampered,67,failure-response_tampered-67,True,False,da_payload_hash_mismatch;da_proof_invalid;attestation_invalid;state_root_mismatch,False,True,step_state_mismatch,SLASHED
response_tampered,68,failure-response_tampered-68,True,False,da_payload_hash_mismatch;da_proof_invalid;attestation_invalid;state_root_mismatch,False,True,step_state_mismatch,SLASHED
response_tampered,69,failure-response_tampered-69,True,False,da_payload_hash_mismatch;da_proof_invalid;attestation_invalid;state_root_mismatch,False,True,step_state_mismatch,SLASHED
response_tampered,70,failure-response_tampered-70,True,False,da_payload_hash_mismatch;da_proof_invalid;attestation_invalid;state_root_mismatch,False,True,step_state_mismatch,SLASHED
response_tampered,71,failure-response_tampered-71,True,False,da_payload_hash_mismatch;da_proof_invalid;attestation_invalid;state_root_mismatch,False,True,step_state_mismatch,SLASHED
response_tampered,72,failure-response_tampered-72,True,False,da_payload_hash_mismatch;da_proof_invalid;attestation_invalid;state_root_mismatch,False,True,step_state_mismatch,SLASHED
response_tampered,73,failure-response_tampered-73,True,False,da_payload_hash_mismatch;da_proof_invalid;attestation_invalid;state_root_mismatch,False,True,step_state_mismatch,SLASHED
response_tampered,74,failure-response_tampered-74,True,False,da_payload_hash_mismatch;da_proof_invalid;attestation_invalid;state_root_mismatch,False,True,step_state_mismatch,SLASHED
response_tampered,75,failure-response_tampered-75,True,False,da_payload_hash_mismatch;da_proof_invalid;attestation_invalid;state_root_mismatch,False,True,step_state_mismatch,SLASHED
response_tampered,76,failure-response_tampered-76,True,False,da_payload_hash_mismatch;da_proof_invalid;attestation_invalid;state_root_mismatch,False,True,step_state_mismatch,SLASHED
response_tampered,77,failure-response_tampered-77,True,False,da_payload_hash_mismatch;da_proof_invalid;attestation_invalid;state_root_mismatch,False,True,step_state_mismatch,SLASHED
response_tampered,78,failure-response_tampered-78,True,False,da_payload_hash_mismatch;da_proof_invalid;attestation_invalid;state_root_mismatch,False,True,step_state_mismatch,SLASHED
response_tampered,79,failure-response_tampered-79,True,False,da_payload_hash_mismatch;da_proof_invalid;attestation_invalid;state_root_mismatch,False,True,step_state_mismatch,SLASHED
response_tampered,80,failure-response_tampered-80,True,False,da_payload_hash_mismatch;da_proof_invalid;attestation_invalid;state_root_mismatch,False,True,step_state_mismatch,SLASHED
response_tampered,81,failure-response_tampered-81,True,False,da_payload_hash_mismatch;da_proof_invalid;attestation_invalid;state_root_mismatch,False,True,step_state_mismatch,SLASHED
response_tampered,82,failure-response_tampered-82,True,False,da_payload_hash_mismatch;da_proof_invalid;attestation_invalid;state_root_mismatch,False,True,step_state_mismatch,SLASHED
response_tampered,83,failure-response_tampered-83,True,False,da_payload_hash_mismatch;da_proof_invalid;attestation_invalid;state_root_mismatch,False,True,step_state_mismatch,SLASHED
response_tampered,84,failure-response_tampered-84,True,False,da_payload_hash_mismatch;da_proof_invalid;attestation_invalid;state_root_mismatch,False,True,step_state_mismatch,SLASHED
response_tampered,85,failure-response_tampered-85,True,False,da_payload_hash_mismatch;da_proof_invalid;attestation_invalid;state_root_mismatch,False,True,step_state_mismatch,SLASHED
response_tampered,86,failure-response_tampered-86,True,False,da_payload_hash_mismatch;da_proof_invalid;attestation_invalid;state_root_mismatch,False,True,step_state_mismatch,SLASHED
response_tampered,87,failure-response_tampered-87,True,False,da_payload_hash_mismatch;da_proof_invalid;attestation_invalid;state_root_mismatch,False,True,step_state_mismatch,SLASHED
response_tampered,88,failure-response_tampered-88,True,False,da_payload_hash_mismatch;da_proof_invalid;attestation_invalid;state_root_mismatch,False,True,step_state_mismatch,SLASHED
response_tampered,89,failure-response_tampered-89,True,False,da_payload_hash_mismatch;da_proof_invalid;attestation_invalid;state_root_mismatch,False,True,step_state_mismatch,SLASHED
response_tampered,90,failure-response_tampered-90,True,False,da_payload_hash_mismatch;da_proof_invalid;attestation_invalid;state_root_mismatch,False,True,step_state_mismatch,SLASHED
response_tampered,91,failure-response_tampered-91,True,False,da_payload_hash_mismatch;da_proof_invalid;attestation_invalid;state_root_mismatch,False,True,step_state_mismatch,SLASHED
response_tampered,92,failure-response_tampered-92,True,False,da_payload_hash_mismatch;da_proof_invalid;attestation_invalid;state_root_mismatch,False,True,step_state_mismatch,SLASHED
response_tampered,93,failure-response_tampered-93,True,False,da_payload_hash_mismatch;da_proof_invalid;attestation_invalid;state_root_mismatch,False,True,step_state_mismatch,SLASHED
response_tampered,94,failure-response_tampered-94,True,False,da_payload_hash_mismatch;da_proof_invalid;attestation_invalid;state_root_mismatch,False,True,step_state_mismatch,SLASHED
response_tampered,95,failure-response_tampered-95,True,False,da_payload_hash_mismatch;da_proof_invalid;attestation_invalid;state_root_mismatch,False,True,step_state_mismatch,SLASHED
response_tampered,96,failure-response_tampered-96,True,False,da_payload_hash_mismatch;da_proof_invalid;attestation_invalid;state_root_mismatch,False,True,step_state_mismatch,SLASHED
response_tampered,97,failure-response_tampered-97,True,False,da_payload_hash_mismatch;da_proof_invalid;attestation_invalid;state_root_mismatch,False,True,step_state_mismatch,SLASHED
response_tampered,98,failure-response_tampered-98,True,False,da_payload_hash_mismatch;da_proof_invalid;attestation_invalid;state_root_mismatch,False,True,step_state_mismatch,SLASHED
response_tampered,99,failure-response_tampered-99,True,False,da_payload_hash_mismatch;da_proof_invalid;attestation_invalid;state_root_mismatch,False,True,step_state_mismatch,SLASHED
response_tampered,100,failure-response_tampered-100,True,False,da_payload_hash_mismatch;da_proof_invalid;attestation_invalid;state_root_mismatch,False,True,step_state_mismatch,SLASHED
attestation_invalid,1,failure-attestation_invalid-1,True,False,da_payload_hash_mismatch;attestation_invalid;proof_hash_mismatch,False,False,,PENDING
attestation_invalid,2,failure-attestation_invalid-2,True,False,da_payload_hash_mismatch;attestation_invalid;proof_hash_mismatch,False,False,,PENDING
attestation_invalid,3,failure-attestation_invalid-3,True,False,da_payload_hash_mismatch;attestation_invalid;proof_hash_mismatch,False,False,,PENDING
attestation_invalid,4,failure-attestation_invalid-4,True,False,da_payload_hash_mismatch;attestation_invalid;proof_hash_mismatch,False,False,,PENDING
attestation_invalid,5,failure-attestation_invalid-5,True,False,da_payload_hash_mismatch;attestation_invalid;proof_hash_mismatch,False,False,,PENDING
attestation_invalid,6,failure-attestation_invalid-6,True,False,da_payload_hash_mismatch;attestation_invalid;proof_hash_mismatch,False,False,,PENDING
attestation_invalid,7,failure-attestation_invalid-7,True,False,da_payload_hash_mismatch;attestation_invalid;proof_hash_mismatch,False,False,,PENDING
attestation_invalid,8,failure-attestation_invalid-8,True,False,da_payload_hash_mismatch;attestation_invalid;proof_hash_mismatch,False,False,,PENDING
attestation_invalid,9,failure-attestation_invalid-9,True,False,da_payload_hash_mismatch;attestation_invalid;proof_hash_mismatch,False,False,,PENDING
attestation_invalid,10,failure-attestation_invalid-10,True,False,da_payload_hash_mismatch;attestation_invalid;proof_hash_mismatch,False,False,,PENDING
attestation_invalid,11,failure-attestation_invalid-11,True,False,da_payload_hash_mismatch;attestation_invalid;proof_hash_mismatch,False,False,,PENDING
attestation_invalid,12,failure-attestation_invalid-12,True,False,da_payload_hash_mismatch;attestation_invalid;proof_hash_mismatch,False,False,,PENDING
attestation_invalid,13,failure-attestation_invalid-13,True,False,da_payload_hash_mismatch;attestation_invalid;proof_hash_mismatch,False,False,,PENDING
attestation_invalid,14,failure-attestation_invalid-14,True,False,da_payload_hash_mismatch;attestation_invalid;proof_hash_mismatch,False,False,,PENDING
attestation_invalid,15,failure-attestation_invalid-15,True,False,da_payload_hash_mismatch;attestation_invalid;proof_hash_mismatch,False,False,,PENDING
attestation_invalid,16,failure-attestation_invalid-16,True,False,da_payload_hash_mismatch;attestation_invalid;proof_hash_mismatch,False,False,,PENDING
attestation_invalid,17,failure-attestation_invalid-17,True,False,da_payload_hash_mismatch;attestation_invalid;proof_hash_mismatch,False,False,,PENDING
attestation_invalid,18,failure-attestation_invalid-18,True,False,da_payload_hash_mismatch;attestation_invalid;proof_hash_mismatch,False,False,,PENDING
attestation_invalid,19,failure-attestation_invalid-19,True,False,da_payload_hash_mismatch;attestation_invalid;proof_hash_mismatch,False,False,,PENDING
attestation_invalid,20,failure-attestation_invalid-20,True,False,da_payload_hash_mismatch;attestation_invalid;proof_hash_mismatch,False,False,,PENDING
attestation_invalid,21,failure-attestation_invalid-21,True,False,da_payload_hash_mismatch;attestation_invalid;proof_hash_mismatch,False,False,,PENDING
attestation_invalid,22,failure-attestation_invalid-22,True,False,da_payload_hash_mismatch;attestation_invalid;proof_hash_mismatch,False,False,,PENDING
attestation_invalid,23,failure-attestation_invalid-23,True,False,da_payload_hash_mismatch;attestation_invalid;proof_hash_mismatch,False,False,,PENDING
attestation_invalid,24,failure-attestation_invalid-24,True,False,da_payload_hash_mismatch;attestation_invalid;proof_hash_mismatch,False,False,,PENDING
attestation_invalid,25,failure-attestation_invalid-25,True,False,da_payload_hash_mismatch;attestation_invalid;proof_hash_mismatch,False,False,,PENDING
attestation_invalid,26,failure-attestation_invalid-26,True,False,da_payload_hash_mismatch;attestation_invalid;proof_hash_mismatch,False,False,,PENDING
attestation_invalid,27,failure-attestation_invalid-27,True,False,da_payload_hash_mismatch;attestation_invalid;proof_hash_mismatch,False,False,,PENDING
attestation_invalid,28,failure-attestation_invalid-28,True,False,da_payload_hash_mismatch;attestation_invalid;proof_hash_mismatch,False,False,,PENDING
attestation_invalid,29,failure-attestation_invalid-29,True,False,da_payload_hash_mismatch;attestation_invalid;proof_hash_mismatch,False,False,,PENDING
attestation_invalid,30,failure-attestation_invalid-30,True,False,da_payload_hash_mismatch;attestation_invalid;proof_hash_mismatch,False,False,,PENDING
attestation_invalid,31,failure-attestation_invalid-31,True,False,da_payload_hash_mismatch;attestation_invalid;proof_hash_mismatch,False,False,,PENDING
attestation_invalid,32,failure-attestation_invalid-32,True,False,da_payload_hash_mismatch;attestation_invalid;proof_hash_mismatch,False,False,,PENDING
attestation_invalid,33,failure-attestation_invalid-33,True,False,da_payload_hash_mismatch;attestation_invalid;proof_hash_mismatch,False,False,,PENDING
attestation_invalid,34,failure-attestation_invalid-34,True,False,da_payload_hash_mismatch;attestation_invalid;proof_hash_mismatch,False,False,,PENDING
attestation_invalid,35,failure-attestation_invalid-35,True,False,da_payload_hash_mismatch;attestation_invalid;proof_hash_mismatch,False,False,,PENDING
attestation_invalid,36,failure-attestation_invalid-36,True,False,da_payload_hash_mismatch;attestation_invalid;proof_hash_mismatch,False,False,,PENDING
attestation_invalid,37,failure-attestation_invalid-37,True,False,da_payload_hash_mismatch;attestation_invalid;proof_hash_mismatch,False,False,,PENDING
attestation_invalid,38,failure-attestation_invalid-38,True,False,da_payload_hash_mismatch;attestation_invalid;proof_hash_mismatch,False,False,,PENDING
attestation_invalid,39,failure-attestation_invalid-39,True,False,da_payload_hash_mismatch;attestation_invalid;proof_hash_mismatch,False,False,,PENDING
attestation_invalid,40,failure-attestation_invalid-40,True,False,da_payload_hash_mismatch;attestation_invalid;proof_hash_mismatch,False,False,,PENDING
attestation_invalid,41,failure-attestation_invalid-41,True,False,da_payload_hash_mismatch;attestation_invalid;proof_hash_mismatch,False,False,,PENDING
attestation_invalid,42,failure-attestation_invalid-42,True,False,da_payload_hash_mismatch;attestation_invalid;proof_hash_mismatch,False,False,,PENDING
attestation_invalid,43,failure-attestation_invalid-43,True,False,da_payload_hash_mismatch;attestation_invalid;proof_hash_mismatch,False,False,,PENDING
attestation_invalid,44,failure-attestation_invalid-44,True,False,da_payload_hash_mismatch;attestation_invalid;proof_hash_mismatch,False,False,,PENDING
attestation_invalid,45,failure-attestation_invalid-45,True,False,da_payload_hash_mismatch;attestation_invalid;proof_hash_mismatch,False,False,,PENDING
attestation_invalid,46,failure-attestation_invalid-46,True,False,da_payload_hash_mismatch;attestation_invalid;proof_hash_mismatch,False,False,,PENDING
attestation_invalid,47,failure-attestation_invalid-47,True,False,da_payload_hash_mismatch;attestation_invalid;proof_hash_mismatch,False,False,,PENDING
attestation_invalid,48,failure-attestation_invalid-48,True,False,da_payload_hash_mismatch;attestation_invalid;proof_hash_mismatch,False,False,,PENDING
attestation_invalid,49,failure-attestation_invalid-49,True,False,da_payload_hash_mismatch;attestation_invalid;proof_hash_mismatch,False,False,,PENDING
attestation_invalid,50,failure-attestation_invalid-50,True,False,da_payload_hash_mismatch;attestation_invalid;proof_hash_mismatch,False,False,,PENDING
attestation_invalid,51,failure-attestation_invalid-51,True,False,da_payload_hash_mismatch;attestation_invalid;proof_hash_mismatch,False,False,,PENDING
attestation_invalid,52,failure-attestation_invalid-52,True,False,da_payload_hash_mismatch;attestation_invalid;proof_hash_mismatch,False,False,,PENDING
attestation_invalid,53,failure-attestation_invalid-53,True,False,da_payload_hash_mismatch;attestation_invalid;proof_hash_mismatch,False,False,,PENDING
attestation_invalid,54,failure-attestation_invalid-54,True,False,da_payload_hash_mismatch;attestation_invalid;proof_hash_mismatch,False,False,,PENDING
attestation_invalid,55,failure-attestation_invalid-55,True,False,da_payload_hash_mismatch;attestation_invalid;proof_hash_mismatch,False,False,,PENDING
attestation_invalid,56,failure-attestation_invalid-56,True,False,da_payload_hash_mismatch;attestation_invalid;proof_hash_mismatch,False,False,,PENDING
attestation_invalid,57,failure-attestation_invalid-57,True,False,da_payload_hash_mismatch;attestation_invalid;proof_hash_mismatch,False,False,,PENDING
attestation_invalid,58,failure-attestation_invalid-58,True,False,da_payload_hash_mismatch;attestation_invalid;proof_hash_mismatch,False,False,,PENDING
attestation_invalid,59,failure-attestation_invalid-59,True,False,da_payload_hash_mismatch;attestation_invalid;proof_hash_mismatch,False,False,,PENDING
attestation_invalid,60,failure-attestation_invalid-60,True,False,da_payload_hash_mismatch;attestation_invalid;proof_hash_mismatch,False,False,,PENDING
attestation_invalid,61,failure-attestation_invalid-61,True,False,da_payload_hash_mismatch;attestation_invalid;proof_hash_mismatch,False,False,,PENDING
attestation_invalid,62,failure-attestation_invalid-62,True,False,da_payload_hash_mismatch;attestation_invalid;proof_hash_mismatch,False,False,,PENDING
attestation_invalid,63,failure-attestation_invalid-63,True,False,da_payload_hash_mismatch;attestation_invalid;proof_hash_mismatch,False,False,,PENDING
attestation_invalid,64,failure-attestation_invalid-64,True,False,da_payload_hash_mismatch;attestation_invalid;proof_hash_mismatch,False,False,,PENDING
attestation_invalid,65,failure-attestation_invalid-65,True,False,da_payload_hash_mismatch;attestation_invalid;proof_hash_mismatch,False,False,,PENDING
attestation_invalid,66,failure-attestation_invalid-66,True,False,da_payload_hash_mismatch;attestation_invalid;proof_hash_mismatch,False,False,,PENDING
attestation_invalid,67,failure-attestation_invalid-67,True,False,da_payload_hash_mismatch;attestation_invalid;proof_hash_mismatch,False,False,,PENDING
attestation_invalid,68,failure-attestation_invalid-68,True,False,da_payload_hash_mismatch;attestation_invalid;proof_hash_mismatch,False,False,,PENDING
attestation_invalid,69,failure-attestation_invalid-69,True,False,da_payload_hash_mismatch;attestation_invalid;proof_hash_mismatch,False,False,,PENDING
attestation_invalid,70,failure-attestation_invalid-70,True,False,da_payload_hash_mismatch;attestation_invalid;proof_hash_mismatch,False,False,,PENDING
attestation_invalid,71,failure-attestation_invalid-71,True,False,da_payload_hash_mismatch;attestation_invalid;proof_hash_mismatch,False,False,,PENDING
attestation_invalid,72,failure-attestation_invalid-72,True,False,da_payload_hash_mismatch;attestation_invalid;proof_hash_mismatch,False,False,,PENDING
attestation_invalid,73,failure-attestation_invalid-73,True,False,da_payload_hash_mismatch;attestation_invalid;proof_hash_mismatch,False,False,,PENDING
attestation_invalid,74,failure-attestation_invalid-74,True,False,da_payload_hash_mismatch;attestation_invalid;proof_hash_mismatch,False,False,,PENDING
attestation_invalid,75,failure-attestation_invalid-75,True,False,da_payload_hash_mismatch;attestation_invalid;proof_hash_mismatch,False,False,,PENDING
attestation_invalid,76,failure-attestation_invalid-76,True,False,da_payload_hash_mismatch;attestation_invalid;proof_hash_mismatch,False,False,,PENDING
attestation_invalid,77,failure-attestation_invalid-77,True,False,da_payload_hash_mismatch;attestation_invalid;proof_hash_mismatch,False,False,,PENDING
attestation_invalid,78,failure-attestation_invalid-78,True,False,da_payload_hash_mismatch;attestation_invalid;proof_hash_mismatch,False,False,,PENDING
attestation_invalid,79,failure-attestation_invalid-79,True,False,da_payload_hash_mismatch;attestation_invalid;proof_hash_mismatch,False,False,,PENDING
attestation_invalid,80,failure-attestation_invalid-80,True,False,da_payload_hash_mismatch;attestation_invalid;proof_hash_mismatch,False,False,,PENDING
attestation_invalid,81,failure-attestation_invalid-81,True,False,da_payload_hash_mismatch;attestation_invalid;proof_hash_mismatch,False,False,,PENDING
attestation_invalid,82,failure-attestation_invalid-82,True,False,da_payload_hash_mismatch;attestation_invalid;proof_hash_mismatch,False,False,,PENDING
attestation_invalid,83,failure-attestation_invalid-83,True,False,da_payload_hash_mismatch;attestation_invalid;proof_hash_mismatch,False,False,,PENDING
attestation_invalid,84,failure-attestation_invalid-84,True,False,da_payload_hash_mismatch;attestation_invalid;proof_hash_mismatch,False,False,,PENDING
attestation_invalid,85,failure-attestation_invalid-85,True,False,da_payload_hash_mismatch;attestation_invalid;proof_hash_mismatch,False,False,,PENDING
attestation_invalid,86,failure-attestation_invalid-86,True,False,da_payload_hash_mismatch;attestation_invalid;proof_hash_mismatch,False,False,,PENDING
attestation_invalid,87,failure-attestation_invalid-87,True,False,da_payload_hash_mismatch;attestation_invalid;proof_hash_mismatch,False,False,,PENDING
attestation_invalid,88,failure-attestation_invalid-88,True,False,da_payload_hash_mismatch;attestation_invalid;proof_hash_mismatch,False,False,,PENDING
attestation_invalid,89,failure-attestation_invalid-89,True,False,da_payload_hash_mismatch;attestation_invalid;proof_hash_mismatch,False,False,,PENDING
attestation_invalid,90,failure-attestation_invalid-90,True,False,da_payload_hash_mismatch;attestation_invalid;proof_hash_mismatch,False,False,,PENDING
attestation_invalid,91,failure-attestation_invalid-91,True,False,da_payload_hash_mismatch;attestation_invalid;proof_hash_mismatch,False,False,,PENDING
attestation_invalid,92,failure-attestation_invalid-92,True,False,da_payload_hash_mismatch;attestation_invalid;proof_hash_mismatch,False,False,,PENDING
attestation_invalid,93,failure-attestation_invalid-93,True,False,da_payload_hash_mismatch;attestation_invalid;proof_hash_mismatch,False,False,,PENDING
attestation_invalid,94,failure-attestation_invalid-94,True,False,da_payload_hash_mismatch;attestation_invalid;proof_hash_mismatch,False,False,,PENDING
attestation_invalid,95,failure-attestation_invalid-95,True,False,da_payload_hash_mismatch;attestation_invalid;proof_hash_mismatch,False,False,,PENDING
attestation_invalid,96,failure-attestation_invalid-96,True,False,da_payload_hash_mismatch;attestation_invalid;proof_hash_mismatch,False,False,,PENDING
attestation_invalid,97,failure-attestation_invalid-97,True,False,da_payload_hash_mismatch;attestation_invalid;proof_hash_mismatch,False,False,,PENDING
attestation_invalid,98,failure-attestation_invalid-98,True,False,da_payload_hash_mismatch;attestation_invalid;proof_hash_mismatch,False,False,,PENDING
attestation_invalid,99,failure-attestation_invalid-99,True,False,da_payload_hash_mismatch;attestation_invalid;proof_hash_mismatch,False,False,,PENDING
attestation_invalid,100,failure-attestation_invalid-100,True,False,da_payload_hash_mismatch;attestation_invalid;proof_hash_mismatch,False,False,,PENDING
trace_length_mismatch,1,failure-trace_length_mismatch-1,True,False,da_payload_hash_mismatch;da_proof_invalid;attestation_invalid;state_root_mismatch,False,True,trace_length_mismatch,SLASHED
trace_length_mismatch,2,failure-trace_length_mismatch-2,True,False,da_payload_hash_mismatch;da_proof_invalid;attestation_invalid;state_root_mismatch,False,True,trace_length_mismatch,SLASHED
trace_length_mismatch,3,failure-trace_length_mismatch-3,True,False,da_payload_hash_mismatch;da_proof_invalid;attestation_invalid;state_root_mismatch,False,True,trace_length_mismatch,SLASHED
trace_length_mismatch,4,failure-trace_length_mismatch-4,True,False,da_payload_hash_mismatch;da_proof_invalid;attestation_invalid;state_root_mismatch,False,True,trace_length_mismatch,SLASHED
trace_length_mismatch,5,failure-trace_length_mismatch-5,True,False,da_payload_hash_mismatch;da_proof_invalid;attestation_invalid;state_root_mismatch,False,True,trace_length_mismatch,SLASHED
trace_length_mismatch,6,failure-trace_length_mismatch-6,True,False,da_payload_hash_mismatch;da_proof_invalid;attestation_invalid;state_root_mismatch,False,True,trace_length_mismatch,SLASHED
trace_length_mismatch,7,failure-trace_length_mismatch-7,True,False,da_payload_hash_mismatch;da_proof_invalid;attestation_invalid;state_root_mismatch,False,True,trace_length_mismatch,SLASHED
trace_length_mismatch,8,failure-trace_length_mismatch-8,True,False,da_payload_hash_mismatch;da_proof_invalid;attestation_invalid;state_root_mismatch,False,True,trace_length_mismatch,SLASHED
trace_length_mismatch,9,failure-trace_length_mismatch-9,True,False,da_payload_hash_mismatch;da_proof_invalid;attestation_invalid;state_root_mismatch,False,True,trace_length_mismatch,SLASHED
trace_length_mismatch,10,failure-trace_length_mismatch-10,True,False,da_payload_hash_mismatch;da_proof_invalid;attestation_invalid;state_root_mismatch,False,True,trace_length_mismatch,SLASHED
trace_length_mismatch,11,failure-trace_length_mismatch-11,True,False,da_payload_hash_mismatch;da_proof_invalid;attestation_invalid;state_root_mismatch,False,True,trace_length_mismatch,SLASHED
trace_length_mismatch,12,failure-trace_length_mismatch-12,True,False,da_payload_hash_mismatch;da_proof_invalid;attestation_invalid;state_root_mismatch,False,True,trace_length_mismatch,SLASHED
trace_length_mismatch,13,failure-trace_length_mismatch-13,True,False,da_payload_hash_mismatch;da_proof_invalid;attestation_invalid;state_root_mismatch,False,True,trace_length_mismatch,SLASHED
trace_length_mismatch,14,failure-trace_length_mismatch-14,True,False,da_payload_hash_mismatch;da_proof_invalid;attestation_invalid;state_root_mismatch,False,True,trace_length_mismatch,SLASHED
trace_length_mismatch,15,failure-trace_length_mismatch-15,True,False,da_payload_hash_mismatch;da_proof_invalid;attestation_invalid;state_root_mismatch,False,True,trace_length_mismatch,SLASHED
trace_length_mismatch,16,failure-trace_length_mismatch-16,True,False,da_payload_hash_mismatch;da_proof_invalid;attestation_invalid;state_root_mismatch,False,True,trace_length_mismatch,SLASHED
trace_length_mismatch,17,failure-trace_length_mismatch-17,True,False,da_payload_hash_mismatch;da_proof_invalid;attestation_invalid;state_root_mismatch,False,True,trace_length_mismatch,SLASHED
trace_length_mismatch,18,failure-trace_length_mismatch-18,True,False,da_payload_hash_mismatch;da_proof_invalid;attestation_invalid;state_root_mismatch,False,True,trace_length_mismatch,SLASHED
trace_length_mismatch,19,failure-trace_length_mismatch-19,True,False,da_payload_hash_mismatch;da_proof_invalid;attestation_invalid;state_root_mismatch,False,True,trace_length_mismatch,SLASHED
trace_length_mismatch,20,failure-trace_length_mismatch-20,True,False,da_payload_hash_mismatch;da_proof_invalid;attestation_invalid;state_root_mismatch,False,True,trace_length_mismatch,SLASHED
trace_length_mismatch,21,failure-trace_length_mismatch-21,True,False,da_payload_hash_mismatch;da_proof_invalid;attestation_invalid;state_root_mismatch,False,True,trace_length_mismatch,SLASHED
trace_length_mismatch,22,failure-trace_length_mismatch-22,True,False,da_payload_hash_mismatch;da_proof_invalid;attestation_invalid;state_root_mismatch,False,True,trace_length_mismatch,SLASHED
trace_length_mismatch,23,failure-trace_length_mismatch-23,True,False,da_payload_hash_mismatch;da_proof_invalid;attestation_invalid;state_root_mismatch,False,True,trace_length_mismatch,SLASHED
trace_length_mismatch,24,failure-trace_length_mismatch-24,True,False,da_payload_hash_mismatch;da_proof_invalid;attestation_invalid;state_root_mismatch,False,True,trace_length_mismatch,SLASHED
trace_length_mismatch,25,failure-trace_length_mismatch-25,True,False,da_payload_hash_mismatch;da_proof_invalid;attestation_invalid;state_root_mismatch,False,True,trace_length_mismatch,SLASHED
trace_length_mismatch,26,failure-trace_length_mismatch-26,True,False,da_payload_hash_mismatch;da_proof_invalid;attestation_invalid;state_root_mismatch,False,True,trace_length_mismatch,SLASHED
trace_length_mismatch,27,failure-trace_length_mismatch-27,True,False,da_payload_hash_mismatch;da_proof_invalid;attestation_invalid;state_root_mismatch,False,True,trace_length_mismatch,SLASHED
trace_length_mismatch,28,failure-trace_length_mismatch-28,True,False,da_payload_hash_mismatch;da_proof_invalid;attestation_invalid;state_root_mismatch,False,True,trace_length_mismatch,SLASHED
trace_length_mismatch,29,failure-trace_length_mismatch-29,True,False,da_payload_hash_mismatch;da_proof_invalid;attestation_invalid;state_root_mismatch,False,True,trace_length_mismatch,SLASHED
trace_length_mismatch,30,failure-trace_length_mismatch-30,True,False,da_payload_hash_mismatch;da_proof_invalid;attestation_invalid;state_root_mismatch,False,True,trace_length_mismatch,SLASHED
trace_length_mismatch,31,failure-trace_length_mismatch-31,True,False,da_payload_hash_mismatch;da_proof_invalid;attestation_invalid;state_root_mismatch,False,True,trace_length_mismatch,SLASHED
trace_length_mismatch,32,failure-trace_length_mismatch-32,True,False,da_payload_hash_mismatch;da_proof_invalid;attestation_invalid;state_root_mismatch,False,True,trace_length_mismatch,SLASHED
trace_length_mismatch,33,failure-trace_length_mismatch-33,True,False,da_payload_hash_mismatch;da_proof_invalid;attestation_invalid;state_root_mismatch,False,True,trace_length_mismatch,SLASHED
trace_length_mismatch,34,failure-trace_length_mismatch-34,True,False,da_payload_hash_mismatch;da_proof_invalid;attestation_invalid;state_root_mismatch,False,True,trace_length_mismatch,SLASHED
trace_length_mismatch,35,failure-trace_length_mismatch-35,True,False,da_payload_hash_mismatch;da_proof_invalid;attestation_invalid;state_root_mismatch,False,True,trace_length_mismatch,SLASHED
trace_length_mismatch,36,failure-trace_length_mismatch-36,True,False,da_payload_hash_mismatch;da_proof_invalid;attestation_invalid;state_root_mismatch,False,True,trace_length_mismatch,SLASHED
trace_length_mismatch,37,failure-trace_length_mismatch-37,True,False,da_payload_hash_mismatch;da_proof_invalid;attestation_invalid;state_root_mismatch,False,True,trace_length_mismatch,SLASHED
trace_length_mismatch,38,failure-trace_length_mismatch-38,True,False,da_payload_hash_mismatch;da_proof_invalid;attestation_invalid;state_root_mismatch,False,True,trace_length_mismatch,SLASHED
trace_length_mismatch,39,failure-trace_length_mismatch-39,True,False,da_payload_hash_mismatch;da_proof_invalid;attestation_invalid;state_root_mismatch,False,True,trace_length_mismatch,SLASHED
trace_length_mismatch,40,failure-trace_length_mismatch-40,True,False,da_payload_hash_mismatch;da_proof_invalid;attestation_invalid;state_root_mismatch,False,True,trace_length_mismatch,SLASHED
trace_length_mismatch,41,failure-trace_length_mismatch-41,True,False,da_payload_hash_mismatch;da_proof_invalid;attestation_invalid;state_root_mismatch,False,True,trace_length_mismatch,SLASHED
trace_length_mismatch,42,failure-trace_length_mismatch-42,True,False,da_payload_hash_mismatch;da_proof_invalid;attestation_invalid;state_root_mismatch,False,True,trace_length_mismatch,SLASHED
trace_length_mismatch,43,failure-trace_length_mismatch-43,True,False,da_payload_hash_mismatch;da_proof_invalid;attestation_invalid;state_root_mismatch,False,True,trace_length_mismatch,SLASHED
trace_length_mismatch,44,failure-trace_length_mismatch-44,True,False,da_payload_hash_mismatch;da_proof_invalid;attestation_invalid;state_root_mismatch,False,True,trace_length_mismatch,SLASHED
trace_length_mismatch,45,failure-trace_length_mismatch-45,True,False,da_payload_hash_mismatch;da_proof_invalid;attestation_invalid;state_root_mismatch,False,True,trace_length_mismatch,SLASHED
trace_length_mismatch,46,failure-trace_length_mismatch-46,True,False,da_payload_hash_mismatch;da_proof_invalid;attestation_invalid;state_root_mismatch,False,True,trace_length_mismatch,SLASHED
trace_length_mismatch,47,failure-trace_length_mismatch-47,True,False,da_payload_hash_mismatch;da_proof_invalid;attestation_invalid;state_root_mismatch,False,True,trace_length_mismatch,SLASHED
trace_length_mismatch,48,failure-trace_length_mismatch-48,True,False,da_payload_hash_mismatch;da_proof_invalid;attestation_invalid;state_root_mismatch,False,True,trace_length_mismatch,SLASHED
trace_length_mismatch,49,failure-trace_length_mismatch-49,True,False,da_payload_hash_mismatch;da_proof_invalid;attestation_invalid;state_root_mismatch,False,True,trace_length_mismatch,SLASHED
trace_length_mismatch,50,failure-trace_length_mismatch-50,True,False,da_payload_hash_mismatch;da_proof_invalid;attestation_invalid;state_root_mismatch,False,True,trace_length_mismatch,SLASHED
trace_length_mismatch,51,failure-trace_length_mismatch-51,True,False,da_payload_hash_mismatch;da_proof_invalid;attestation_invalid;state_root_mismatch,False,True,trace_length_mismatch,SLASHED
trace_length_mismatch,52,failure-trace_length_mismatch-52,True,False,da_payload_hash_mismatch;da_proof_invalid;attestation_invalid;state_root_mismatch,False,True,trace_length_mismatch,SLASHED
trace_length_mismatch,53,failure-trace_length_mismatch-53,True,False,da_payload_hash_mismatch;da_proof_invalid;attestation_invalid;state_root_mismatch,False,True,trace_length_mismatch,SLASHED
trace_length_mismatch,54,failure-trace_length_mismatch-54,True,False,da_payload_hash_mismatch;da_proof_invalid;attestation_invalid;state_root_mismatch,False,True,trace_length_mismatch,SLASHED
trace_length_mismatch,55,failure-trace_length_mismatch-55,True,False,da_payload_hash_mismatch;da_proof_invalid;attestation_invalid;state_root_mismatch,False,True,trace_length_mismatch,SLASHED
trace_length_mismatch,56,failure-trace_length_mismatch-56,True,False,da_payload_hash_mismatch;da_proof_invalid;attestation_invalid;state_root_mismatch,False,True,trace_length_mismatch,SLASHED
trace_length_mismatch,57,failure-trace_length_mismatch-57,True,False,da_payload_hash_mismatch;da_proof_invalid;attestation_invalid;state_root_mismatch,False,True,trace_length_mismatch,SLASHED
trace_length_mismatch,58,failure-trace_length_mismatch-58,True,False,da_payload_hash_mismatch;da_proof_invalid;attestation_invalid;state_root_mismatch,False,True,trace_length_mismatch,SLASHED
trace_length_mismatch,59,failure-trace_length_mismatch-59,True,False,da_payload_hash_mismatch;da_proof_invalid;attestation_invalid;state_root_mismatch,False,True,trace_length_mismatch,SLASHED
trace_length_mismatch,60,failure-trace_length_mismatch-60,True,False,da_payload_hash_mismatch;da_proof_invalid;attestation_invalid;state_root_mismatch,False,True,trace_length_mismatch,SLASHED
trace_length_mismatch,61,failure-trace_length_mismatch-61,True,False,da_payload_hash_mismatch;da_proof_invalid;attestation_invalid;state_root_mismatch,False,True,trace_length_mismatch,SLASHED
trace_length_mismatch,62,failure-trace_length_mismatch-62,True,False,da_payload_hash_mismatch;da_proof_invalid;attestation_invalid;state_root_mismatch,False,True,trace_length_mismatch,SLASHED
trace_length_mismatch,63,failure-trace_length_mismatch-63,True,False,da_payload_hash_mismatch;da_proof_invalid;attestation_invalid;state_root_mismatch,False,True,trace_length_mismatch,SLASHED
trace_length_mismatch,64,failure-trace_length_mismatch-64,True,False,da_payload_hash_mismatch;da_proof_invalid;attestation_invalid;state_root_mismatch,False,True,trace_length_mismatch,SLASHED
trace_length_mismatch,65,failure-trace_length_mismatch-65,True,False,da_payload_hash_mismatch;da_proof_invalid;attestation_invalid;state_root_mismatch,False,True,trace_length_mismatch,SLASHED
trace_length_mismatch,66,failure-trace_length_mismatch-66,True,False,da_payload_hash_mismatch;da_proof_invalid;attestation_invalid;state_root_mismatch,False,True,trace_length_mismatch,SLASHED
trace_length_mismatch,67,failure-trace_length_mismatch-67,True,False,da_payload_hash_mismatch;da_proof_invalid;attestation_invalid;state_root_mismatch,False,True,trace_length_mismatch,SLASHED
trace_length_mismatch,68,failure-trace_length_mismatch-68,True,False,da_payload_hash_mismatch;da_proof_invalid;attestation_invalid;state_root_mismatch,False,True,trace_length_mismatch,SLASHED
trace_length_mismatch,69,failure-trace_length_mismatch-69,True,False,da_payload_hash_mismatch;da_proof_invalid;attestation_invalid;state_root_mismatch,False,True,trace_length_mismatch,SLASHED
trace_length_mismatch,70,failure-trace_length_mismatch-70,True,False,da_payload_hash_mismatch;da_proof_invalid;attestation_invalid;state_root_mismatch,False,True,trace_length_mismatch,SLASHED
trace_length_mismatch,71,failure-trace_length_mismatch-71,True,False,da_payload_hash_mismatch;da_proof_invalid;attestation_invalid;state_root_mismatch,False,True,trace_length_mismatch,SLASHED
trace_length_mismatch,72,failure-trace_length_mismatch-72,True,False,da_payload_hash_mismatch;da_proof_invalid;attestation_invalid;state_root_mismatch,False,True,trace_length_mismatch,SLASHED
trace_length_mismatch,73,failure-trace_length_mismatch-73,True,False,da_payload_hash_mismatch;da_proof_invalid;attestation_invalid;state_root_mismatch,False,True,trace_length_mismatch,SLASHED
trace_length_mismatch,74,failure-trace_length_mismatch-74,True,False,da_payload_hash_mismatch;da_proof_invalid;attestation_invalid;state_root_mismatch,False,True,trace_length_mismatch,SLASHED
trace_length_mismatch,75,failure-trace_length_mismatch-75,True,False,da_payload_hash_mismatch;da_proof_invalid;attestation_invalid;state_root_mismatch,False,True,trace_length_mismatch,SLASHED
trace_length_mismatch,76,failure-trace_length_mismatch-76,True,False,da_payload_hash_mismatch;da_proof_invalid;attestation_invalid;state_root_mismatch,False,True,trace_length_mismatch,SLASHED
trace_length_mismatch,77,failure-trace_length_mismatch-77,True,False,da_payload_hash_mismatch;da_proof_invalid;attestation_invalid;state_root_mismatch,False,True,trace_length_mismatch,SLASHED
trace_length_mismatch,78,failure-trace_length_mismatch-78,True,False,da_payload_hash_mismatch;da_proof_invalid;attestation_invalid;state_root_mismatch,False,True,trace_length_mismatch,SLASHED
trace_length_mismatch,79,failure-trace_length_mismatch-79,True,False,da_payload_hash_mismatch;da_proof_invalid;attestation_invalid;state_root_mismatch,False,True,trace_length_mismatch,SLASHED
trace_length_mismatch,80,failure-trace_length_mismatch-80,True,False,da_payload_hash_mismatch;da_proof_invalid;attestation_invalid;state_root_mismatch,False,True,trace_length_mismatch,SLASHED
trace_length_mismatch,81,failure-trace_length_mismatch-81,True,False,da_payload_hash_mismatch;da_proof_invalid;attestation_invalid;state_root_mismatch,False,True,trace_length_mismatch,SLASHED
trace_length_mismatch,82,failure-trace_length_mismatch-82,True,False,da_payload_hash_mismatch;da_proof_invalid;attestation_invalid;state_root_mismatch,False,True,trace_length_mismatch,SLASHED
trace_length_mismatch,83,failure-trace_length_mismatch-83,True,False,da_payload_hash_mismatch;da_proof_invalid;attestation_invalid;state_root_mismatch,False,True,trace_length_mismatch,SLASHED
trace_length_mismatch,84,failure-trace_length_mismatch-84,True,False,da_payload_hash_mismatch;da_proof_invalid;attestation_invalid;state_root_mismatch,False,True,trace_length_mismatch,SLASHED
trace_length_mismatch,85,failure-trace_length_mismatch-85,True,False,da_payload_hash_mismatch;da_proof_invalid;attestation_invalid;state_root_mismatch,False,True,trace_length_mismatch,SLASHED
trace_length_mismatch,86,failure-trace_length_mismatch-86,True,False,da_payload_hash_mismatch;da_proof_invalid;attestation_invalid;state_root_mismatch,False,True,trace_length_mismatch,SLASHED
trace_length_mismatch,87,failure-trace_length_mismatch-87,True,False,da_payload_hash_mismatch;da_proof_invalid;attestation_invalid;state_root_mismatch,False,True,trace_length_mismatch,SLASHED
trace_length_mismatch,88,failure-trace_length_mismatch-88,True,False,da_payload_hash_mismatch;da_proof_invalid;attestation_invalid;state_root_mismatch,False,True,trace_length_mismatch,SLASHED
trace_length_mismatch,89,failure-trace_length_mismatch-89,True,False,da_payload_hash_mismatch;da_proof_invalid;attestation_invalid;state_root_mismatch,False,True,trace_length_mismatch,SLASHED
trace_length_mismatch,90,failure-trace_length_mismatch-90,True,False,da_payload_hash_mismatch;da_proof_invalid;attestation_invalid;state_root_mismatch,False,True,trace_length_mismatch,SLASHED
trace_length_mismatch,91,failure-trace_length_mismatch-91,True,False,da_payload_hash_mismatch;da_proof_invalid;attestation_invalid;state_root_mismatch,False,True,trace_length_mismatch,SLASHED
trace_length_mismatch,92,failure-trace_length_mismatch-92,True,False,da_payload_hash_mismatch;da_proof_invalid;attestation_invalid;state_root_mismatch,False,True,trace_length_mismatch,SLASHED
trace_length_mismatch,93,failure-trace_length_mismatch-93,True,False,da_payload_hash_mismatch;da_proof_invalid;attestation_invalid;state_root_mismatch,False,True,trace_length_mismatch,SLASHED
trace_length_mismatch,94,failure-trace_length_mismatch-94,True,False,da_payload_hash_mismatch;da_proof_invalid;attestation_invalid;state_root_mismatch,False,True,trace_length_mismatch,SLASHED
trace_length_mismatch,95,failure-trace_length_mismatch-95,True,False,da_payload_hash_mismatch;da_proof_invalid;attestation_invalid;state_root_mismatch,False,True,trace_length_mismatch,SLASHED
trace_length_mismatch,96,failure-trace_length_mismatch-96,True,False,da_payload_hash_mismatch;da_proof_invalid;attestation_invalid;state_root_mismatch,False,True,trace_length_mismatch,SLASHED
trace_length_mismatch,97,failure-trace_length_mismatch-97,True,False,da_payload_hash_mismatch;da_proof_invalid;attestation_invalid;state_root_mismatch,False,True,trace_length_mismatch,SLASHED
trace_length_mismatch,98,failure-trace_length_mismatch-98,True,False,da_payload_hash_mismatch;da_proof_invalid;attestation_invalid;state_root_mismatch,False,True,trace_length_mismatch,SLASHED
trace_length_mismatch,99,failure-trace_length_mismatch-99,True,False,da_payload_hash_mismatch;da_proof_invalid;attestation_invalid;state_root_mismatch,False,True,trace_length_mismatch,SLASHED
trace_length_mismatch,100,failure-trace_length_mismatch-100,True,False,da_payload_hash_mismatch;da_proof_invalid;attestation_invalid;state_root_mismatch,False,True,trace_length_mismatch,SLASHED
challenge_timeout_no_recover,1,failure-challenge_timeout_no_recover-1,True,True,,False,False,challenge session timed out,PENDING
challenge_timeout_no_recover,2,failure-challenge_timeout_no_recover-2,True,True,,False,False,challenge session timed out,PENDING
challenge_timeout_no_recover,3,failure-challenge_timeout_no_recover-3,True,True,,False,False,challenge session timed out,PENDING
challenge_timeout_no_recover,4,failure-challenge_timeout_no_recover-4,True,True,,False,False,challenge session timed out,PENDING
challenge_timeout_no_recover,5,failure-challenge_timeout_no_recover-5,True,True,,False,False,challenge session timed out,PENDING
challenge_timeout_no_recover,6,failure-challenge_timeout_no_recover-6,True,True,,False,False,challenge session timed out,PENDING
challenge_timeout_no_recover,7,failure-challenge_timeout_no_recover-7,True,True,,False,False,challenge session timed out,PENDING
challenge_timeout_no_recover,8,failure-challenge_timeout_no_recover-8,True,True,,False,False,challenge session timed out,PENDING
challenge_timeout_no_recover,9,failure-challenge_timeout_no_recover-9,True,True,,False,False,challenge session timed out,PENDING
challenge_timeout_no_recover,10,failure-challenge_timeout_no_recover-10,True,True,,False,False,challenge session timed out,PENDING
challenge_timeout_no_recover,11,failure-challenge_timeout_no_recover-11,True,True,,False,False,challenge session timed out,PENDING
challenge_timeout_no_recover,12,failure-challenge_timeout_no_recover-12,True,True,,False,False,challenge session timed out,PENDING
challenge_timeout_no_recover,13,failure-challenge_timeout_no_recover-13,True,True,,False,False,challenge session timed out,PENDING
challenge_timeout_no_recover,14,failure-challenge_timeout_no_recover-14,True,True,,False,False,challenge session timed out,PENDING
challenge_timeout_no_recover,15,failure-challenge_timeout_no_recover-15,True,True,,False,False,challenge session timed out,PENDING
challenge_timeout_no_recover,16,failure-challenge_timeout_no_recover-16,True,True,,False,False,challenge session timed out,PENDING
challenge_timeout_no_recover,17,failure-challenge_timeout_no_recover-17,True,True,,False,False,challenge session timed out,PENDING
challenge_timeout_no_recover,18,failure-challenge_timeout_no_recover-18,True,True,,False,False,challenge session timed out,PENDING
challenge_timeout_no_recover,19,failure-challenge_timeout_no_recover-19,True,True,,False,False,challenge session timed out,PENDING
challenge_timeout_no_recover,20,failure-challenge_timeout_no_recover-20,True,True,,False,False,challenge session timed out,PENDING
challenge_timeout_no_recover,21,failure-challenge_timeout_no_recover-21,True,True,,False,False,challenge session timed out,PENDING
challenge_timeout_no_recover,22,failure-challenge_timeout_no_recover-22,True,True,,False,False,challenge session timed out,PENDING
challenge_timeout_no_recover,23,failure-challenge_timeout_no_recover-23,True,True,,False,False,challenge session timed out,PENDING
challenge_timeout_no_recover,24,failure-challenge_timeout_no_recover-24,True,True,,False,False,challenge session timed out,PENDING
challenge_timeout_no_recover,25,failure-challenge_timeout_no_recover-25,True,True,,False,False,challenge session timed out,PENDING
challenge_timeout_no_recover,26,failure-challenge_timeout_no_recover-26,True,True,,False,False,challenge session timed out,PENDING
challenge_timeout_no_recover,27,failure-challenge_timeout_no_recover-27,True,True,,False,False,challenge session timed out,PENDING
challenge_timeout_no_recover,28,failure-challenge_timeout_no_recover-28,True,True,,False,False,challenge session timed out,PENDING
challenge_timeout_no_recover,29,failure-challenge_timeout_no_recover-29,True,True,,False,False,challenge session timed out,PENDING
challenge_timeout_no_recover,30,failure-challenge_timeout_no_recover-30,True,True,,False,False,challenge session timed out,PENDING
challenge_timeout_no_recover,31,failure-challenge_timeout_no_recover-31,True,True,,False,False,challenge session timed out,PENDING
challenge_timeout_no_recover,32,failure-challenge_timeout_no_recover-32,True,True,,False,False,challenge session timed out,PENDING
challenge_timeout_no_recover,33,failure-challenge_timeout_no_recover-33,True,True,,False,False,challenge session timed out,PENDING
challenge_timeout_no_recover,34,failure-challenge_timeout_no_recover-34,True,True,,False,False,challenge session timed out,PENDING
challenge_timeout_no_recover,35,failure-challenge_timeout_no_recover-35,True,True,,False,False,challenge session timed out,PENDING
challenge_timeout_no_recover,36,failure-challenge_timeout_no_recover-36,True,True,,False,False,challenge session timed out,PENDING
challenge_timeout_no_recover,37,failure-challenge_timeout_no_recover-37,True,True,,False,False,challenge session timed out,PENDING
challenge_timeout_no_recover,38,failure-challenge_timeout_no_recover-38,True,True,,False,False,challenge session timed out,PENDING
challenge_timeout_no_recover,39,failure-challenge_timeout_no_recover-39,True,True,,False,False,challenge session timed out,PENDING
challenge_timeout_no_recover,40,failure-challenge_timeout_no_recover-40,True,True,,False,False,challenge session timed out,PENDING
challenge_timeout_no_recover,41,failure-challenge_timeout_no_recover-41,True,True,,False,False,challenge session timed out,PENDING
challenge_timeout_no_recover,42,failure-challenge_timeout_no_recover-42,True,True,,False,False,challenge session timed out,PENDING
challenge_timeout_no_recover,43,failure-challenge_timeout_no_recover-43,True,True,,False,False,challenge session timed out,PENDING
challenge_timeout_no_recover,44,failure-challenge_timeout_no_recover-44,True,True,,False,False,challenge session timed out,PENDING
challenge_timeout_no_recover,45,failure-challenge_timeout_no_recover-45,True,True,,False,False,challenge session timed out,PENDING
challenge_timeout_no_recover,46,failure-challenge_timeout_no_recover-46,True,True,,False,False,challenge session timed out,PENDING
challenge_timeout_no_recover,47,failure-challenge_timeout_no_recover-47,True,True,,False,False,challenge session timed out,PENDING
challenge_timeout_no_recover,48,failure-challenge_timeout_no_recover-48,True,True,,False,False,challenge session timed out,PENDING
challenge_timeout_no_recover,49,failure-challenge_timeout_no_recover-49,True,True,,False,False,challenge session timed out,PENDING
challenge_timeout_no_recover,50,failure-challenge_timeout_no_recover-50,True,True,,False,False,challenge session timed out,PENDING
challenge_timeout_no_recover,51,failure-challenge_timeout_no_recover-51,True,True,,False,False,challenge session timed out,PENDING
challenge_timeout_no_recover,52,failure-challenge_timeout_no_recover-52,True,True,,False,False,challenge session timed out,PENDING
challenge_timeout_no_recover,53,failure-challenge_timeout_no_recover-53,True,True,,False,False,challenge session timed out,PENDING
challenge_timeout_no_recover,54,failure-challenge_timeout_no_recover-54,True,True,,False,False,challenge session timed out,PENDING
challenge_timeout_no_recover,55,failure-challenge_timeout_no_recover-55,True,True,,False,False,challenge session timed out,PENDING
challenge_timeout_no_recover,56,failure-challenge_timeout_no_recover-56,True,True,,False,False,challenge session timed out,PENDING
challenge_timeout_no_recover,57,failure-challenge_timeout_no_recover-57,True,True,,False,False,challenge session timed out,PENDING
challenge_timeout_no_recover,58,failure-challenge_timeout_no_recover-58,True,True,,False,False,challenge session timed out,PENDING
challenge_timeout_no_recover,59,failure-challenge_timeout_no_recover-59,True,True,,False,False,challenge session timed out,PENDING
challenge_timeout_no_recover,60,failure-challenge_timeout_no_recover-60,True,True,,False,False,challenge session timed out,PENDING
challenge_timeout_no_recover,61,failure-challenge_timeout_no_recover-61,True,True,,False,False,challenge session timed out,PENDING
challenge_timeout_no_recover,62,failure-challenge_timeout_no_recover-62,True,True,,False,False,challenge session timed out,PENDING
challenge_timeout_no_recover,63,failure-challenge_timeout_no_recover-63,True,True,,False,False,challenge session timed out,PENDING
challenge_timeout_no_recover,64,failure-challenge_timeout_no_recover-64,True,True,,False,False,challenge session timed out,PENDING
challenge_timeout_no_recover,65,failure-challenge_timeout_no_recover-65,True,True,,False,False,challenge session timed out,PENDING
challenge_timeout_no_recover,66,failure-challenge_timeout_no_recover-66,True,True,,False,False,challenge session timed out,PENDING
challenge_timeout_no_recover,67,failure-challenge_timeout_no_recover-67,True,True,,False,False,challenge session timed out,PENDING
challenge_timeout_no_recover,68,failure-challenge_timeout_no_recover-68,True,True,,False,False,challenge session timed out,PENDING
challenge_timeout_no_recover,69,failure-challenge_timeout_no_recover-69,True,True,,False,False,challenge session timed out,PENDING
challenge_timeout_no_recover,70,failure-challenge_timeout_no_recover-70,True,True,,False,False,challenge session timed out,PENDING
challenge_timeout_no_recover,71,failure-challenge_timeout_no_recover-71,True,True,,False,False,challenge session timed out,PENDING
challenge_timeout_no_recover,72,failure-challenge_timeout_no_recover-72,True,True,,False,False,challenge session timed out,PENDING
challenge_timeout_no_recover,73,failure-challenge_timeout_no_recover-73,True,True,,False,False,challenge session timed out,PENDING
challenge_timeout_no_recover,74,failure-challenge_timeout_no_recover-74,True,True,,False,False,challenge session timed out,PENDING
challenge_timeout_no_recover,75,failure-challenge_timeout_no_recover-75,True,True,,False,False,challenge session timed out,PENDING
challenge_timeout_no_recover,76,failure-challenge_timeout_no_recover-76,True,True,,False,False,challenge session timed out,PENDING
challenge_timeout_no_recover,77,failure-challenge_timeout_no_recover-77,True,True,,False,False,challenge session timed out,PENDING
challenge_timeout_no_recover,78,failure-challenge_timeout_no_recover-78,True,True,,False,False,challenge session timed out,PENDING
challenge_timeout_no_recover,79,failure-challenge_timeout_no_recover-79,True,True,,False,False,challenge session timed out,PENDING
challenge_timeout_no_recover,80,failure-challenge_timeout_no_recover-80,True,True,,False,False,challenge session timed out,PENDING
challenge_timeout_no_recover,81,failure-challenge_timeout_no_recover-81,True,True,,False,False,challenge session timed out,PENDING
challenge_timeout_no_recover,82,failure-challenge_timeout_no_recover-82,True,True,,False,False,challenge session timed out,PENDING
challenge_timeout_no_recover,83,failure-challenge_timeout_no_recover-83,True,True,,False,False,challenge session timed out,PENDING
challenge_timeout_no_recover,84,failure-challenge_timeout_no_recover-84,True,True,,False,False,challenge session timed out,PENDING
challenge_timeout_no_recover,85,failure-challenge_timeout_no_recover-85,True,True,,False,False,challenge session timed out,PENDING
challenge_timeout_no_recover,86,failure-challenge_timeout_no_recover-86,True,True,,False,False,challenge session timed out,PENDING
challenge_timeout_no_recover,87,failure-challenge_timeout_no_recover-87,True,True,,False,False,challenge session timed out,PENDING
challenge_timeout_no_recover,88,failure-challenge_timeout_no_recover-88,True,True,,False,False,challenge session timed out,PENDING
challenge_timeout_no_recover,89,failure-challenge_timeout_no_recover-89,True,True,,False,False,challenge session timed out,PENDING
challenge_timeout_no_recover,90,failure-challenge_timeout_no_recover-90,True,True,,False,False,challenge session timed out,PENDING
challenge_timeout_no_recover,91,failure-challenge_timeout_no_recover-91,True,True,,False,False,challenge session timed out,PENDING
challenge_timeout_no_recover,92,failure-challenge_timeout_no_recover-92,True,True,,False,False,challenge session timed out,PENDING
challenge_timeout_no_recover,93,failure-challenge_timeout_no_recover-93,True,True,,False,False,challenge session timed out,PENDING
challenge_timeout_no_recover,94,failure-challenge_timeout_no_recover-94,True,True,,False,False,challenge session timed out,PENDING
challenge_timeout_no_recover,95,failure-challenge_timeout_no_recover-95,True,True,,False,False,challenge session timed out,PENDING
challenge_timeout_no_recover,96,failure-challenge_timeout_no_recover-96,True,True,,False,False,challenge session timed out,PENDING
challenge_timeout_no_recover,97,failure-challenge_timeout_no_recover-97,True,True,,False,False,challenge session timed out,PENDING
challenge_timeout_no_recover,98,failure-challenge_timeout_no_recover-98,True,True,,False,False,challenge session timed out,PENDING
challenge_timeout_no_recover,99,failure-challenge_timeout_no_recover-99,True,True,,False,False,challenge session timed out,PENDING
challenge_timeout_no_recover,100,failure-challenge_timeout_no_recover-100,True,True,,False,False,challenge session timed out,PENDING
challenge_timeout_recover,1,failure-challenge_timeout_recover-1,True,True,,True,True,step_state_mismatch,SLASHED
challenge_timeout_recover,2,failure-challenge_timeout_recover-2,True,True,,True,True,step_state_mismatch,SLASHED
challenge_timeout_recover,3,failure-challenge_timeout_recover-3,True,True,,True,True,step_state_mismatch,SLASHED
challenge_timeout_recover,4,failure-challenge_timeout_recover-4,True,True,,True,True,step_state_mismatch,SLASHED
challenge_timeout_recover,5,failure-challenge_timeout_recover-5,True,True,,True,True,step_state_mismatch,SLASHED
challenge_timeout_recover,6,failure-challenge_timeout_recover-6,True,True,,True,True,step_state_mismatch,SLASHED
challenge_timeout_recover,7,failure-challenge_timeout_recover-7,True,True,,True,True,step_state_mismatch,SLASHED
challenge_timeout_recover,8,failure-challenge_timeout_recover-8,True,True,,True,True,step_state_mismatch,SLASHED
challenge_timeout_recover,9,failure-challenge_timeout_recover-9,True,True,,True,True,step_state_mismatch,SLASHED
challenge_timeout_recover,10,failure-challenge_timeout_recover-10,True,True,,True,True,step_state_mismatch,SLASHED
challenge_timeout_recover,11,failure-challenge_timeout_recover-11,True,True,,True,True,step_state_mismatch,SLASHED
challenge_timeout_recover,12,failure-challenge_timeout_recover-12,True,True,,True,True,step_state_mismatch,SLASHED
challenge_timeout_recover,13,failure-challenge_timeout_recover-13,True,True,,True,True,step_state_mismatch,SLASHED
challenge_timeout_recover,14,failure-challenge_timeout_recover-14,True,True,,True,True,step_state_mismatch,SLASHED
challenge_timeout_recover,15,failure-challenge_timeout_recover-15,True,True,,True,True,step_state_mismatch,SLASHED
challenge_timeout_recover,16,failure-challenge_timeout_recover-16,True,True,,True,True,step_state_mismatch,SLASHED
challenge_timeout_recover,17,failure-challenge_timeout_recover-17,True,True,,True,True,step_state_mismatch,SLASHED
challenge_timeout_recover,18,failure-challenge_timeout_recover-18,True,True,,True,True,step_state_mismatch,SLASHED
challenge_timeout_recover,19,failure-challenge_timeout_recover-19,True,True,,True,True,step_state_mismatch,SLASHED
challenge_timeout_recover,20,failure-challenge_timeout_recover-20,True,True,,True,True,step_state_mismatch,SLASHED
challenge_timeout_recover,21,failure-challenge_timeout_recover-21,True,True,,True,True,step_state_mismatch,SLASHED
challenge_timeout_recover,22,failure-challenge_timeout_recover-22,True,True,,True,True,step_state_mismatch,SLASHED
challenge_timeout_recover,23,failure-challenge_timeout_recover-23,True,True,,True,True,step_state_mismatch,SLASHED
challenge_timeout_recover,24,failure-challenge_timeout_recover-24,True,True,,True,True,step_state_mismatch,SLASHED
challenge_timeout_recover,25,failure-challenge_timeout_recover-25,True,True,,True,True,step_state_mismatch,SLASHED
challenge_timeout_recover,26,failure-challenge_timeout_recover-26,True,True,,True,True,step_state_mismatch,SLASHED
challenge_timeout_recover,27,failure-challenge_timeout_recover-27,True,True,,True,True,step_state_mismatch,SLASHED
challenge_timeout_recover,28,failure-challenge_timeout_recover-28,True,True,,True,True,step_state_mismatch,SLASHED
challenge_timeout_recover,29,failure-challenge_timeout_recover-29,True,True,,True,True,step_state_mismatch,SLASHED
challenge_timeout_recover,30,failure-challenge_timeout_recover-30,True,True,,True,True,step_state_mismatch,SLASHED
challenge_timeout_recover,31,failure-challenge_timeout_recover-31,True,True,,True,True,step_state_mismatch,SLASHED
challenge_timeout_recover,32,failure-challenge_timeout_recover-32,True,True,,True,True,step_state_mismatch,SLASHED
challenge_timeout_recover,33,failure-challenge_timeout_recover-33,True,True,,True,True,step_state_mismatch,SLASHED
challenge_timeout_recover,34,failure-challenge_timeout_recover-34,True,True,,True,True,step_state_mismatch,SLASHED
challenge_timeout_recover,35,failure-challenge_timeout_recover-35,True,True,,True,True,step_state_mismatch,SLASHED
challenge_timeout_recover,36,failure-challenge_timeout_recover-36,True,True,,True,True,step_state_mismatch,SLASHED
challenge_timeout_recover,37,failure-challenge_timeout_recover-37,True,True,,True,True,step_state_mismatch,SLASHED
challenge_timeout_recover,38,failure-challenge_timeout_recover-38,True,True,,True,True,step_state_mismatch,SLASHED
challenge_timeout_recover,39,failure-challenge_timeout_recover-39,True,True,,True,True,step_state_mismatch,SLASHED
challenge_timeout_recover,40,failure-challenge_timeout_recover-40,True,True,,True,True,step_state_mismatch,SLASHED
challenge_timeout_recover,41,failure-challenge_timeout_recover-41,True,True,,True,True,step_state_mismatch,SLASHED
challenge_timeout_recover,42,failure-challenge_timeout_recover-42,True,True,,True,True,step_state_mismatch,SLASHED
challenge_timeout_recover,43,failure-challenge_timeout_recover-43,True,True,,True,True,step_state_mismatch,SLASHED
challenge_timeout_recover,44,failure-challenge_timeout_recover-44,True,True,,True,True,step_state_mismatch,SLASHED
challenge_timeout_recover,45,failure-challenge_timeout_recover-45,True,True,,True,True,step_state_mismatch,SLASHED
challenge_timeout_recover,46,failure-challenge_timeout_recover-46,True,True,,True,True,step_state_mismatch,SLASHED
challenge_timeout_recover,47,failure-challenge_timeout_recover-47,True,True,,True,True,step_state_mismatch,SLASHED
challenge_timeout_recover,48,failure-challenge_timeout_recover-48,True,True,,True,True,step_state_mismatch,SLASHED
challenge_timeout_recover,49,failure-challenge_timeout_recover-49,True,True,,True,True,step_state_mismatch,SLASHED
challenge_timeout_recover,50,failure-challenge_timeout_recover-50,True,True,,True,True,step_state_mismatch,SLASHED
challenge_timeout_recover,51,failure-challenge_timeout_recover-51,True,True,,True,True,step_state_mismatch,SLASHED
challenge_timeout_recover,52,failure-challenge_timeout_recover-52,True,True,,True,True,step_state_mismatch,SLASHED
challenge_timeout_recover,53,failure-challenge_timeout_recover-53,True,True,,True,True,step_state_mismatch,SLASHED
challenge_timeout_recover,54,failure-challenge_timeout_recover-54,True,True,,True,True,step_state_mismatch,SLASHED
challenge_timeout_recover,55,failure-challenge_timeout_recover-55,True,True,,True,True,step_state_mismatch,SLASHED
challenge_timeout_recover,56,failure-challenge_timeout_recover-56,True,True,,True,True,step_state_mismatch,SLASHED
challenge_timeout_recover,57,failure-challenge_timeout_recover-57,True,True,,True,True,step_state_mismatch,SLASHED
challenge_timeout_recover,58,failure-challenge_timeout_recover-58,True,True,,True,True,step_state_mismatch,SLASHED
challenge_timeout_recover,59,failure-challenge_timeout_recover-59,True,True,,True,True,step_state_mismatch,SLASHED
challenge_timeout_recover,60,failure-challenge_timeout_recover-60,True,True,,True,True,step_state_mismatch,SLASHED
challenge_timeout_recover,61,failure-challenge_timeout_recover-61,True,True,,True,True,step_state_mismatch,SLASHED
challenge_timeout_recover,62,failure-challenge_timeout_recover-62,True,True,,True,True,step_state_mismatch,SLASHED
challenge_timeout_recover,63,failure-challenge_timeout_recover-63,True,True,,True,True,step_state_mismatch,SLASHED
challenge_timeout_recover,64,failure-challenge_timeout_recover-64,True,True,,True,True,step_state_mismatch,SLASHED
challenge_timeout_recover,65,failure-challenge_timeout_recover-65,True,True,,True,True,step_state_mismatch,SLASHED
challenge_timeout_recover,66,failure-challenge_timeout_recover-66,True,True,,True,True,step_state_mismatch,SLASHED
challenge_timeout_recover,67,failure-challenge_timeout_recover-67,True,True,,True,True,step_state_mismatch,SLASHED
challenge_timeout_recover,68,failure-challenge_timeout_recover-68,True,True,,True,True,step_state_mismatch,SLASHED
challenge_timeout_recover,69,failure-challenge_timeout_recover-69,True,True,,True,True,step_state_mismatch,SLASHED
challenge_timeout_recover,70,failure-challenge_timeout_recover-70,True,True,,True,True,step_state_mismatch,SLASHED
challenge_timeout_recover,71,failure-challenge_timeout_recover-71,True,True,,True,True,step_state_mismatch,SLASHED
challenge_timeout_recover,72,failure-challenge_timeout_recover-72,True,True,,True,True,step_state_mismatch,SLASHED
challenge_timeout_recover,73,failure-challenge_timeout_recover-73,True,True,,True,True,step_state_mismatch,SLASHED
challenge_timeout_recover,74,failure-challenge_timeout_recover-74,True,True,,True,True,step_state_mismatch,SLASHED
challenge_timeout_recover,75,failure-challenge_timeout_recover-75,True,True,,True,True,step_state_mismatch,SLASHED
challenge_timeout_recover,76,failure-challenge_timeout_recover-76,True,True,,True,True,step_state_mismatch,SLASHED
challenge_timeout_recover,77,failure-challenge_timeout_recover-77,True,True,,True,True,step_state_mismatch,SLASHED
challenge_timeout_recover,78,failure-challenge_timeout_recover-78,True,True,,True,True,step_state_mismatch,SLASHED
challenge_timeout_recover,79,failure-challenge_timeout_recover-79,True,True,,True,True,step_state_mismatch,SLASHED
challenge_timeout_recover,80,failure-challenge_timeout_recover-80,True,True,,True,True,step_state_mismatch,SLASHED
challenge_timeout_recover,81,failure-challenge_timeout_recover-81,True,True,,True,True,step_state_mismatch,SLASHED
challenge_timeout_recover,82,failure-challenge_timeout_recover-82,True,True,,True,True,step_state_mismatch,SLASHED
challenge_timeout_recover,83,failure-challenge_timeout_recover-83,True,True,,True,True,step_state_mismatch,SLASHED
challenge_timeout_recover,84,failure-challenge_timeout_recover-84,True,True,,True,True,step_state_mismatch,SLASHED
challenge_timeout_recover,85,failure-challenge_timeout_recover-85,True,True,,True,True,step_state_mismatch,SLASHED
challenge_timeout_recover,86,failure-challenge_timeout_recover-86,True,True,,True,True,step_state_mismatch,SLASHED
challenge_timeout_recover,87,failure-challenge_timeout_recover-87,True,True,,True,True,step_state_mismatch,SLASHED
challenge_timeout_recover,88,failure-challenge_timeout_recover-88,True,True,,True,True,step_state_mismatch,SLASHED
challenge_timeout_recover,89,failure-challenge_timeout_recover-89,True,True,,True,True,step_state_mismatch,SLASHED
challenge_timeout_recover,90,failure-challenge_timeout_recover-90,True,True,,True,True,step_state_mismatch,SLASHED
challenge_timeout_recover,91,failure-challenge_timeout_recover-91,True,True,,True,True,step_state_mismatch,SLASHED
challenge_timeout_recover,92,failure-challenge_timeout_recover-92,True,True,,True,True,step_state_mismatch,SLASHED
challenge_timeout_recover,93,failure-challenge_timeout_recover-93,True,True,,True,True,step_state_mismatch,SLASHED
challenge_timeout_recover,94,failure-challenge_timeout_recover-94,True,True,,True,True,step_state_mismatch,SLASHED
challenge_timeout_recover,95,failure-challenge_timeout_recover-95,True,True,,True,True,step_state_mismatch,SLASHED
challenge_timeout_recover,96,failure-challenge_timeout_recover-96,True,True,,True,True,step_state_mismatch,SLASHED
challenge_timeout_recover,97,failure-challenge_timeout_recover-97,True,True,,True,True,step_state_mismatch,SLASHED
challenge_timeout_recover,98,failure-challenge_timeout_recover-98,True,True,,True,True,step_state_mismatch,SLASHED
challenge_timeout_recover,99,failure-challenge_timeout_recover-99,True,True,,True,True,step_state_mismatch,SLASHED
challenge_timeout_recover,100,failure-challenge_timeout_recover-100,True,True,,True,True,step_state_mismatch,SLASHED
da_unavailable,1,failure-da_unavailable-1,True,False,da_unavailable,False,False,,PENDING
da_unavailable,2,failure-da_unavailable-2,True,False,da_unavailable,False,False,,PENDING
da_unavailable,3,failure-da_unavailable-3,True,False,da_unavailable,False,False,,PENDING
da_unavailable,4,failure-da_unavailable-4,True,False,da_unavailable,False,False,,PENDING
da_unavailable,5,failure-da_unavailable-5,True,False,da_unavailable,False,False,,PENDING
da_unavailable,6,failure-da_unavailable-6,True,False,da_unavailable,False,False,,PENDING
da_unavailable,7,failure-da_unavailable-7,True,False,da_unavailable,False,False,,PENDING
da_unavailable,8,failure-da_unavailable-8,True,False,da_unavailable,False,False,,PENDING
da_unavailable,9,failure-da_unavailable-9,True,False,da_unavailable,False,False,,PENDING
da_unavailable,10,failure-da_unavailable-10,True,False,da_unavailable,False,False,,PENDING
da_unavailable,11,failure-da_unavailable-11,True,False,da_unavailable,False,False,,PENDING
da_unavailable,12,failure-da_unavailable-12,True,False,da_unavailable,False,False,,PENDING
da_unavailable,13,failure-da_unavailable-13,True,False,da_unavailable,False,False,,PENDING
da_unavailable,14,failure-da_unavailable-14,True,False,da_unavailable,False,False,,PENDING
da_unavailable,15,failure-da_unavailable-15,True,False,da_unavailable,False,False,,PENDING
da_unavailable,16,failure-da_unavailable-16,True,False,da_unavailable,False,False,,PENDING
da_unavailable,17,failure-da_unavailable-17,True,False,da_unavailable,False,False,,PENDING
da_unavailable,18,failure-da_unavailable-18,True,False,da_unavailable,False,False,,PENDING
da_unavailable,19,failure-da_unavailable-19,True,False,da_unavailable,False,False,,PENDING
da_unavailable,20,failure-da_unavailable-20,True,False,da_unavailable,False,False,,PENDING
da_unavailable,21,failure-da_unavailable-21,True,False,da_unavailable,False,False,,PENDING
da_unavailable,22,failure-da_unavailable-22,True,False,da_unavailable,False,False,,PENDING
da_unavailable,23,failure-da_unavailable-23,True,False,da_unavailable,False,False,,PENDING
da_unavailable,24,failure-da_unavailable-24,True,False,da_unavailable,False,False,,PENDING
da_unavailable,25,failure-da_unavailable-25,True,False,da_unavailable,False,False,,PENDING
da_unavailable,26,failure-da_unavailable-26,True,False,da_unavailable,False,False,,PENDING
da_unavailable,27,failure-da_unavailable-27,True,False,da_unavailable,False,False,,PENDING
da_unavailable,28,failure-da_unavailable-28,True,False,da_unavailable,False,False,,PENDING
da_unavailable,29,failure-da_unavailable-29,True,False,da_unavailable,False,False,,PENDING
da_unavailable,30,failure-da_unavailable-30,True,False,da_unavailable,False,False,,PENDING
da_unavailable,31,failure-da_unavailable-31,True,False,da_unavailable,False,False,,PENDING
da_unavailable,32,failure-da_unavailable-32,True,False,da_unavailable,False,False,,PENDING
da_unavailable,33,failure-da_unavailable-33,True,False,da_unavailable,False,False,,PENDING
da_unavailable,34,failure-da_unavailable-34,True,False,da_unavailable,False,False,,PENDING
da_unavailable,35,failure-da_unavailable-35,True,False,da_unavailable,False,False,,PENDING
da_unavailable,36,failure-da_unavailable-36,True,False,da_unavailable,False,False,,PENDING
da_unavailable,37,failure-da_unavailable-37,True,False,da_unavailable,False,False,,PENDING
da_unavailable,38,failure-da_unavailable-38,True,False,da_unavailable,False,False,,PENDING
da_unavailable,39,failure-da_unavailable-39,True,False,da_unavailable,False,False,,PENDING
da_unavailable,40,failure-da_unavailable-40,True,False,da_unavailable,False,False,,PENDING
da_unavailable,41,failure-da_unavailable-41,True,False,da_unavailable,False,False,,PENDING
da_unavailable,42,failure-da_unavailable-42,True,False,da_unavailable,False,False,,PENDING
da_unavailable,43,failure-da_unavailable-43,True,False,da_unavailable,False,False,,PENDING
da_unavailable,44,failure-da_unavailable-44,True,False,da_unavailable,False,False,,PENDING
da_unavailable,45,failure-da_unavailable-45,True,False,da_unavailable,False,False,,PENDING
da_unavailable,46,failure-da_unavailable-46,True,False,da_unavailable,False,False,,PENDING
da_unavailable,47,failure-da_unavailable-47,True,False,da_unavailable,False,False,,PENDING
da_unavailable,48,failure-da_unavailable-48,True,False,da_unavailable,False,False,,PENDING
da_unavailable,49,failure-da_unavailable-49,True,False,da_unavailable,False,False,,PENDING
da_unavailable,50,failure-da_unavailable-50,True,False,da_unavailable,False,False,,PENDING
da_unavailable,51,failure-da_unavailable-51,True,False,da_unavailable,False,False,,PENDING
da_unavailable,52,failure-da_unavailable-52,True,False,da_unavailable,False,False,,PENDING
da_unavailable,53,failure-da_unavailable-53,True,False,da_unavailable,False,False,,PENDING
da_unavailable,54,failure-da_unavailable-54,True,False,da_unavailable,False,False,,PENDING
da_unavailable,55,failure-da_unavailable-55,True,False,da_unavailable,False,False,,PENDING
da_unavailable,56,failure-da_unavailable-56,True,False,da_unavailable,False,False,,PENDING
da_unavailable,57,failure-da_unavailable-57,True,False,da_unavailable,False,False,,PENDING
da_unavailable,58,failure-da_unavailable-58,True,False,da_unavailable,False,False,,PENDING
da_unavailable,59,failure-da_unavailable-59,True,False,da_unavailable,False,False,,PENDING
da_unavailable,60,failure-da_unavailable-60,True,False,da_unavailable,False,False,,PENDING
da_unavailable,61,failure-da_unavailable-61,True,False,da_unavailable,False,False,,PENDING
da_unavailable,62,failure-da_unavailable-62,True,False,da_unavailable,False,False,,PENDING
da_unavailable,63,failure-da_unavailable-63,True,False,da_unavailable,False,False,,PENDING
da_unavailable,64,failure-da_unavailable-64,True,False,da_unavailable,False,False,,PENDING
da_unavailable,65,failure-da_unavailable-65,True,False,da_unavailable,False,False,,PENDING
da_unavailable,66,failure-da_unavailable-66,True,False,da_unavailable,False,False,,PENDING
da_unavailable,67,failure-da_unavailable-67,True,False,da_unavailable,False,False,,PENDING
da_unavailable,68,failure-da_unavailable-68,True,False,da_unavailable,False,False,,PENDING
da_unavailable,69,failure-da_unavailable-69,True,False,da_unavailable,False,False,,PENDING
da_unavailable,70,failure-da_unavailable-70,True,False,da_unavailable,False,False,,PENDING
da_unavailable,71,failure-da_unavailable-71,True,False,da_unavailable,False,False,,PENDING
da_unavailable,72,failure-da_unavailable-72,True,False,da_unavailable,False,False,,PENDING
da_unavailable,73,failure-da_unavailable-73,True,False,da_unavailable,False,False,,PENDING
da_unavailable,74,failure-da_unavailable-74,True,False,da_unavailable,False,False,,PENDING
da_unavailable,75,failure-da_unavailable-75,True,False,da_unavailable,False,False,,PENDING
da_unavailable,76,failure-da_unavailable-76,True,False,da_unavailable,False,False,,PENDING
da_unavailable,77,failure-da_unavailable-77,True,False,da_unavailable,False,False,,PENDING
da_unavailable,78,failure-da_unavailable-78,True,False,da_unavailable,False,False,,PENDING
da_unavailable,79,failure-da_unavailable-79,True,False,da_unavailable,False,False,,PENDING
da_unavailable,80,failure-da_unavailable-80,True,False,da_unavailable,False,False,,PENDING
da_unavailable,81,failure-da_unavailable-81,True,False,da_unavailable,False,False,,PENDING
da_unavailable,82,failure-da_unavailable-82,True,False,da_unavailable,False,False,,PENDING
da_unavailable,83,failure-da_unavailable-83,True,False,da_unavailable,False,False,,PENDING
da_unavailable,84,failure-da_unavailable-84,True,False,da_unavailable,False,False,,PENDING
da_unavailable,85,failure-da_unavailable-85,True,False,da_unavailable,False,False,,PENDING
da_unavailable,86,failure-da_unavailable-86,True,False,da_unavailable,False,False,,PENDING
da_unavailable,87,failure-da_unavailable-87,True,False,da_unavailable,False,False,,PENDING
da_unavailable,88,failure-da_unavailable-88,True,False,da_unavailable,False,False,,PENDING
da_unavailable,89,failure-da_unavailable-89,True,False,da_unavailable,False,False,,PENDING
da_unavailable,90,failure-da_unavailable-90,True,False,da_unavailable,False,False,,PENDING
da_unavailable,91,failure-da_unavailable-91,True,False,da_unavailable,False,False,,PENDING
da_unavailable,92,failure-da_unavailable-92,True,False,da_unavailable,False,False,,PENDING
da_unavailable,93,failure-da_unavailable-93,True,False,da_unavailable,False,False,,PENDING
da_unavailable,94,failure-da_unavailable-94,True,False,da_unavailable,False,False,,PENDING
da_unavailable,95,failure-da_unavailable-95,True,False,da_unavailable,False,False,,PENDING
da_unavailable,96,failure-da_unavailable-96,True,False,da_unavailable,False,False,,PENDING
da_unavailable,97,failure-da_unavailable-97,True,False,da_unavailable,False,False,,PENDING
da_unavailable,98,failure-da_unavailable-98,True,False,da_unavailable,False,False,,PENDING
da_unavailable,99,failure-da_unavailable-99,True,False,da_unavailable,False,False,,PENDING
da_unavailable,100,failure-da_unavailable-100,True,False,da_unavailable,False,False,,PENDING
da_proof_invalid,1,failure-da_proof_invalid-1,True,False,da_proof_invalid,False,False,,PENDING
da_proof_invalid,2,failure-da_proof_invalid-2,True,False,da_proof_invalid,False,False,,PENDING
da_proof_invalid,3,failure-da_proof_invalid-3,True,False,da_proof_invalid,False,False,,PENDING
da_proof_invalid,4,failure-da_proof_invalid-4,True,False,da_proof_invalid,False,False,,PENDING
da_proof_invalid,5,failure-da_proof_invalid-5,True,False,da_proof_invalid,False,False,,PENDING
da_proof_invalid,6,failure-da_proof_invalid-6,True,False,da_proof_invalid,False,False,,PENDING
da_proof_invalid,7,failure-da_proof_invalid-7,True,False,da_proof_invalid,False,False,,PENDING
da_proof_invalid,8,failure-da_proof_invalid-8,True,False,da_proof_invalid,False,False,,PENDING
da_proof_invalid,9,failure-da_proof_invalid-9,True,False,da_proof_invalid,False,False,,PENDING
da_proof_invalid,10,failure-da_proof_invalid-10,True,False,da_proof_invalid,False,False,,PENDING
da_proof_invalid,11,failure-da_proof_invalid-11,True,False,da_proof_invalid,False,False,,PENDING
da_proof_invalid,12,failure-da_proof_invalid-12,True,False,da_proof_invalid,False,False,,PENDING
da_proof_invalid,13,failure-da_proof_invalid-13,True,False,da_proof_invalid,False,False,,PENDING
da_proof_invalid,14,failure-da_proof_invalid-14,True,False,da_proof_invalid,False,False,,PENDING
da_proof_invalid,15,failure-da_proof_invalid-15,True,False,da_proof_invalid,False,False,,PENDING
da_proof_invalid,16,failure-da_proof_invalid-16,True,False,da_proof_invalid,False,False,,PENDING
da_proof_invalid,17,failure-da_proof_invalid-17,True,False,da_proof_invalid,False,False,,PENDING
da_proof_invalid,18,failure-da_proof_invalid-18,True,False,da_proof_invalid,False,False,,PENDING
da_proof_invalid,19,failure-da_proof_invalid-19,True,False,da_proof_invalid,False,False,,PENDING
da_proof_invalid,20,failure-da_proof_invalid-20,True,False,da_proof_invalid,False,False,,PENDING
da_proof_invalid,21,failure-da_proof_invalid-21,True,False,da_proof_invalid,False,False,,PENDING
da_proof_invalid,22,failure-da_proof_invalid-22,True,False,da_proof_invalid,False,False,,PENDING
da_proof_invalid,23,failure-da_proof_invalid-23,True,False,da_proof_invalid,False,False,,PENDING
da_proof_invalid,24,failure-da_proof_invalid-24,True,False,da_proof_invalid,False,False,,PENDING
da_proof_invalid,25,failure-da_proof_invalid-25,True,False,da_proof_invalid,False,False,,PENDING
da_proof_invalid,26,failure-da_proof_invalid-26,True,False,da_proof_invalid,False,False,,PENDING
da_proof_invalid,27,failure-da_proof_invalid-27,True,False,da_proof_invalid,False,False,,PENDING
da_proof_invalid,28,failure-da_proof_invalid-28,True,False,da_proof_invalid,False,False,,PENDING
da_proof_invalid,29,failure-da_proof_invalid-29,True,False,da_proof_invalid,False,False,,PENDING
da_proof_invalid,30,failure-da_proof_invalid-30,True,False,da_proof_invalid,False,False,,PENDING
da_proof_invalid,31,failure-da_proof_invalid-31,True,False,da_proof_invalid,False,False,,PENDING
da_proof_invalid,32,failure-da_proof_invalid-32,True,False,da_proof_invalid,False,False,,PENDING
da_proof_invalid,33,failure-da_proof_invalid-33,True,False,da_proof_invalid,False,False,,PENDING
da_proof_invalid,34,failure-da_proof_invalid-34,True,False,da_proof_invalid,False,False,,PENDING
da_proof_invalid,35,failure-da_proof_invalid-35,True,False,da_proof_invalid,False,False,,PENDING
da_proof_invalid,36,failure-da_proof_invalid-36,True,False,da_proof_invalid,False,False,,PENDING
da_proof_invalid,37,failure-da_proof_invalid-37,True,False,da_proof_invalid,False,False,,PENDING
da_proof_invalid,38,failure-da_proof_invalid-38,True,False,da_proof_invalid,False,False,,PENDING
da_proof_invalid,39,failure-da_proof_invalid-39,True,False,da_proof_invalid,False,False,,PENDING
da_proof_invalid,40,failure-da_proof_invalid-40,True,False,da_proof_invalid,False,False,,PENDING
da_proof_invalid,41,failure-da_proof_invalid-41,True,False,da_proof_invalid,False,False,,PENDING
da_proof_invalid,42,failure-da_proof_invalid-42,True,False,da_proof_invalid,False,False,,PENDING
da_proof_invalid,43,failure-da_proof_invalid-43,True,False,da_proof_invalid,False,False,,PENDING
da_proof_invalid,44,failure-da_proof_invalid-44,True,False,da_proof_invalid,False,False,,PENDING
da_proof_invalid,45,failure-da_proof_invalid-45,True,False,da_proof_invalid,False,False,,PENDING
da_proof_invalid,46,failure-da_proof_invalid-46,True,False,da_proof_invalid,False,False,,PENDING
da_proof_invalid,47,failure-da_proof_invalid-47,True,False,da_proof_invalid,False,False,,PENDING
da_proof_invalid,48,failure-da_proof_invalid-48,True,False,da_proof_invalid,False,False,,PENDING
da_proof_invalid,49,failure-da_proof_invalid-49,True,False,da_proof_invalid,False,False,,PENDING
da_proof_invalid,50,failure-da_proof_invalid-50,True,False,da_proof_invalid,False,False,,PENDING
da_proof_invalid,51,failure-da_proof_invalid-51,True,False,da_proof_invalid,False,False,,PENDING
da_proof_invalid,52,failure-da_proof_invalid-52,True,False,da_proof_invalid,False,False,,PENDING
da_proof_invalid,53,failure-da_proof_invalid-53,True,False,da_proof_invalid,False,False,,PENDING
da_proof_invalid,54,failure-da_proof_invalid-54,True,False,da_proof_invalid,False,False,,PENDING
da_proof_invalid,55,failure-da_proof_invalid-55,True,False,da_proof_invalid,False,False,,PENDING
da_proof_invalid,56,failure-da_proof_invalid-56,True,False,da_proof_invalid,False,False,,PENDING
da_proof_invalid,57,failure-da_proof_invalid-57,True,False,da_proof_invalid,False,False,,PENDING
da_proof_invalid,58,failure-da_proof_invalid-58,True,False,da_proof_invalid,False,False,,PENDING
da_proof_invalid,59,failure-da_proof_invalid-59,True,False,da_proof_invalid,False,False,,PENDING
da_proof_invalid,60,failure-da_proof_invalid-60,True,False,da_proof_invalid,False,False,,PENDING
da_proof_invalid,61,failure-da_proof_invalid-61,True,False,da_proof_invalid,False,False,,PENDING
da_proof_invalid,62,failure-da_proof_invalid-62,True,False,da_proof_invalid,False,False,,PENDING
da_proof_invalid,63,failure-da_proof_invalid-63,True,False,da_proof_invalid,False,False,,PENDING
da_proof_invalid,64,failure-da_proof_invalid-64,True,False,da_proof_invalid,False,False,,PENDING
da_proof_invalid,65,failure-da_proof_invalid-65,True,False,da_proof_invalid,False,False,,PENDING
da_proof_invalid,66,failure-da_proof_invalid-66,True,False,da_proof_invalid,False,False,,PENDING
da_proof_invalid,67,failure-da_proof_invalid-67,True,False,da_proof_invalid,False,False,,PENDING
da_proof_invalid,68,failure-da_proof_invalid-68,True,False,da_proof_invalid,False,False,,PENDING
da_proof_invalid,69,failure-da_proof_invalid-69,True,False,da_proof_invalid,False,False,,PENDING
da_proof_invalid,70,failure-da_proof_invalid-70,True,False,da_proof_invalid,False,False,,PENDING
da_proof_invalid,71,failure-da_proof_invalid-71,True,False,da_proof_invalid,False,False,,PENDING
da_proof_invalid,72,failure-da_proof_invalid-72,True,False,da_proof_invalid,False,False,,PENDING
da_proof_invalid,73,failure-da_proof_invalid-73,True,False,da_proof_invalid,False,False,,PENDING
da_proof_invalid,74,failure-da_proof_invalid-74,True,False,da_proof_invalid,False,False,,PENDING
da_proof_invalid,75,failure-da_proof_invalid-75,True,False,da_proof_invalid,False,False,,PENDING
da_proof_invalid,76,failure-da_proof_invalid-76,True,False,da_proof_invalid,False,False,,PENDING
da_proof_invalid,77,failure-da_proof_invalid-77,True,False,da_proof_invalid,False,False,,PENDING
da_proof_invalid,78,failure-da_proof_invalid-78,True,False,da_proof_invalid,False,False,,PENDING
da_proof_invalid,79,failure-da_proof_invalid-79,True,False,da_proof_invalid,False,False,,PENDING
da_proof_invalid,80,failure-da_proof_invalid-80,True,False,da_proof_invalid,False,False,,PENDING
da_proof_invalid,81,failure-da_proof_invalid-81,True,False,da_proof_invalid,False,False,,PENDING
da_proof_invalid,82,failure-da_proof_invalid-82,True,False,da_proof_invalid,False,False,,PENDING
da_proof_invalid,83,failure-da_proof_invalid-83,True,False,da_proof_invalid,False,False,,PENDING
da_proof_invalid,84,failure-da_proof_invalid-84,True,False,da_proof_invalid,False,False,,PENDING
da_proof_invalid,85,failure-da_proof_invalid-85,True,False,da_proof_invalid,False,False,,PENDING
da_proof_invalid,86,failure-da_proof_invalid-86,True,False,da_proof_invalid,False,False,,PENDING
da_proof_invalid,87,failure-da_proof_invalid-87,True,False,da_proof_invalid,False,False,,PENDING
da_proof_invalid,88,failure-da_proof_invalid-88,True,False,da_proof_invalid,False,False,,PENDING
da_proof_invalid,89,failure-da_proof_invalid-89,True,False,da_proof_invalid,False,False,,PENDING
da_proof_invalid,90,failure-da_proof_invalid-90,True,False,da_proof_invalid,False,False,,PENDING
da_proof_invalid,91,failure-da_proof_invalid-91,True,False,da_proof_invalid,False,False,,PENDING
da_proof_invalid,92,failure-da_proof_invalid-92,True,False,da_proof_invalid,False,False,,PENDING
da_proof_invalid,93,failure-da_proof_invalid-93,True,False,da_proof_invalid,False,False,,PENDING
da_proof_invalid,94,failure-da_proof_invalid-94,True,False,da_proof_invalid,False,False,,PENDING
da_proof_invalid,95,failure-da_proof_invalid-95,True,False,da_proof_invalid,False,False,,PENDING
da_proof_invalid,96,failure-da_proof_invalid-96,True,False,da_proof_invalid,False,False,,PENDING
da_proof_invalid,97,failure-da_proof_invalid-97,True,False,da_proof_invalid,False,False,,PENDING
da_proof_invalid,98,failure-da_proof_invalid-98,True,False,da_proof_invalid,False,False,,PENDING
da_proof_invalid,99,failure-da_proof_invalid-99,True,False,da_proof_invalid,False,False,,PENDING
da_proof_invalid,100,failure-da_proof_invalid-100,True,False,da_proof_invalid,False,False,,PENDING
